delete from BD_USERDEFRULE where PK_USERDEFRULE='1001A11LCP00001IGUWX' 
/

delete from BD_USERDEFRULEREF where PK_USERDEFRULEREF='1001A11LCP00001IGUWY' 
/

delete from PUB_PAGE_TEMPLET where PK_PAGE_TEMPLET='1001A11LCP00001IGUTA' 
/

delete from PUB_AREA where PK_AREA='1001A11LCP00001IGUTB' 
/

delete from PUB_AREA where PK_AREA='1001A11LCP00001IGUTC' 
/

delete from PUB_QUERY_PROPERTY where PK_QUERY_PROPERTY='1001A11LCP00001IGUTD' 
/

delete from PUB_QUERY_PROPERTY where PK_QUERY_PROPERTY='1001A11LCP00001IGUTE' 
/

delete from PUB_QUERY_PROPERTY where PK_QUERY_PROPERTY='1001A11LCP00001IGUTF' 
/

delete from PUB_QUERY_PROPERTY where PK_QUERY_PROPERTY='1001A11LCP00001IGUTG' 
/

delete from PUB_QUERY_PROPERTY where PK_QUERY_PROPERTY='1001A11LCP00001IGUTH' 
/

delete from PUB_QUERY_PROPERTY where PK_QUERY_PROPERTY='1001A11LCP00001IGUTI' 
/

delete from PUB_QUERY_PROPERTY where PK_QUERY_PROPERTY='1001A11LCP00001IGUTJ' 
/

delete from PUB_QUERY_PROPERTY where PK_QUERY_PROPERTY='1001A11LCP00001IGUTK' 
/

delete from PUB_QUERY_PROPERTY where PK_QUERY_PROPERTY='1001A11LCP00001IGUTL' 
/

delete from PUB_QUERY_PROPERTY where PK_QUERY_PROPERTY='1001A11LCP00001IGUTM' 
/

delete from PUB_QUERY_PROPERTY where PK_QUERY_PROPERTY='1001A11LCP00001IGUTN' 
/

delete from PUB_QUERY_PROPERTY where PK_QUERY_PROPERTY='1001A11LCP00001IGUTO' 
/

delete from PUB_QUERY_PROPERTY where PK_QUERY_PROPERTY='1001A11LCP00001IGUTP' 
/

delete from PUB_QUERY_PROPERTY where PK_QUERY_PROPERTY='1001A11LCP00001IGUTQ' 
/

delete from PUB_QUERY_PROPERTY where PK_QUERY_PROPERTY='1001A11LCP00001IGUTR' 
/

delete from PUB_QUERY_PROPERTY where PK_QUERY_PROPERTY='1001A11LCP00001IGUTS' 
/

delete from PUB_QUERY_PROPERTY where PK_QUERY_PROPERTY='1001A11LCP00001IGUTT' 
/

delete from PUB_QUERY_PROPERTY where PK_QUERY_PROPERTY='1001A11LCP00001IGUTU' 
/

delete from PUB_QUERY_PROPERTY where PK_QUERY_PROPERTY='1001A11LCP00001IGUTV' 
/

delete from PUB_QUERY_PROPERTY where PK_QUERY_PROPERTY='1001A11LCP00001IGUTW' 
/

delete from PUB_QUERY_PROPERTY where PK_QUERY_PROPERTY='1001A11LCP00001IGUTX' 
/

delete from PUB_QUERY_PROPERTY where PK_QUERY_PROPERTY='1001A11LCP00001IGUTY' 
/

delete from PUB_QUERY_PROPERTY where PK_QUERY_PROPERTY='1001A11LCP00001IGUTZ' 
/

delete from PUB_QUERY_PROPERTY where PK_QUERY_PROPERTY='1001A11LCP00001IGUU0' 
/

delete from PUB_QUERY_PROPERTY where PK_QUERY_PROPERTY='1001A11LCP00001IGUU1' 
/

delete from PUB_QUERY_PROPERTY where PK_QUERY_PROPERTY='1001A11LCP00001IGUU2' 
/

delete from PUB_QUERY_PROPERTY where PK_QUERY_PROPERTY='1001A11LCP00001IGUU3' 
/

delete from PUB_QUERY_PROPERTY where PK_QUERY_PROPERTY='1001A11LCP00001IGUU4' 
/

delete from PUB_FORM_PROPERTY where PK_FORM_PROPERTY='1001A11LCP00001IGUU5' 
/

delete from PUB_FORM_PROPERTY where PK_FORM_PROPERTY='1001A11LCP00001IGUU6' 
/

delete from PUB_FORM_PROPERTY where PK_FORM_PROPERTY='1001A11LCP00001IGUU7' 
/

delete from PUB_FORM_PROPERTY where PK_FORM_PROPERTY='1001A11LCP00001IGUU8' 
/

delete from PUB_FORM_PROPERTY where PK_FORM_PROPERTY='1001A11LCP00001IGUU9' 
/

delete from PUB_FORM_PROPERTY where PK_FORM_PROPERTY='1001A11LCP00001IGUUA' 
/

delete from PUB_FORM_PROPERTY where PK_FORM_PROPERTY='1001A11LCP00001IGUUB' 
/

delete from PUB_FORM_PROPERTY where PK_FORM_PROPERTY='1001A11LCP00001IGUUC' 
/

delete from PUB_FORM_PROPERTY where PK_FORM_PROPERTY='1001A11LCP00001IGUUD' 
/

delete from PUB_FORM_PROPERTY where PK_FORM_PROPERTY='1001A11LCP00001IGUUE' 
/

delete from PUB_FORM_PROPERTY where PK_FORM_PROPERTY='1001A11LCP00001IGUUF' 
/

delete from PUB_FORM_PROPERTY where PK_FORM_PROPERTY='1001A11LCP00001IGUUG' 
/

delete from PUB_FORM_PROPERTY where PK_FORM_PROPERTY='1001A11LCP00001IGUUH' 
/

delete from PUB_FORM_PROPERTY where PK_FORM_PROPERTY='1001A11LCP00001IGUUI' 
/

delete from PUB_FORM_PROPERTY where PK_FORM_PROPERTY='1001A11LCP00001IGUUJ' 
/

delete from PUB_FORM_PROPERTY where PK_FORM_PROPERTY='1001A11LCP00001IGUUK' 
/

delete from PUB_FORM_PROPERTY where PK_FORM_PROPERTY='1001A11LCP00001IGUUL' 
/

delete from PUB_FORM_PROPERTY where PK_FORM_PROPERTY='1001A11LCP00001IGUUM' 
/

delete from PUB_FORM_PROPERTY where PK_FORM_PROPERTY='1001A11LCP00001IGUUN' 
/

delete from PUB_FORM_PROPERTY where PK_FORM_PROPERTY='1001A11LCP00001IGUUO' 
/

delete from PUB_FORM_PROPERTY where PK_FORM_PROPERTY='1001A11LCP00001IGUUP' 
/

delete from PUB_FORM_PROPERTY where PK_FORM_PROPERTY='1001A11LCP00001IGUUQ' 
/

delete from PUB_FORM_PROPERTY where PK_FORM_PROPERTY='1001A11LCP00001IGUUR' 
/

delete from PUB_FORM_PROPERTY where PK_FORM_PROPERTY='1001A11LCP00001IGUUS' 
/

delete from PUB_FORM_PROPERTY where PK_FORM_PROPERTY='1001A11LCP00001IGUUT' 
/

delete from PUB_FORM_PROPERTY where PK_FORM_PROPERTY='1001A11LCP00001IGUUU' 
/

delete from PUB_FORM_PROPERTY where PK_FORM_PROPERTY='1001A11LCP00001IGUUV' 
/

delete from PUB_FORM_PROPERTY where PK_FORM_PROPERTY='1001A11LCP00001IGUUW' 
/

delete from PUB_FORM_PROPERTY where PK_FORM_PROPERTY='1001A11LCP00001IGUUX' 
/

delete from PUB_PRINT_TEMPLATE where CTEMPLATEID='1001A11LCP00001IGUUY' 
/

delete from PUB_PRINT_TEMPLATE where CTEMPLATEID='1001A11LCP00001IGUUZ' 
/

delete from PUB_PRINT_CELL where CCELLID='1001A11LCP00001IGUV0' 
/

delete from PUB_PRINT_CELL where CCELLID='1001A11LCP00001IGUV1' 
/

delete from PUB_PRINT_CELL where CCELLID='1001A11LCP00001IGUV2' 
/

delete from PUB_PRINT_CELL where CCELLID='1001A11LCP00001IGUV3' 
/

delete from PUB_PRINT_CELL where CCELLID='1001A11LCP00001IGUV4' 
/

delete from PUB_PRINT_CELL where CCELLID='1001A11LCP00001IGUV5' 
/

delete from PUB_PRINT_CELL where CCELLID='1001A11LCP00001IGUV6' 
/

delete from PUB_PRINT_CELL where CCELLID='1001A11LCP00001IGUV7' 
/

delete from PUB_PRINT_CELL where CCELLID='1001A11LCP00001IGUV8' 
/

delete from PUB_PRINT_CELL where CCELLID='1001A11LCP00001IGUV9' 
/

delete from PUB_PRINT_CELL where CCELLID='1001A11LCP00001IGUVA' 
/

delete from PUB_PRINT_CELL where CCELLID='1001A11LCP00001IGUVB' 
/

delete from PUB_PRINT_CELL where CCELLID='1001A11LCP00001IGUVC' 
/

delete from PUB_PRINT_CELL where CCELLID='1001A11LCP00001IGUVD' 
/

delete from PUB_PRINT_CELL where CCELLID='1001A11LCP00001IGUVE' 
/

delete from PUB_PRINT_CELL where CCELLID='1001A11LCP00001IGUVF' 
/

delete from PUB_PRINT_CELL where CCELLID='1001A11LCP00001IGUVG' 
/

delete from PUB_PRINT_CELL where CCELLID='1001A11LCP00001IGUVH' 
/

delete from PUB_PRINT_CELL where CCELLID='1001A11LCP00001IGUVI' 
/

delete from PUB_PRINT_CELL where CCELLID='1001A11LCP00001IGUVJ' 
/

delete from PUB_PRINT_CELL where CCELLID='1001A11LCP00001IGUVK' 
/

delete from PUB_PRINT_CELL where CCELLID='1001A11LCP00001IGUVL' 
/

delete from PUB_PRINT_CELL where CCELLID='1001A11LCP00001IGUVM' 
/

delete from PUB_PRINT_CELL where CCELLID='1001A11LCP00001IGUVN' 
/

delete from PUB_PRINT_CELL where CCELLID='1001A11LCP00001IGUVO' 
/

delete from PUB_PRINT_CELL where CCELLID='1001A11LCP00001IGUVP' 
/

delete from PUB_PRINT_CELL where CCELLID='1001A11LCP00001IGUVQ' 
/

delete from PUB_PRINT_CELL where CCELLID='1001A11LCP00001IGUVR' 
/

delete from PUB_PRINT_CELL where CCELLID='1001A11LCP00001IGUVS' 
/

delete from PUB_PRINT_CELL where CCELLID='1001A11LCP00001IGUVT' 
/

delete from PUB_PRINT_CELL where CCELLID='1001A11LCP00001IGUVU' 
/

delete from PUB_PRINT_CELL where CCELLID='1001A11LCP00001IGUVV' 
/

delete from PUB_PRINT_CELL where CCELLID='1001A11LCP00001IGUVW' 
/

delete from PUB_PRINT_CELL where CCELLID='1001A11LCP00001IGUVX' 
/

delete from PUB_PRINT_CELL where CCELLID='1001A11LCP00001IGUVY' 
/

delete from PUB_PRINT_CELL where CCELLID='1001A11LCP00001IGUVZ' 
/

delete from PUB_PRINT_CELL where CCELLID='1001A11LCP00001IGUW0' 
/

delete from PUB_PRINT_CELL where CCELLID='1001A11LCP00001IGUW1' 
/

delete from PUB_PRINT_CELL where CCELLID='1001A11LCP00001IGUW2' 
/

delete from PUB_PRINT_CELL where CCELLID='1001A11LCP00001IGUW3' 
/

delete from PUB_PRINT_CELL where CCELLID='1001A11LCP00001IGUW4' 
/

delete from PUB_PRINT_CELL where CCELLID='1001A11LCP00001IGUW5' 
/

delete from PUB_PRINT_CELL where CCELLID='1001A11LCP00001IGUW6' 
/

delete from PUB_PRINT_CELL where CCELLID='1001A11LCP00001IGUW7' 
/

delete from PUB_PRINT_CELL where CCELLID='1001A11LCP00001IGUW8' 
/

delete from PUB_PRINT_CELL where CCELLID='1001A11LCP00001IGUW9' 
/

delete from PUB_PRINT_CELL where CCELLID='1001A11LCP00001IGUWA' 
/

delete from PUB_PRINT_CELL where CCELLID='1001A11LCP00001IGUWB' 
/

delete from PUB_PRINT_CELL where CCELLID='1001A11LCP00001IGUWC' 
/

delete from PUB_PRINT_CELL where CCELLID='1001A11LCP00001IGUWD' 
/

delete from PUB_PRINT_CELL where CCELLID='1001A11LCP00001IGUWE' 
/

delete from PUB_PRINT_CELL where CCELLID='1001A11LCP00001IGUWF' 
/

delete from PUB_PRINT_CELL where CCELLID='1001A11LCP00001IGUWG' 
/

delete from PUB_PRINT_CELL where CCELLID='1001A11LCP00001IGUWH' 
/

delete from PUB_PRINT_CELL where CCELLID='1001A11LCP00001IGUWI' 
/

delete from PUB_PRINT_CELL where CCELLID='1001A11LCP00001IGUWJ' 
/

delete from SM_APPREGISTER where PK_APPREGISTER='1001A1100000001IFO73' 
/

delete from SM_APPPAGE where PK_APPPAGE='1001A11LCP00001IGUT9' 
/

delete from SM_APPBUTNREGISTER where PK_BTN='1001A11LCP00001IGUWZ' 
/

delete from SM_APPBUTNREGISTER where PK_BTN='1001A11LCP00001IGUX0' 
/

delete from SM_APPBUTNREGISTER where PK_BTN='1001A11LCP00001IGUX1' 
/

delete from SM_APPBUTNREGISTER where PK_BTN='1001A11LCP00001IGUX2' 
/

delete from SM_APPBUTNREGISTER where PK_BTN='1001A11LCP00001IGUX3' 
/

delete from SM_APPBUTNREGISTER where PK_BTN='1001A11LCP00001IGUX4' 
/

delete from SM_APPBUTNREGISTER where PK_BTN='1001A11LCP00001IGUX5' 
/

delete from SM_APPBUTNREGISTER where PK_BTN='1001A11LCP00001IGUX6' 
/

delete from SM_APPBUTNREGISTER where PK_BTN='1001A11LCP00001IGUX7' 
/

delete from SM_APPBUTNREGISTER where PK_BTN='1001A11LCP00001IGUX8' 
/

delete from SM_APPBUTNREGISTER where PK_BTN='1001A11LCP00001IGUX9' 
/

delete from SM_APPBUTNREGISTER where PK_BTN='1001A11LCP00001IGUXA' 
/

delete from SM_APPBUTNREGISTER where PK_BTN='1001A11LCP00001IGUXB' 
/

delete from SM_APPBUTNREGISTER where PK_BTN='1001A11LCP00001IGUXC' 
/

delete from SM_APPBUTNREGISTER where PK_BTN='1001A11LCP00001IGUXD' 
/

delete from SM_APPBUTNREGISTER where PK_BTN='1001A11LCP00001IGUXE' 
/

delete from SM_APPBUTNREGISTER where PK_BTN='1001A11LCP00001IGUXF' 
/

delete from SM_APPBUTNREGISTER where PK_BTN='1001A11LCP00001IGUXG' 
/

delete from SM_APPBUTNREGISTER where PK_BTN='1001A11LCP00001IGUXH' 
/

delete from SM_APPBUTNREGISTER where PK_BTN='1001A11LCP00001IGUXI' 
/

delete from SM_APPBUTNREGISTER where PK_BTN='1001A11LCP00001IGUXJ' 
/

delete from SM_APPBUTNREGISTER where PK_BTN='1001A11LCP00001IGUXK' 
/

delete from SM_APPBUTNREGISTER where PK_BTN='1001A11LCP00001IGUXM' 
/

delete from SM_APPBUTNREGISTER where PK_BTN='1001A11LCP00001IGUXN' 
/

delete from SM_APPBUTNREGISTER where PK_BTN='1001A11LCP00001IGUXO' 
/

delete from SM_APPBUTNREGISTER where PK_BTN='1001A11LCP00001IGUXQ' 
/

delete from SM_APPBUTNREGISTER where PK_BTN='1001A11LCP00001IGUXR' 
/

delete from SM_APPBUTNREGISTER where PK_BTN='1001A11LCP00001IGUXS' 
/

delete from SM_APPBUTNREGISTER where PK_BTN='1001A11LCP00001IGUXT' 
/

delete from SM_APPMENUITEM where PK_MENUITEM='1001A1100000001IFO74' 
/

delete from EXCEL_BILLPROCESS where PK_PROCESS='1001A11LCP00001IGUWN' 
/

delete from EXCEL_OUTPUTPROCESS where PK_PROCESS='1001A11LCP00001IGUWM' 
/

delete from EXCEL_TRANSLATOR where PK_TRANSLATOR='1001A11LCP00001IGUWO' 
/

delete from PUB_SYSTEMPLATE_BASE where PK_SYSTEMPLATE='1001A11LCP00001IGUWK' 
/

delete from PUB_SYSTEMPLATE_BASE where PK_SYSTEMPLATE='1001A11LCP00001IGUWL' 
/

delete from OPM_APIMANAGER where PK_API='1001A11LCP00001IGUWR' 
/

delete from OPM_APIMANAGER where PK_API='1001A11LCP00001IGUWS' 
/

delete from OPM_APIMANAGER where PK_API='1001A11LCP00001IGUWT' 
/

delete from OPM_APIMANAGER where PK_API='1001A11LCP00001IGUWU' 
/

delete from BD_REFINFO where PK_REFINFO='1001A11LCP00001IGUWP' 
/

delete from BD_REFINFO where PK_REFINFO='1001A11LCP00001IGUXU' 
/

delete from XX_BUSIPRODEF where PK_BUSIPRODEF='1001A11LCP00001IGUWV' 
/

delete from XI_BILLDEFINE where PK_BILLDEFINE='1001A11LCP00001IGUWW' 
/

insert into SM_APPMENUITEM ( PK_MENUITEM,MENUITEMCODE,MENUITEMNAME,MENUDES,APPCODE,APPID,PK_MENU,PARENTCODE,RESID,PK_GROUP,IMAGE_SRC,APP_IMAGE,IS_CLOUD_APP,FLOOR,MENUORDER,DR,TS ) values  ( '1001A1100000001IFO74','40048001','大区-陈金明',null,'4004800H1','1001A1100000001IFO73','1004Z510000000000FFL','400480',null,null,null,null,null,null,null,0,'2023-08-30 13:04:29' ) 
/

insert into SM_APPREGISTER ( PK_APPREGISTER,CODE,NAME,OWN_MODULE,MOUNTID,WIDTH,HEIGHT,TARGET_PATH,APPTYPE,IMAGE_SRC,USELICENSE_LOAD,ORGTYPECODE,FUNTYPE,PARENT_ID,ISENABLE,PK_GROUP,APP_DESC,SCOPEID,HELP_NAME,ISCAUSERUSABLE,MDID,SOURCE_APP_CODE,RESID,FUN_PROPERTY,ISCOPYPAGE,PAGERESFILE,CREATOR,CREATIONTIME,MODIFIER,MODIFIEDTIME,FASTLAUNCHPARAM,FASTLAUNCHURL,FASTLAUNCHPAGECODE,DR,TS ) values  ( '1001A1100000001IFO73','4004800H1','大区-陈金明','4004',null,1,1,null,1,'default','Y','GROUPORGTYPE00000000',0,'1001A1100000001IFNVH','Y',null,null,null,null,'N','022592a0-da5e-42b2-b9bc-d9ed490c18d2','4004800H1',null,0,'N',null,'1001A1100000001IFNUD','2023-08-30 10:46:32','1001A1100000001IFNUD','2023-08-30 13:04:29',null,null,null,0,'2023-08-30 13:04:29' ) 
/

insert into SM_APPPAGE ( STYLETYPE,MOBPAGERESFILE,ISNEWPAGE,TRANSFERSIGN,PK_APPPAGE,PAGECODE,PAGENAME,PAGEDESC,PAGEURL,PARENT_ID,PARENTCODE,RESID,ISDEFAULT,ISCARDDEFAULT,CREATOR,CREATIONTIME,MODIFIER,MODIFIEDTIME,PAGEJSURL,PAGERESFILE,DR,TS ) values  ( null,null,null,null,'1001A11LCP00001IIKPS','4004800H1_region_CjmMaster','大区-陈金明',null,'/nccloud/resources/pu/region_cjm/region_cjmmaster/main/index.html','1001A1100000001IFO73','4004800H1',null,'Y',null,null,null,null,null,null,null,0,'2023-08-30 13:04:29' ) 
/

insert into PUB_PAGE_TEMPLET ( PK_PAGE_TEMPLET,CODE,NAME,RESID,CREATOR,CREATIONTIME,MODIFIER,MODIFIEDTIME,TEMPLETDESC,ISDEFAULT,PARENTID,PAGECODE,CLAZZ,METAID,HEADCODE,APPCODE,APPID,RESMODULE,PK_GROUP,PK_ORG,LAYOUT,PAGESTYLE,DR,TS ) values  ( '1001A11LCP00001IIKPT','4004800H1_region_CjmMaster','大区-陈金明',null,null,null,null,null,null,'Y','root','4004800H1_region_CjmMaster','nc.vo.pu.region_cjm.Region_CjmMasterVO','022592a0-da5e-42b2-b9bc-d9ed490c18d2','region_CjmMasterForm','4004800H1',null,null,null,null,null,null,0,'2023-08-30 13:04:29' ) 
/

insert into PUB_FORM_PROPERTY ( RESID,POSITION,COLOR,DATATYPE,DATAVAL,SHOWFORMULA,EDITFORMULA,VALIDATEFORMULA,DEFAULTVAR,RELATEMETA,DEFINE1,DEFINE2,DEFINE3,ISMULTISELECTEDENABLED,METADATAPROPERTY,ITEMTYPE,REFNAME,METAID,ISCODE,COLNUM,DEFAULTVALUE,ISDEFINED,CLASSID,PROID,HYPERLINKFLAG,ONLYLEAFCANSELECT,MOBILETITLE,ISLOCK,ISRESLABEL,SHOWDATAVAL,PK_FORM_PROPERTY,AREAID,LABEL,CODE,METAPATH,WIDTH,REFCODE,ISNEXTROW,ISREVISE,ISTOTAL,REQUIRED,DISABLED,VISIBLE,MAXLENGTH,TEXTROWS,CREATOR,MODIFIER,CREATIONTIME,MODIFIEDTIME,SHOWFOCUS,ISSYNCSIDE,ISSYNCFOLD,ISSYNCLIST,ISDATAPOWERENABLE,ISCONVERTTIMEZONES,REFCONDITION,ISGROUPPOWER,EDITDISABLED,TABSKIP,ALIGNMENT,FROZEN,SHOWASRANGE,ANOTHERLINE,COLUMNNUM,ICONTYPE,COREINDEX,ISCOREDATA,ISHIGHLIGHT,ISBOLD,CONTENTCOLOR,REFENTER,MULTIPLELINES,DR,TS ) values  ( null,0,null,204,'0001Z010000000000ZKS,code=N',null,null,null,null,null,null,null,null,'N','uap.group.name','refer','集团','3b6dd171-2900-47f3-bfbe-41e4483a2a65',null,null,null,'N','022592a0-da5e-42b2-b9bc-d9ed490c18d2','45340f13-d54f-44a9-bca2-f8490368bbe1',null,null,null,null,null,null,'1001A11LCP00001IIKPW','1001A11LCP00001IIKPU','集团','pk_group','pk_group',120,'uap/refer/riart/groupTreeRef/index',null,null,null,'N','N','N',20,null,null,null,null,null,null,null,null,null,null,null,null,null,null,null,null,null,null,null,null,null,null,null,null,null,null,null,null,0,null ) 
/

insert into PUB_FORM_PROPERTY ( RESID,POSITION,COLOR,DATATYPE,DATAVAL,SHOWFORMULA,EDITFORMULA,VALIDATEFORMULA,DEFAULTVAR,RELATEMETA,DEFINE1,DEFINE2,DEFINE3,ISMULTISELECTEDENABLED,METADATAPROPERTY,ITEMTYPE,REFNAME,METAID,ISCODE,COLNUM,DEFAULTVALUE,ISDEFINED,CLASSID,PROID,HYPERLINKFLAG,ONLYLEAFCANSELECT,MOBILETITLE,ISLOCK,ISRESLABEL,SHOWDATAVAL,PK_FORM_PROPERTY,AREAID,LABEL,CODE,METAPATH,WIDTH,REFCODE,ISNEXTROW,ISREVISE,ISTOTAL,REQUIRED,DISABLED,VISIBLE,MAXLENGTH,TEXTROWS,CREATOR,MODIFIER,CREATIONTIME,MODIFIEDTIME,SHOWFOCUS,ISSYNCSIDE,ISSYNCFOLD,ISSYNCLIST,ISDATAPOWERENABLE,ISCONVERTTIMEZONES,REFCONDITION,ISGROUPPOWER,EDITDISABLED,TABSKIP,ALIGNMENT,FROZEN,SHOWASRANGE,ANOTHERLINE,COLUMNNUM,ICONTYPE,COREINDEX,ISCOREDATA,ISHIGHLIGHT,ISBOLD,CONTENTCOLOR,REFENTER,MULTIPLELINES,DR,TS ) values  ( null,2,null,1,null,null,null,null,null,null,null,null,null,'N',null,'input',null,null,null,null,null,'N','022592a0-da5e-42b2-b9bc-d9ed490c18d2','c42e6fad-4569-4562-aac4-04bd012f939c',null,null,null,null,null,null,'1001A11LCP00001IIKPX','1001A11LCP00001IIKPU','大区编码','code','code',120,null,null,null,null,'N','N','Y',50,null,null,null,null,null,null,null,null,null,null,null,null,null,null,null,null,null,null,null,null,null,null,null,null,null,null,null,null,0,null ) 
/

insert into PUB_FORM_PROPERTY ( RESID,POSITION,COLOR,DATATYPE,DATAVAL,SHOWFORMULA,EDITFORMULA,VALIDATEFORMULA,DEFAULTVAR,RELATEMETA,DEFINE1,DEFINE2,DEFINE3,ISMULTISELECTEDENABLED,METADATAPROPERTY,ITEMTYPE,REFNAME,METAID,ISCODE,COLNUM,DEFAULTVALUE,ISDEFINED,CLASSID,PROID,HYPERLINKFLAG,ONLYLEAFCANSELECT,MOBILETITLE,ISLOCK,ISRESLABEL,SHOWDATAVAL,PK_FORM_PROPERTY,AREAID,LABEL,CODE,METAPATH,WIDTH,REFCODE,ISNEXTROW,ISREVISE,ISTOTAL,REQUIRED,DISABLED,VISIBLE,MAXLENGTH,TEXTROWS,CREATOR,MODIFIER,CREATIONTIME,MODIFIEDTIME,SHOWFOCUS,ISSYNCSIDE,ISSYNCFOLD,ISSYNCLIST,ISDATAPOWERENABLE,ISCONVERTTIMEZONES,REFCONDITION,ISGROUPPOWER,EDITDISABLED,TABSKIP,ALIGNMENT,FROZEN,SHOWASRANGE,ANOTHERLINE,COLUMNNUM,ICONTYPE,COREINDEX,ISCOREDATA,ISHIGHLIGHT,ISBOLD,CONTENTCOLOR,REFENTER,MULTIPLELINES,DR,TS ) values  ( null,3,null,1,null,null,null,null,null,null,null,null,null,'N',null,'input',null,null,null,null,null,'N','022592a0-da5e-42b2-b9bc-d9ed490c18d2','92538400-2b53-4ad2-b457-a52bea9f86c2',null,null,null,null,null,null,'1001A11LCP00001IIKPY','1001A11LCP00001IIKPU','大区名称','name','name',120,null,null,null,null,'N','N','Y',50,null,null,null,null,null,null,null,null,null,null,null,null,null,null,null,null,null,null,null,null,null,null,null,null,null,null,null,null,0,null ) 
/

insert into PUB_FORM_PROPERTY ( RESID,POSITION,COLOR,DATATYPE,DATAVAL,SHOWFORMULA,EDITFORMULA,VALIDATEFORMULA,DEFAULTVAR,RELATEMETA,DEFINE1,DEFINE2,DEFINE3,ISMULTISELECTEDENABLED,METADATAPROPERTY,ITEMTYPE,REFNAME,METAID,ISCODE,COLNUM,DEFAULTVALUE,ISDEFINED,CLASSID,PROID,HYPERLINKFLAG,ONLYLEAFCANSELECT,MOBILETITLE,ISLOCK,ISRESLABEL,SHOWDATAVAL,PK_FORM_PROPERTY,AREAID,LABEL,CODE,METAPATH,WIDTH,REFCODE,ISNEXTROW,ISREVISE,ISTOTAL,REQUIRED,DISABLED,VISIBLE,MAXLENGTH,TEXTROWS,CREATOR,MODIFIER,CREATIONTIME,MODIFIEDTIME,SHOWFOCUS,ISSYNCSIDE,ISSYNCFOLD,ISSYNCLIST,ISDATAPOWERENABLE,ISCONVERTTIMEZONES,REFCONDITION,ISGROUPPOWER,EDITDISABLED,TABSKIP,ALIGNMENT,FROZEN,SHOWASRANGE,ANOTHERLINE,COLUMNNUM,ICONTYPE,COREINDEX,ISCOREDATA,ISHIGHLIGHT,ISBOLD,CONTENTCOLOR,REFENTER,MULTIPLELINES,DR,TS ) values  ( null,4,null,204,null,null,null,null,null,null,null,null,null,'N','pu.region_CjmMaster.name','refer','大区-陈金明_大区-陈金明_默认表参照_region_cjm_region_CjmMaster','022592a0-da5e-42b2-b9bc-d9ed490c18d2',null,null,null,'N','022592a0-da5e-42b2-b9bc-d9ed490c18d2','f17dceb0-ebba-4e48-956a-d470db7f652e',null,null,null,null,null,null,'1001A11LCP00001IIKPZ','1001A11LCP00001IIKPU','上级','pid','pid',120,null,null,null,null,'N','N','Y',20,null,null,null,null,null,null,null,null,null,null,null,null,null,null,null,null,null,null,null,null,null,null,null,null,null,null,null,null,0,null ) 
/

insert into PUB_FORM_PROPERTY ( RESID,POSITION,COLOR,DATATYPE,DATAVAL,SHOWFORMULA,EDITFORMULA,VALIDATEFORMULA,DEFAULTVAR,RELATEMETA,DEFINE1,DEFINE2,DEFINE3,ISMULTISELECTEDENABLED,METADATAPROPERTY,ITEMTYPE,REFNAME,METAID,ISCODE,COLNUM,DEFAULTVALUE,ISDEFINED,CLASSID,PROID,HYPERLINKFLAG,ONLYLEAFCANSELECT,MOBILETITLE,ISLOCK,ISRESLABEL,SHOWDATAVAL,PK_FORM_PROPERTY,AREAID,LABEL,CODE,METAPATH,WIDTH,REFCODE,ISNEXTROW,ISREVISE,ISTOTAL,REQUIRED,DISABLED,VISIBLE,MAXLENGTH,TEXTROWS,CREATOR,MODIFIER,CREATIONTIME,MODIFIEDTIME,SHOWFOCUS,ISSYNCSIDE,ISSYNCFOLD,ISSYNCLIST,ISDATAPOWERENABLE,ISCONVERTTIMEZONES,REFCONDITION,ISGROUPPOWER,EDITDISABLED,TABSKIP,ALIGNMENT,FROZEN,SHOWASRANGE,ANOTHERLINE,COLUMNNUM,ICONTYPE,COREINDEX,ISCOREDATA,ISHIGHLIGHT,ISBOLD,CONTENTCOLOR,REFENTER,MULTIPLELINES,DR,TS ) values  ( null,5,null,56,null,null,null,null,null,null,null,null,null,'N',null,'input',null,null,null,null,null,'Y','022592a0-da5e-42b2-b9bc-d9ed490c18d2','e3b13f72-ed78-4012-bc27-67b2a1d7f211',null,null,null,null,null,null,'1001A11LCP00001IIKQ0','1001A11LCP00001IIKPU','自定义项8','def8','def8',120,null,null,null,null,'N','N','N',101,null,null,null,null,null,null,null,null,null,null,null,null,null,null,null,null,null,null,null,null,null,null,null,null,null,null,null,null,0,null ) 
/

insert into PUB_FORM_PROPERTY ( RESID,POSITION,COLOR,DATATYPE,DATAVAL,SHOWFORMULA,EDITFORMULA,VALIDATEFORMULA,DEFAULTVAR,RELATEMETA,DEFINE1,DEFINE2,DEFINE3,ISMULTISELECTEDENABLED,METADATAPROPERTY,ITEMTYPE,REFNAME,METAID,ISCODE,COLNUM,DEFAULTVALUE,ISDEFINED,CLASSID,PROID,HYPERLINKFLAG,ONLYLEAFCANSELECT,MOBILETITLE,ISLOCK,ISRESLABEL,SHOWDATAVAL,PK_FORM_PROPERTY,AREAID,LABEL,CODE,METAPATH,WIDTH,REFCODE,ISNEXTROW,ISREVISE,ISTOTAL,REQUIRED,DISABLED,VISIBLE,MAXLENGTH,TEXTROWS,CREATOR,MODIFIER,CREATIONTIME,MODIFIEDTIME,SHOWFOCUS,ISSYNCSIDE,ISSYNCFOLD,ISSYNCLIST,ISDATAPOWERENABLE,ISCONVERTTIMEZONES,REFCONDITION,ISGROUPPOWER,EDITDISABLED,TABSKIP,ALIGNMENT,FROZEN,SHOWASRANGE,ANOTHERLINE,COLUMNNUM,ICONTYPE,COREINDEX,ISCOREDATA,ISHIGHLIGHT,ISBOLD,CONTENTCOLOR,REFENTER,MULTIPLELINES,DR,TS ) values  ( null,6,null,56,null,null,null,null,null,null,null,null,null,'N',null,'input',null,null,null,null,null,'Y','022592a0-da5e-42b2-b9bc-d9ed490c18d2','fed031a3-76fa-4bb8-a2a6-e9190e2cc770',null,null,null,null,null,null,'1001A11LCP00001IIKQ1','1001A11LCP00001IIKPU','自定义项9','def9','def9',120,null,null,null,null,'N','N','N',101,null,null,null,null,null,null,null,null,null,null,null,null,null,null,null,null,null,null,null,null,null,null,null,null,null,null,null,null,0,null ) 
/

insert into PUB_FORM_PROPERTY ( RESID,POSITION,COLOR,DATATYPE,DATAVAL,SHOWFORMULA,EDITFORMULA,VALIDATEFORMULA,DEFAULTVAR,RELATEMETA,DEFINE1,DEFINE2,DEFINE3,ISMULTISELECTEDENABLED,METADATAPROPERTY,ITEMTYPE,REFNAME,METAID,ISCODE,COLNUM,DEFAULTVALUE,ISDEFINED,CLASSID,PROID,HYPERLINKFLAG,ONLYLEAFCANSELECT,MOBILETITLE,ISLOCK,ISRESLABEL,SHOWDATAVAL,PK_FORM_PROPERTY,AREAID,LABEL,CODE,METAPATH,WIDTH,REFCODE,ISNEXTROW,ISREVISE,ISTOTAL,REQUIRED,DISABLED,VISIBLE,MAXLENGTH,TEXTROWS,CREATOR,MODIFIER,CREATIONTIME,MODIFIEDTIME,SHOWFOCUS,ISSYNCSIDE,ISSYNCFOLD,ISSYNCLIST,ISDATAPOWERENABLE,ISCONVERTTIMEZONES,REFCONDITION,ISGROUPPOWER,EDITDISABLED,TABSKIP,ALIGNMENT,FROZEN,SHOWASRANGE,ANOTHERLINE,COLUMNNUM,ICONTYPE,COREINDEX,ISCOREDATA,ISHIGHLIGHT,ISBOLD,CONTENTCOLOR,REFENTER,MULTIPLELINES,DR,TS ) values  ( null,7,null,56,null,null,null,null,null,null,null,null,null,'N',null,'input',null,null,null,null,null,'Y','022592a0-da5e-42b2-b9bc-d9ed490c18d2','d282149e-72ce-4afe-af43-17aaf817525c',null,null,null,null,null,null,'1001A11LCP00001IIKQ2','1001A11LCP00001IIKPU','自定义项10','def10','def10',120,null,null,null,null,'N','N','N',101,null,null,null,null,null,null,null,null,null,null,null,null,null,null,null,null,null,null,null,null,null,null,null,null,null,null,null,null,0,null ) 
/

insert into PUB_FORM_PROPERTY ( RESID,POSITION,COLOR,DATATYPE,DATAVAL,SHOWFORMULA,EDITFORMULA,VALIDATEFORMULA,DEFAULTVAR,RELATEMETA,DEFINE1,DEFINE2,DEFINE3,ISMULTISELECTEDENABLED,METADATAPROPERTY,ITEMTYPE,REFNAME,METAID,ISCODE,COLNUM,DEFAULTVALUE,ISDEFINED,CLASSID,PROID,HYPERLINKFLAG,ONLYLEAFCANSELECT,MOBILETITLE,ISLOCK,ISRESLABEL,SHOWDATAVAL,PK_FORM_PROPERTY,AREAID,LABEL,CODE,METAPATH,WIDTH,REFCODE,ISNEXTROW,ISREVISE,ISTOTAL,REQUIRED,DISABLED,VISIBLE,MAXLENGTH,TEXTROWS,CREATOR,MODIFIER,CREATIONTIME,MODIFIEDTIME,SHOWFOCUS,ISSYNCSIDE,ISSYNCFOLD,ISSYNCLIST,ISDATAPOWERENABLE,ISCONVERTTIMEZONES,REFCONDITION,ISGROUPPOWER,EDITDISABLED,TABSKIP,ALIGNMENT,FROZEN,SHOWASRANGE,ANOTHERLINE,COLUMNNUM,ICONTYPE,COREINDEX,ISCOREDATA,ISHIGHLIGHT,ISBOLD,CONTENTCOLOR,REFENTER,MULTIPLELINES,DR,TS ) values  ( null,8,null,56,null,null,null,null,null,null,null,null,null,'N',null,'input',null,null,null,null,null,'Y','022592a0-da5e-42b2-b9bc-d9ed490c18d2','51c4af69-50f9-48be-a297-bf0edd22fd9b',null,null,null,null,null,null,'1001A11LCP00001IIKQ3','1001A11LCP00001IIKPU','自定义项11','def11','def11',120,null,null,null,null,'N','N','N',101,null,null,null,null,null,null,null,null,null,null,null,null,null,null,null,null,null,null,null,null,null,null,null,null,null,null,null,null,0,null ) 
/

insert into PUB_FORM_PROPERTY ( RESID,POSITION,COLOR,DATATYPE,DATAVAL,SHOWFORMULA,EDITFORMULA,VALIDATEFORMULA,DEFAULTVAR,RELATEMETA,DEFINE1,DEFINE2,DEFINE3,ISMULTISELECTEDENABLED,METADATAPROPERTY,ITEMTYPE,REFNAME,METAID,ISCODE,COLNUM,DEFAULTVALUE,ISDEFINED,CLASSID,PROID,HYPERLINKFLAG,ONLYLEAFCANSELECT,MOBILETITLE,ISLOCK,ISRESLABEL,SHOWDATAVAL,PK_FORM_PROPERTY,AREAID,LABEL,CODE,METAPATH,WIDTH,REFCODE,ISNEXTROW,ISREVISE,ISTOTAL,REQUIRED,DISABLED,VISIBLE,MAXLENGTH,TEXTROWS,CREATOR,MODIFIER,CREATIONTIME,MODIFIEDTIME,SHOWFOCUS,ISSYNCSIDE,ISSYNCFOLD,ISSYNCLIST,ISDATAPOWERENABLE,ISCONVERTTIMEZONES,REFCONDITION,ISGROUPPOWER,EDITDISABLED,TABSKIP,ALIGNMENT,FROZEN,SHOWASRANGE,ANOTHERLINE,COLUMNNUM,ICONTYPE,COREINDEX,ISCOREDATA,ISHIGHLIGHT,ISBOLD,CONTENTCOLOR,REFENTER,MULTIPLELINES,DR,TS ) values  ( null,9,null,56,null,null,null,null,null,null,null,null,null,'N',null,'input',null,null,null,null,null,'Y','022592a0-da5e-42b2-b9bc-d9ed490c18d2','24616c57-e1ea-4b72-94ee-1c4ffe718c1b',null,null,null,null,null,null,'1001A11LCP00001IIKQ4','1001A11LCP00001IIKPU','自定义项12','def12','def12',120,null,null,null,null,'N','N','N',101,null,null,null,null,null,null,null,null,null,null,null,null,null,null,null,null,null,null,null,null,null,null,null,null,null,null,null,null,0,null ) 
/

insert into PUB_FORM_PROPERTY ( RESID,POSITION,COLOR,DATATYPE,DATAVAL,SHOWFORMULA,EDITFORMULA,VALIDATEFORMULA,DEFAULTVAR,RELATEMETA,DEFINE1,DEFINE2,DEFINE3,ISMULTISELECTEDENABLED,METADATAPROPERTY,ITEMTYPE,REFNAME,METAID,ISCODE,COLNUM,DEFAULTVALUE,ISDEFINED,CLASSID,PROID,HYPERLINKFLAG,ONLYLEAFCANSELECT,MOBILETITLE,ISLOCK,ISRESLABEL,SHOWDATAVAL,PK_FORM_PROPERTY,AREAID,LABEL,CODE,METAPATH,WIDTH,REFCODE,ISNEXTROW,ISREVISE,ISTOTAL,REQUIRED,DISABLED,VISIBLE,MAXLENGTH,TEXTROWS,CREATOR,MODIFIER,CREATIONTIME,MODIFIEDTIME,SHOWFOCUS,ISSYNCSIDE,ISSYNCFOLD,ISSYNCLIST,ISDATAPOWERENABLE,ISCONVERTTIMEZONES,REFCONDITION,ISGROUPPOWER,EDITDISABLED,TABSKIP,ALIGNMENT,FROZEN,SHOWASRANGE,ANOTHERLINE,COLUMNNUM,ICONTYPE,COREINDEX,ISCOREDATA,ISHIGHLIGHT,ISBOLD,CONTENTCOLOR,REFENTER,MULTIPLELINES,DR,TS ) values  ( null,10,null,56,null,null,null,null,null,null,null,null,null,'N',null,'input',null,null,null,null,null,'Y','022592a0-da5e-42b2-b9bc-d9ed490c18d2','2f889681-7f64-4eae-99ea-3b0b58625967',null,null,null,null,null,null,'1001A11LCP00001IIKQ5','1001A11LCP00001IIKPU','自定义项13','def13','def13',120,null,null,null,null,'N','N','N',101,null,null,null,null,null,null,null,null,null,null,null,null,null,null,null,null,null,null,null,null,null,null,null,null,null,null,null,null,0,null ) 
/

insert into PUB_FORM_PROPERTY ( RESID,POSITION,COLOR,DATATYPE,DATAVAL,SHOWFORMULA,EDITFORMULA,VALIDATEFORMULA,DEFAULTVAR,RELATEMETA,DEFINE1,DEFINE2,DEFINE3,ISMULTISELECTEDENABLED,METADATAPROPERTY,ITEMTYPE,REFNAME,METAID,ISCODE,COLNUM,DEFAULTVALUE,ISDEFINED,CLASSID,PROID,HYPERLINKFLAG,ONLYLEAFCANSELECT,MOBILETITLE,ISLOCK,ISRESLABEL,SHOWDATAVAL,PK_FORM_PROPERTY,AREAID,LABEL,CODE,METAPATH,WIDTH,REFCODE,ISNEXTROW,ISREVISE,ISTOTAL,REQUIRED,DISABLED,VISIBLE,MAXLENGTH,TEXTROWS,CREATOR,MODIFIER,CREATIONTIME,MODIFIEDTIME,SHOWFOCUS,ISSYNCSIDE,ISSYNCFOLD,ISSYNCLIST,ISDATAPOWERENABLE,ISCONVERTTIMEZONES,REFCONDITION,ISGROUPPOWER,EDITDISABLED,TABSKIP,ALIGNMENT,FROZEN,SHOWASRANGE,ANOTHERLINE,COLUMNNUM,ICONTYPE,COREINDEX,ISCOREDATA,ISHIGHLIGHT,ISBOLD,CONTENTCOLOR,REFENTER,MULTIPLELINES,DR,TS ) values  ( null,11,null,56,null,null,null,null,null,null,null,null,null,'N',null,'input',null,null,null,null,null,'Y','022592a0-da5e-42b2-b9bc-d9ed490c18d2','5b232f84-b827-44dd-b99c-e5bb3995b922',null,null,null,null,null,null,'1001A11LCP00001IIKQ6','1001A11LCP00001IIKPU','自定义项14','def14','def14',120,null,null,null,null,'N','N','N',101,null,null,null,null,null,null,null,null,null,null,null,null,null,null,null,null,null,null,null,null,null,null,null,null,null,null,null,null,0,null ) 
/

insert into PUB_FORM_PROPERTY ( RESID,POSITION,COLOR,DATATYPE,DATAVAL,SHOWFORMULA,EDITFORMULA,VALIDATEFORMULA,DEFAULTVAR,RELATEMETA,DEFINE1,DEFINE2,DEFINE3,ISMULTISELECTEDENABLED,METADATAPROPERTY,ITEMTYPE,REFNAME,METAID,ISCODE,COLNUM,DEFAULTVALUE,ISDEFINED,CLASSID,PROID,HYPERLINKFLAG,ONLYLEAFCANSELECT,MOBILETITLE,ISLOCK,ISRESLABEL,SHOWDATAVAL,PK_FORM_PROPERTY,AREAID,LABEL,CODE,METAPATH,WIDTH,REFCODE,ISNEXTROW,ISREVISE,ISTOTAL,REQUIRED,DISABLED,VISIBLE,MAXLENGTH,TEXTROWS,CREATOR,MODIFIER,CREATIONTIME,MODIFIEDTIME,SHOWFOCUS,ISSYNCSIDE,ISSYNCFOLD,ISSYNCLIST,ISDATAPOWERENABLE,ISCONVERTTIMEZONES,REFCONDITION,ISGROUPPOWER,EDITDISABLED,TABSKIP,ALIGNMENT,FROZEN,SHOWASRANGE,ANOTHERLINE,COLUMNNUM,ICONTYPE,COREINDEX,ISCOREDATA,ISHIGHLIGHT,ISBOLD,CONTENTCOLOR,REFENTER,MULTIPLELINES,DR,TS ) values  ( null,12,null,56,null,null,null,null,null,null,null,null,null,'N',null,'input',null,null,null,null,null,'Y','022592a0-da5e-42b2-b9bc-d9ed490c18d2','27d0c55b-9def-4593-8a57-24fdfcd13ad5',null,null,null,null,null,null,'1001A11LCP00001IIKQ7','1001A11LCP00001IIKPU','自定义项15','def15','def15',120,null,null,null,null,'N','N','N',101,null,null,null,null,null,null,null,null,null,null,null,null,null,null,null,null,null,null,null,null,null,null,null,null,null,null,null,null,0,null ) 
/

insert into PUB_FORM_PROPERTY ( RESID,POSITION,COLOR,DATATYPE,DATAVAL,SHOWFORMULA,EDITFORMULA,VALIDATEFORMULA,DEFAULTVAR,RELATEMETA,DEFINE1,DEFINE2,DEFINE3,ISMULTISELECTEDENABLED,METADATAPROPERTY,ITEMTYPE,REFNAME,METAID,ISCODE,COLNUM,DEFAULTVALUE,ISDEFINED,CLASSID,PROID,HYPERLINKFLAG,ONLYLEAFCANSELECT,MOBILETITLE,ISLOCK,ISRESLABEL,SHOWDATAVAL,PK_FORM_PROPERTY,AREAID,LABEL,CODE,METAPATH,WIDTH,REFCODE,ISNEXTROW,ISREVISE,ISTOTAL,REQUIRED,DISABLED,VISIBLE,MAXLENGTH,TEXTROWS,CREATOR,MODIFIER,CREATIONTIME,MODIFIEDTIME,SHOWFOCUS,ISSYNCSIDE,ISSYNCFOLD,ISSYNCLIST,ISDATAPOWERENABLE,ISCONVERTTIMEZONES,REFCONDITION,ISGROUPPOWER,EDITDISABLED,TABSKIP,ALIGNMENT,FROZEN,SHOWASRANGE,ANOTHERLINE,COLUMNNUM,ICONTYPE,COREINDEX,ISCOREDATA,ISHIGHLIGHT,ISBOLD,CONTENTCOLOR,REFENTER,MULTIPLELINES,DR,TS ) values  ( null,13,null,56,null,null,null,null,null,null,null,null,null,'N',null,'input',null,null,null,null,null,'Y','022592a0-da5e-42b2-b9bc-d9ed490c18d2','234bd1f5-9749-43dc-9f6d-7869c960ae42',null,null,null,null,null,null,'1001A11LCP00001IIKQ8','1001A11LCP00001IIKPU','自定义项16','def16','def16',120,null,null,null,null,'N','N','N',101,null,null,null,null,null,null,null,null,null,null,null,null,null,null,null,null,null,null,null,null,null,null,null,null,null,null,null,null,0,null ) 
/

insert into PUB_FORM_PROPERTY ( RESID,POSITION,COLOR,DATATYPE,DATAVAL,SHOWFORMULA,EDITFORMULA,VALIDATEFORMULA,DEFAULTVAR,RELATEMETA,DEFINE1,DEFINE2,DEFINE3,ISMULTISELECTEDENABLED,METADATAPROPERTY,ITEMTYPE,REFNAME,METAID,ISCODE,COLNUM,DEFAULTVALUE,ISDEFINED,CLASSID,PROID,HYPERLINKFLAG,ONLYLEAFCANSELECT,MOBILETITLE,ISLOCK,ISRESLABEL,SHOWDATAVAL,PK_FORM_PROPERTY,AREAID,LABEL,CODE,METAPATH,WIDTH,REFCODE,ISNEXTROW,ISREVISE,ISTOTAL,REQUIRED,DISABLED,VISIBLE,MAXLENGTH,TEXTROWS,CREATOR,MODIFIER,CREATIONTIME,MODIFIEDTIME,SHOWFOCUS,ISSYNCSIDE,ISSYNCFOLD,ISSYNCLIST,ISDATAPOWERENABLE,ISCONVERTTIMEZONES,REFCONDITION,ISGROUPPOWER,EDITDISABLED,TABSKIP,ALIGNMENT,FROZEN,SHOWASRANGE,ANOTHERLINE,COLUMNNUM,ICONTYPE,COREINDEX,ISCOREDATA,ISHIGHLIGHT,ISBOLD,CONTENTCOLOR,REFENTER,MULTIPLELINES,DR,TS ) values  ( null,14,null,56,null,null,null,null,null,null,null,null,null,'N',null,'input',null,null,null,null,null,'Y','022592a0-da5e-42b2-b9bc-d9ed490c18d2','082d02da-8227-4b75-8cd7-07382f4cc64c',null,null,null,null,null,null,'1001A11LCP00001IIKQ9','1001A11LCP00001IIKPU','自定义项17','def17','def17',120,null,null,null,null,'N','N','N',101,null,null,null,null,null,null,null,null,null,null,null,null,null,null,null,null,null,null,null,null,null,null,null,null,null,null,null,null,0,null ) 
/

insert into PUB_FORM_PROPERTY ( RESID,POSITION,COLOR,DATATYPE,DATAVAL,SHOWFORMULA,EDITFORMULA,VALIDATEFORMULA,DEFAULTVAR,RELATEMETA,DEFINE1,DEFINE2,DEFINE3,ISMULTISELECTEDENABLED,METADATAPROPERTY,ITEMTYPE,REFNAME,METAID,ISCODE,COLNUM,DEFAULTVALUE,ISDEFINED,CLASSID,PROID,HYPERLINKFLAG,ONLYLEAFCANSELECT,MOBILETITLE,ISLOCK,ISRESLABEL,SHOWDATAVAL,PK_FORM_PROPERTY,AREAID,LABEL,CODE,METAPATH,WIDTH,REFCODE,ISNEXTROW,ISREVISE,ISTOTAL,REQUIRED,DISABLED,VISIBLE,MAXLENGTH,TEXTROWS,CREATOR,MODIFIER,CREATIONTIME,MODIFIEDTIME,SHOWFOCUS,ISSYNCSIDE,ISSYNCFOLD,ISSYNCLIST,ISDATAPOWERENABLE,ISCONVERTTIMEZONES,REFCONDITION,ISGROUPPOWER,EDITDISABLED,TABSKIP,ALIGNMENT,FROZEN,SHOWASRANGE,ANOTHERLINE,COLUMNNUM,ICONTYPE,COREINDEX,ISCOREDATA,ISHIGHLIGHT,ISBOLD,CONTENTCOLOR,REFENTER,MULTIPLELINES,DR,TS ) values  ( null,14,null,51,null,null,null,null,null,null,null,null,null,'N',null,'input',null,null,null,null,null,'N','022592a0-da5e-42b2-b9bc-d9ed490c18d2','e11c03df-8a91-4447-9cac-8311f887a838',null,null,null,null,null,null,'1001A11LCP00001IIKQA','1001A11LCP00001IIKPU','主键','pk_region_cjmmaster','pk_region_cjmmaster',120,null,null,null,null,'Y','N','N',20,null,null,null,null,null,null,null,null,null,null,null,null,null,null,null,null,null,null,null,null,null,null,null,null,null,null,null,null,0,null ) 
/

insert into PUB_FORM_PROPERTY ( RESID,POSITION,COLOR,DATATYPE,DATAVAL,SHOWFORMULA,EDITFORMULA,VALIDATEFORMULA,DEFAULTVAR,RELATEMETA,DEFINE1,DEFINE2,DEFINE3,ISMULTISELECTEDENABLED,METADATAPROPERTY,ITEMTYPE,REFNAME,METAID,ISCODE,COLNUM,DEFAULTVALUE,ISDEFINED,CLASSID,PROID,HYPERLINKFLAG,ONLYLEAFCANSELECT,MOBILETITLE,ISLOCK,ISRESLABEL,SHOWDATAVAL,PK_FORM_PROPERTY,AREAID,LABEL,CODE,METAPATH,WIDTH,REFCODE,ISNEXTROW,ISREVISE,ISTOTAL,REQUIRED,DISABLED,VISIBLE,MAXLENGTH,TEXTROWS,CREATOR,MODIFIER,CREATIONTIME,MODIFIEDTIME,SHOWFOCUS,ISSYNCSIDE,ISSYNCFOLD,ISSYNCLIST,ISDATAPOWERENABLE,ISCONVERTTIMEZONES,REFCONDITION,ISGROUPPOWER,EDITDISABLED,TABSKIP,ALIGNMENT,FROZEN,SHOWASRANGE,ANOTHERLINE,COLUMNNUM,ICONTYPE,COREINDEX,ISCOREDATA,ISHIGHLIGHT,ISBOLD,CONTENTCOLOR,REFENTER,MULTIPLELINES,DR,TS ) values  ( null,15,null,56,null,null,null,null,null,null,null,null,null,'N',null,'input',null,null,null,null,null,'Y','022592a0-da5e-42b2-b9bc-d9ed490c18d2','e665f3ae-c765-4193-b544-205cd420a7f2',null,null,null,null,null,null,'1001A11LCP00001IIKQB','1001A11LCP00001IIKPU','自定义项18','def18','def18',120,null,null,null,null,'N','N','N',101,null,null,null,null,null,null,null,null,null,null,null,null,null,null,null,null,null,null,null,null,null,null,null,null,null,null,null,null,0,null ) 
/

insert into PUB_FORM_PROPERTY ( RESID,POSITION,COLOR,DATATYPE,DATAVAL,SHOWFORMULA,EDITFORMULA,VALIDATEFORMULA,DEFAULTVAR,RELATEMETA,DEFINE1,DEFINE2,DEFINE3,ISMULTISELECTEDENABLED,METADATAPROPERTY,ITEMTYPE,REFNAME,METAID,ISCODE,COLNUM,DEFAULTVALUE,ISDEFINED,CLASSID,PROID,HYPERLINKFLAG,ONLYLEAFCANSELECT,MOBILETITLE,ISLOCK,ISRESLABEL,SHOWDATAVAL,PK_FORM_PROPERTY,AREAID,LABEL,CODE,METAPATH,WIDTH,REFCODE,ISNEXTROW,ISREVISE,ISTOTAL,REQUIRED,DISABLED,VISIBLE,MAXLENGTH,TEXTROWS,CREATOR,MODIFIER,CREATIONTIME,MODIFIEDTIME,SHOWFOCUS,ISSYNCSIDE,ISSYNCFOLD,ISSYNCLIST,ISDATAPOWERENABLE,ISCONVERTTIMEZONES,REFCONDITION,ISGROUPPOWER,EDITDISABLED,TABSKIP,ALIGNMENT,FROZEN,SHOWASRANGE,ANOTHERLINE,COLUMNNUM,ICONTYPE,COREINDEX,ISCOREDATA,ISHIGHLIGHT,ISBOLD,CONTENTCOLOR,REFENTER,MULTIPLELINES,DR,TS ) values  ( null,16,null,56,null,null,null,null,null,null,null,null,null,'N',null,'input',null,null,null,null,null,'Y','022592a0-da5e-42b2-b9bc-d9ed490c18d2','b4c81871-dab2-4f67-8212-4b553c705367',null,null,null,null,null,null,'1001A11LCP00001IIKQC','1001A11LCP00001IIKPU','自定义项19','def19','def19',120,null,null,null,null,'N','N','N',101,null,null,null,null,null,null,null,null,null,null,null,null,null,null,null,null,null,null,null,null,null,null,null,null,null,null,null,null,0,null ) 
/

insert into PUB_FORM_PROPERTY ( RESID,POSITION,COLOR,DATATYPE,DATAVAL,SHOWFORMULA,EDITFORMULA,VALIDATEFORMULA,DEFAULTVAR,RELATEMETA,DEFINE1,DEFINE2,DEFINE3,ISMULTISELECTEDENABLED,METADATAPROPERTY,ITEMTYPE,REFNAME,METAID,ISCODE,COLNUM,DEFAULTVALUE,ISDEFINED,CLASSID,PROID,HYPERLINKFLAG,ONLYLEAFCANSELECT,MOBILETITLE,ISLOCK,ISRESLABEL,SHOWDATAVAL,PK_FORM_PROPERTY,AREAID,LABEL,CODE,METAPATH,WIDTH,REFCODE,ISNEXTROW,ISREVISE,ISTOTAL,REQUIRED,DISABLED,VISIBLE,MAXLENGTH,TEXTROWS,CREATOR,MODIFIER,CREATIONTIME,MODIFIEDTIME,SHOWFOCUS,ISSYNCSIDE,ISSYNCFOLD,ISSYNCLIST,ISDATAPOWERENABLE,ISCONVERTTIMEZONES,REFCONDITION,ISGROUPPOWER,EDITDISABLED,TABSKIP,ALIGNMENT,FROZEN,SHOWASRANGE,ANOTHERLINE,COLUMNNUM,ICONTYPE,COREINDEX,ISCOREDATA,ISHIGHLIGHT,ISBOLD,CONTENTCOLOR,REFENTER,MULTIPLELINES,DR,TS ) values  ( null,17,null,56,null,null,null,null,null,null,null,null,null,'N',null,'input',null,null,null,null,null,'Y','022592a0-da5e-42b2-b9bc-d9ed490c18d2','7ab3431b-b36d-45ca-b30a-159d07d22b87',null,null,null,null,null,null,'1001A11LCP00001IIKQD','1001A11LCP00001IIKPU','自定义项20','def20','def20',120,null,null,null,null,'N','N','N',101,null,null,null,null,null,null,null,null,null,null,null,null,null,null,null,null,null,null,null,null,null,null,null,null,null,null,null,null,0,null ) 
/

insert into PUB_FORM_PROPERTY ( RESID,POSITION,COLOR,DATATYPE,DATAVAL,SHOWFORMULA,EDITFORMULA,VALIDATEFORMULA,DEFAULTVAR,RELATEMETA,DEFINE1,DEFINE2,DEFINE3,ISMULTISELECTEDENABLED,METADATAPROPERTY,ITEMTYPE,REFNAME,METAID,ISCODE,COLNUM,DEFAULTVALUE,ISDEFINED,CLASSID,PROID,HYPERLINKFLAG,ONLYLEAFCANSELECT,MOBILETITLE,ISLOCK,ISRESLABEL,SHOWDATAVAL,PK_FORM_PROPERTY,AREAID,LABEL,CODE,METAPATH,WIDTH,REFCODE,ISNEXTROW,ISREVISE,ISTOTAL,REQUIRED,DISABLED,VISIBLE,MAXLENGTH,TEXTROWS,CREATOR,MODIFIER,CREATIONTIME,MODIFIEDTIME,SHOWFOCUS,ISSYNCSIDE,ISSYNCFOLD,ISSYNCLIST,ISDATAPOWERENABLE,ISCONVERTTIMEZONES,REFCONDITION,ISGROUPPOWER,EDITDISABLED,TABSKIP,ALIGNMENT,FROZEN,SHOWASRANGE,ANOTHERLINE,COLUMNNUM,ICONTYPE,COREINDEX,ISCOREDATA,ISHIGHLIGHT,ISBOLD,CONTENTCOLOR,REFENTER,MULTIPLELINES,DR,TS ) values  ( null,18,null,204,'0001Z01000000001V017,code=N',null,null,null,null,null,null,null,null,'N','uap.org.name','refer','组织（包含全局）(所有)','985be8a4-3a36-4778-8afe-2d8ed3902659',null,null,null,'N','022592a0-da5e-42b2-b9bc-d9ed490c18d2','2af7d6fc-ed49-4373-8290-3592dca234df',null,null,null,null,null,null,'1001A11LCP00001IIKQE','1001A11LCP00001IIKPU','组织','pk_org','pk_org',120,'uapbd/refer/org/OrgWithGlobalAllDataTreeRef/index',null,null,null,'N','N','Y',20,null,null,null,null,null,null,null,null,null,null,null,null,null,null,null,null,null,null,null,null,null,null,null,null,null,null,null,null,0,null ) 
/

insert into PUB_FORM_PROPERTY ( RESID,POSITION,COLOR,DATATYPE,DATAVAL,SHOWFORMULA,EDITFORMULA,VALIDATEFORMULA,DEFAULTVAR,RELATEMETA,DEFINE1,DEFINE2,DEFINE3,ISMULTISELECTEDENABLED,METADATAPROPERTY,ITEMTYPE,REFNAME,METAID,ISCODE,COLNUM,DEFAULTVALUE,ISDEFINED,CLASSID,PROID,HYPERLINKFLAG,ONLYLEAFCANSELECT,MOBILETITLE,ISLOCK,ISRESLABEL,SHOWDATAVAL,PK_FORM_PROPERTY,AREAID,LABEL,CODE,METAPATH,WIDTH,REFCODE,ISNEXTROW,ISREVISE,ISTOTAL,REQUIRED,DISABLED,VISIBLE,MAXLENGTH,TEXTROWS,CREATOR,MODIFIER,CREATIONTIME,MODIFIEDTIME,SHOWFOCUS,ISSYNCSIDE,ISSYNCFOLD,ISSYNCLIST,ISDATAPOWERENABLE,ISCONVERTTIMEZONES,REFCONDITION,ISGROUPPOWER,EDITDISABLED,TABSKIP,ALIGNMENT,FROZEN,SHOWASRANGE,ANOTHERLINE,COLUMNNUM,ICONTYPE,COREINDEX,ISCOREDATA,ISHIGHLIGHT,ISBOLD,CONTENTCOLOR,REFENTER,MULTIPLELINES,DR,TS ) values  ( null,19,null,56,null,null,null,null,null,null,null,null,null,'N',null,'input',null,null,null,null,null,'Y','022592a0-da5e-42b2-b9bc-d9ed490c18d2','3dd3a427-2da5-47f1-9cd4-718a84e661d0',null,null,null,null,null,null,'1001A11LCP00001IIKQF','1001A11LCP00001IIKPU','自定义项1','def1','def1',120,null,null,null,null,'N','N','N',101,null,null,null,null,null,null,null,null,null,null,null,null,null,null,null,null,null,null,null,null,null,null,null,null,null,null,null,null,0,null ) 
/

insert into PUB_FORM_PROPERTY ( RESID,POSITION,COLOR,DATATYPE,DATAVAL,SHOWFORMULA,EDITFORMULA,VALIDATEFORMULA,DEFAULTVAR,RELATEMETA,DEFINE1,DEFINE2,DEFINE3,ISMULTISELECTEDENABLED,METADATAPROPERTY,ITEMTYPE,REFNAME,METAID,ISCODE,COLNUM,DEFAULTVALUE,ISDEFINED,CLASSID,PROID,HYPERLINKFLAG,ONLYLEAFCANSELECT,MOBILETITLE,ISLOCK,ISRESLABEL,SHOWDATAVAL,PK_FORM_PROPERTY,AREAID,LABEL,CODE,METAPATH,WIDTH,REFCODE,ISNEXTROW,ISREVISE,ISTOTAL,REQUIRED,DISABLED,VISIBLE,MAXLENGTH,TEXTROWS,CREATOR,MODIFIER,CREATIONTIME,MODIFIEDTIME,SHOWFOCUS,ISSYNCSIDE,ISSYNCFOLD,ISSYNCLIST,ISDATAPOWERENABLE,ISCONVERTTIMEZONES,REFCONDITION,ISGROUPPOWER,EDITDISABLED,TABSKIP,ALIGNMENT,FROZEN,SHOWASRANGE,ANOTHERLINE,COLUMNNUM,ICONTYPE,COREINDEX,ISCOREDATA,ISHIGHLIGHT,ISBOLD,CONTENTCOLOR,REFENTER,MULTIPLELINES,DR,TS ) values  ( null,20,null,203,'未启用=1,已启用=2,已停用=3',null,null,null,null,null,null,null,null,'N',null,'select',null,null,null,null,null,'N','022592a0-da5e-42b2-b9bc-d9ed490c18d2','d01a6c4a-e15b-4fbc-9efb-e218617ca6e7',null,null,null,null,null,'未启用=1,已启用=2,已停用=3','1001A11LCP00001IIKQG','1001A11LCP00001IIKPU','启用状态','enablestate','enablestate',120,null,null,null,null,'N','N','Y',0,null,null,null,null,null,null,null,null,null,null,null,null,null,null,null,null,null,null,null,null,null,null,null,null,null,null,null,null,0,null ) 
/

insert into PUB_FORM_PROPERTY ( RESID,POSITION,COLOR,DATATYPE,DATAVAL,SHOWFORMULA,EDITFORMULA,VALIDATEFORMULA,DEFAULTVAR,RELATEMETA,DEFINE1,DEFINE2,DEFINE3,ISMULTISELECTEDENABLED,METADATAPROPERTY,ITEMTYPE,REFNAME,METAID,ISCODE,COLNUM,DEFAULTVALUE,ISDEFINED,CLASSID,PROID,HYPERLINKFLAG,ONLYLEAFCANSELECT,MOBILETITLE,ISLOCK,ISRESLABEL,SHOWDATAVAL,PK_FORM_PROPERTY,AREAID,LABEL,CODE,METAPATH,WIDTH,REFCODE,ISNEXTROW,ISREVISE,ISTOTAL,REQUIRED,DISABLED,VISIBLE,MAXLENGTH,TEXTROWS,CREATOR,MODIFIER,CREATIONTIME,MODIFIEDTIME,SHOWFOCUS,ISSYNCSIDE,ISSYNCFOLD,ISSYNCLIST,ISDATAPOWERENABLE,ISCONVERTTIMEZONES,REFCONDITION,ISGROUPPOWER,EDITDISABLED,TABSKIP,ALIGNMENT,FROZEN,SHOWASRANGE,ANOTHERLINE,COLUMNNUM,ICONTYPE,COREINDEX,ISCOREDATA,ISHIGHLIGHT,ISBOLD,CONTENTCOLOR,REFENTER,MULTIPLELINES,DR,TS ) values  ( null,20,null,56,null,null,null,null,null,null,null,null,null,'N',null,'input',null,null,null,null,null,'Y','022592a0-da5e-42b2-b9bc-d9ed490c18d2','f7994389-091a-4393-af3f-091adc3d8ff6',null,null,null,null,null,null,'1001A11LCP00001IIKQH','1001A11LCP00001IIKPU','自定义项2','def2','def2',120,null,null,null,null,'N','N','N',101,null,null,null,null,null,null,null,null,null,null,null,null,null,null,null,null,null,null,null,null,null,null,null,null,null,null,null,null,0,null ) 
/

insert into PUB_FORM_PROPERTY ( RESID,POSITION,COLOR,DATATYPE,DATAVAL,SHOWFORMULA,EDITFORMULA,VALIDATEFORMULA,DEFAULTVAR,RELATEMETA,DEFINE1,DEFINE2,DEFINE3,ISMULTISELECTEDENABLED,METADATAPROPERTY,ITEMTYPE,REFNAME,METAID,ISCODE,COLNUM,DEFAULTVALUE,ISDEFINED,CLASSID,PROID,HYPERLINKFLAG,ONLYLEAFCANSELECT,MOBILETITLE,ISLOCK,ISRESLABEL,SHOWDATAVAL,PK_FORM_PROPERTY,AREAID,LABEL,CODE,METAPATH,WIDTH,REFCODE,ISNEXTROW,ISREVISE,ISTOTAL,REQUIRED,DISABLED,VISIBLE,MAXLENGTH,TEXTROWS,CREATOR,MODIFIER,CREATIONTIME,MODIFIEDTIME,SHOWFOCUS,ISSYNCSIDE,ISSYNCFOLD,ISSYNCLIST,ISDATAPOWERENABLE,ISCONVERTTIMEZONES,REFCONDITION,ISGROUPPOWER,EDITDISABLED,TABSKIP,ALIGNMENT,FROZEN,SHOWASRANGE,ANOTHERLINE,COLUMNNUM,ICONTYPE,COREINDEX,ISCOREDATA,ISHIGHLIGHT,ISBOLD,CONTENTCOLOR,REFENTER,MULTIPLELINES,DR,TS ) values  ( null,21,null,56,null,null,null,null,null,null,null,null,null,'N',null,'input',null,null,null,null,null,'Y','022592a0-da5e-42b2-b9bc-d9ed490c18d2','e875212c-105f-4adc-9efa-b43d4021a5bf',null,null,null,null,null,null,'1001A11LCP00001IIKQI','1001A11LCP00001IIKPU','自定义项3','def3','def3',120,null,null,null,null,'N','N','N',101,null,null,null,null,null,null,null,null,null,null,null,null,null,null,null,null,null,null,null,null,null,null,null,null,null,null,null,null,0,null ) 
/

insert into PUB_FORM_PROPERTY ( RESID,POSITION,COLOR,DATATYPE,DATAVAL,SHOWFORMULA,EDITFORMULA,VALIDATEFORMULA,DEFAULTVAR,RELATEMETA,DEFINE1,DEFINE2,DEFINE3,ISMULTISELECTEDENABLED,METADATAPROPERTY,ITEMTYPE,REFNAME,METAID,ISCODE,COLNUM,DEFAULTVALUE,ISDEFINED,CLASSID,PROID,HYPERLINKFLAG,ONLYLEAFCANSELECT,MOBILETITLE,ISLOCK,ISRESLABEL,SHOWDATAVAL,PK_FORM_PROPERTY,AREAID,LABEL,CODE,METAPATH,WIDTH,REFCODE,ISNEXTROW,ISREVISE,ISTOTAL,REQUIRED,DISABLED,VISIBLE,MAXLENGTH,TEXTROWS,CREATOR,MODIFIER,CREATIONTIME,MODIFIEDTIME,SHOWFOCUS,ISSYNCSIDE,ISSYNCFOLD,ISSYNCLIST,ISDATAPOWERENABLE,ISCONVERTTIMEZONES,REFCONDITION,ISGROUPPOWER,EDITDISABLED,TABSKIP,ALIGNMENT,FROZEN,SHOWASRANGE,ANOTHERLINE,COLUMNNUM,ICONTYPE,COREINDEX,ISCOREDATA,ISHIGHLIGHT,ISBOLD,CONTENTCOLOR,REFENTER,MULTIPLELINES,DR,TS ) values  ( null,22,null,56,null,null,null,null,null,null,null,null,null,'N',null,'input',null,null,null,null,null,'Y','022592a0-da5e-42b2-b9bc-d9ed490c18d2','bf9f7cda-ef16-46ca-acb9-f978f38b1e75',null,null,null,null,null,null,'1001A11LCP00001IIKQJ','1001A11LCP00001IIKPU','自定义项4','def4','def4',120,null,null,null,null,'N','N','N',101,null,null,null,null,null,null,null,null,null,null,null,null,null,null,null,null,null,null,null,null,null,null,null,null,null,null,null,null,0,null ) 
/

insert into PUB_FORM_PROPERTY ( RESID,POSITION,COLOR,DATATYPE,DATAVAL,SHOWFORMULA,EDITFORMULA,VALIDATEFORMULA,DEFAULTVAR,RELATEMETA,DEFINE1,DEFINE2,DEFINE3,ISMULTISELECTEDENABLED,METADATAPROPERTY,ITEMTYPE,REFNAME,METAID,ISCODE,COLNUM,DEFAULTVALUE,ISDEFINED,CLASSID,PROID,HYPERLINKFLAG,ONLYLEAFCANSELECT,MOBILETITLE,ISLOCK,ISRESLABEL,SHOWDATAVAL,PK_FORM_PROPERTY,AREAID,LABEL,CODE,METAPATH,WIDTH,REFCODE,ISNEXTROW,ISREVISE,ISTOTAL,REQUIRED,DISABLED,VISIBLE,MAXLENGTH,TEXTROWS,CREATOR,MODIFIER,CREATIONTIME,MODIFIEDTIME,SHOWFOCUS,ISSYNCSIDE,ISSYNCFOLD,ISSYNCLIST,ISDATAPOWERENABLE,ISCONVERTTIMEZONES,REFCONDITION,ISGROUPPOWER,EDITDISABLED,TABSKIP,ALIGNMENT,FROZEN,SHOWASRANGE,ANOTHERLINE,COLUMNNUM,ICONTYPE,COREINDEX,ISCOREDATA,ISHIGHLIGHT,ISBOLD,CONTENTCOLOR,REFENTER,MULTIPLELINES,DR,TS ) values  ( null,23,null,56,null,null,null,null,null,null,null,null,null,'N',null,'input',null,null,null,null,null,'Y','022592a0-da5e-42b2-b9bc-d9ed490c18d2','92129909-662b-4a00-bdbc-4a1b198a0004',null,null,null,null,null,null,'1001A11LCP00001IIKQK','1001A11LCP00001IIKPU','自定义项5','def5','def5',120,null,null,null,null,'N','N','N',101,null,null,null,null,null,null,null,null,null,null,null,null,null,null,null,null,null,null,null,null,null,null,null,null,null,null,null,null,0,null ) 
/

insert into PUB_FORM_PROPERTY ( RESID,POSITION,COLOR,DATATYPE,DATAVAL,SHOWFORMULA,EDITFORMULA,VALIDATEFORMULA,DEFAULTVAR,RELATEMETA,DEFINE1,DEFINE2,DEFINE3,ISMULTISELECTEDENABLED,METADATAPROPERTY,ITEMTYPE,REFNAME,METAID,ISCODE,COLNUM,DEFAULTVALUE,ISDEFINED,CLASSID,PROID,HYPERLINKFLAG,ONLYLEAFCANSELECT,MOBILETITLE,ISLOCK,ISRESLABEL,SHOWDATAVAL,PK_FORM_PROPERTY,AREAID,LABEL,CODE,METAPATH,WIDTH,REFCODE,ISNEXTROW,ISREVISE,ISTOTAL,REQUIRED,DISABLED,VISIBLE,MAXLENGTH,TEXTROWS,CREATOR,MODIFIER,CREATIONTIME,MODIFIEDTIME,SHOWFOCUS,ISSYNCSIDE,ISSYNCFOLD,ISSYNCLIST,ISDATAPOWERENABLE,ISCONVERTTIMEZONES,REFCONDITION,ISGROUPPOWER,EDITDISABLED,TABSKIP,ALIGNMENT,FROZEN,SHOWASRANGE,ANOTHERLINE,COLUMNNUM,ICONTYPE,COREINDEX,ISCOREDATA,ISHIGHLIGHT,ISBOLD,CONTENTCOLOR,REFENTER,MULTIPLELINES,DR,TS ) values  ( null,24,null,56,null,null,null,null,null,null,null,null,null,'N',null,'input',null,null,null,null,null,'Y','022592a0-da5e-42b2-b9bc-d9ed490c18d2','24f03a78-96c3-4aef-a74b-9dfa21c7f58e',null,null,null,null,null,null,'1001A11LCP00001IIKQL','1001A11LCP00001IIKPU','自定义项6','def6','def6',120,null,null,null,null,'N','N','N',101,null,null,null,null,null,null,null,null,null,null,null,null,null,null,null,null,null,null,null,null,null,null,null,null,null,null,null,null,0,null ) 
/

insert into PUB_FORM_PROPERTY ( RESID,POSITION,COLOR,DATATYPE,DATAVAL,SHOWFORMULA,EDITFORMULA,VALIDATEFORMULA,DEFAULTVAR,RELATEMETA,DEFINE1,DEFINE2,DEFINE3,ISMULTISELECTEDENABLED,METADATAPROPERTY,ITEMTYPE,REFNAME,METAID,ISCODE,COLNUM,DEFAULTVALUE,ISDEFINED,CLASSID,PROID,HYPERLINKFLAG,ONLYLEAFCANSELECT,MOBILETITLE,ISLOCK,ISRESLABEL,SHOWDATAVAL,PK_FORM_PROPERTY,AREAID,LABEL,CODE,METAPATH,WIDTH,REFCODE,ISNEXTROW,ISREVISE,ISTOTAL,REQUIRED,DISABLED,VISIBLE,MAXLENGTH,TEXTROWS,CREATOR,MODIFIER,CREATIONTIME,MODIFIEDTIME,SHOWFOCUS,ISSYNCSIDE,ISSYNCFOLD,ISSYNCLIST,ISDATAPOWERENABLE,ISCONVERTTIMEZONES,REFCONDITION,ISGROUPPOWER,EDITDISABLED,TABSKIP,ALIGNMENT,FROZEN,SHOWASRANGE,ANOTHERLINE,COLUMNNUM,ICONTYPE,COREINDEX,ISCOREDATA,ISHIGHLIGHT,ISBOLD,CONTENTCOLOR,REFENTER,MULTIPLELINES,DR,TS ) values  ( null,25,null,56,null,null,null,null,null,null,null,null,null,'N',null,'input',null,null,null,null,null,'Y','022592a0-da5e-42b2-b9bc-d9ed490c18d2','03d76273-310d-4ef7-af56-84b6efb45958',null,null,null,null,null,null,'1001A11LCP00001IIKQM','1001A11LCP00001IIKPU','自定义项7','def7','def7',120,null,null,null,null,'N','N','N',101,null,null,null,null,null,null,null,null,null,null,null,null,null,null,null,null,null,null,null,null,null,null,null,null,null,null,null,null,0,null ) 
/

insert into PUB_FORM_PROPERTY ( RESID,POSITION,COLOR,DATATYPE,DATAVAL,SHOWFORMULA,EDITFORMULA,VALIDATEFORMULA,DEFAULTVAR,RELATEMETA,DEFINE1,DEFINE2,DEFINE3,ISMULTISELECTEDENABLED,METADATAPROPERTY,ITEMTYPE,REFNAME,METAID,ISCODE,COLNUM,DEFAULTVALUE,ISDEFINED,CLASSID,PROID,HYPERLINKFLAG,ONLYLEAFCANSELECT,MOBILETITLE,ISLOCK,ISRESLABEL,SHOWDATAVAL,PK_FORM_PROPERTY,AREAID,LABEL,CODE,METAPATH,WIDTH,REFCODE,ISNEXTROW,ISREVISE,ISTOTAL,REQUIRED,DISABLED,VISIBLE,MAXLENGTH,TEXTROWS,CREATOR,MODIFIER,CREATIONTIME,MODIFIEDTIME,SHOWFOCUS,ISSYNCSIDE,ISSYNCFOLD,ISSYNCLIST,ISDATAPOWERENABLE,ISCONVERTTIMEZONES,REFCONDITION,ISGROUPPOWER,EDITDISABLED,TABSKIP,ALIGNMENT,FROZEN,SHOWASRANGE,ANOTHERLINE,COLUMNNUM,ICONTYPE,COREINDEX,ISCOREDATA,ISHIGHLIGHT,ISBOLD,CONTENTCOLOR,REFENTER,MULTIPLELINES,DR,TS ) values  ( null,0,null,204,'0001Z01000000001BVPB,code=N',null,null,null,null,null,null,null,null,'N','uap.user.user_name','refer','用户','f6f9a473-56c0-432f-8bc7-fbf8fde54fee',null,null,null,'N','022592a0-da5e-42b2-b9bc-d9ed490c18d2','71eab938-b0d9-4b85-a27a-27c08f4a8523',null,null,null,null,null,null,'1001A11LCP00001IIKQN','1001A11LCP00001IIKPV','创建人','creator','creator',120,'uap/refer/riart/userDefaultRefer/index',null,null,null,'N','Y','Y',20,null,null,null,null,null,null,null,null,null,null,null,null,null,null,null,null,null,null,null,null,null,null,null,null,null,null,null,null,0,null ) 
/

insert into PUB_FORM_PROPERTY ( RESID,POSITION,COLOR,DATATYPE,DATAVAL,SHOWFORMULA,EDITFORMULA,VALIDATEFORMULA,DEFAULTVAR,RELATEMETA,DEFINE1,DEFINE2,DEFINE3,ISMULTISELECTEDENABLED,METADATAPROPERTY,ITEMTYPE,REFNAME,METAID,ISCODE,COLNUM,DEFAULTVALUE,ISDEFINED,CLASSID,PROID,HYPERLINKFLAG,ONLYLEAFCANSELECT,MOBILETITLE,ISLOCK,ISRESLABEL,SHOWDATAVAL,PK_FORM_PROPERTY,AREAID,LABEL,CODE,METAPATH,WIDTH,REFCODE,ISNEXTROW,ISREVISE,ISTOTAL,REQUIRED,DISABLED,VISIBLE,MAXLENGTH,TEXTROWS,CREATOR,MODIFIER,CREATIONTIME,MODIFIEDTIME,SHOWFOCUS,ISSYNCSIDE,ISSYNCFOLD,ISSYNCLIST,ISDATAPOWERENABLE,ISCONVERTTIMEZONES,REFCONDITION,ISGROUPPOWER,EDITDISABLED,TABSKIP,ALIGNMENT,FROZEN,SHOWASRANGE,ANOTHERLINE,COLUMNNUM,ICONTYPE,COREINDEX,ISCOREDATA,ISHIGHLIGHT,ISBOLD,CONTENTCOLOR,REFENTER,MULTIPLELINES,DR,TS ) values  ( null,1,null,34,null,null,null,null,null,null,null,null,null,'N',null,'datetimepicker',null,null,null,null,null,'N','022592a0-da5e-42b2-b9bc-d9ed490c18d2','9346c021-cab4-460e-8301-bb65bc53f829',null,null,null,null,null,null,'1001A11LCP00001IIKQO','1001A11LCP00001IIKPV','创建时间','creationtime','creationtime',120,null,null,null,null,'N','Y','Y',19,null,null,null,null,null,null,null,null,null,null,null,null,null,null,null,null,null,null,null,null,null,null,null,null,null,null,null,null,0,null ) 
/

insert into PUB_FORM_PROPERTY ( RESID,POSITION,COLOR,DATATYPE,DATAVAL,SHOWFORMULA,EDITFORMULA,VALIDATEFORMULA,DEFAULTVAR,RELATEMETA,DEFINE1,DEFINE2,DEFINE3,ISMULTISELECTEDENABLED,METADATAPROPERTY,ITEMTYPE,REFNAME,METAID,ISCODE,COLNUM,DEFAULTVALUE,ISDEFINED,CLASSID,PROID,HYPERLINKFLAG,ONLYLEAFCANSELECT,MOBILETITLE,ISLOCK,ISRESLABEL,SHOWDATAVAL,PK_FORM_PROPERTY,AREAID,LABEL,CODE,METAPATH,WIDTH,REFCODE,ISNEXTROW,ISREVISE,ISTOTAL,REQUIRED,DISABLED,VISIBLE,MAXLENGTH,TEXTROWS,CREATOR,MODIFIER,CREATIONTIME,MODIFIEDTIME,SHOWFOCUS,ISSYNCSIDE,ISSYNCFOLD,ISSYNCLIST,ISDATAPOWERENABLE,ISCONVERTTIMEZONES,REFCONDITION,ISGROUPPOWER,EDITDISABLED,TABSKIP,ALIGNMENT,FROZEN,SHOWASRANGE,ANOTHERLINE,COLUMNNUM,ICONTYPE,COREINDEX,ISCOREDATA,ISHIGHLIGHT,ISBOLD,CONTENTCOLOR,REFENTER,MULTIPLELINES,DR,TS ) values  ( null,2,null,204,'0001Z01000000001BVPB,code=N',null,null,null,null,null,null,null,null,'N','uap.user.user_name','refer','用户','f6f9a473-56c0-432f-8bc7-fbf8fde54fee',null,null,null,'N','022592a0-da5e-42b2-b9bc-d9ed490c18d2','3d7bad70-64ba-4af3-867e-4520ece7d65c',null,null,null,null,null,null,'1001A11LCP00001IIKQP','1001A11LCP00001IIKPV','最后修改人','modifier','modifier',120,'uap/refer/riart/userDefaultRefer/index',null,null,null,'N','Y','Y',20,null,null,null,null,null,null,null,null,null,null,null,null,null,null,null,null,null,null,null,null,null,null,null,null,null,null,null,null,0,null ) 
/

insert into PUB_FORM_PROPERTY ( RESID,POSITION,COLOR,DATATYPE,DATAVAL,SHOWFORMULA,EDITFORMULA,VALIDATEFORMULA,DEFAULTVAR,RELATEMETA,DEFINE1,DEFINE2,DEFINE3,ISMULTISELECTEDENABLED,METADATAPROPERTY,ITEMTYPE,REFNAME,METAID,ISCODE,COLNUM,DEFAULTVALUE,ISDEFINED,CLASSID,PROID,HYPERLINKFLAG,ONLYLEAFCANSELECT,MOBILETITLE,ISLOCK,ISRESLABEL,SHOWDATAVAL,PK_FORM_PROPERTY,AREAID,LABEL,CODE,METAPATH,WIDTH,REFCODE,ISNEXTROW,ISREVISE,ISTOTAL,REQUIRED,DISABLED,VISIBLE,MAXLENGTH,TEXTROWS,CREATOR,MODIFIER,CREATIONTIME,MODIFIEDTIME,SHOWFOCUS,ISSYNCSIDE,ISSYNCFOLD,ISSYNCLIST,ISDATAPOWERENABLE,ISCONVERTTIMEZONES,REFCONDITION,ISGROUPPOWER,EDITDISABLED,TABSKIP,ALIGNMENT,FROZEN,SHOWASRANGE,ANOTHERLINE,COLUMNNUM,ICONTYPE,COREINDEX,ISCOREDATA,ISHIGHLIGHT,ISBOLD,CONTENTCOLOR,REFENTER,MULTIPLELINES,DR,TS ) values  ( null,3,null,34,null,null,null,null,null,null,null,null,null,'N',null,'datetimepicker',null,null,null,null,null,'N','022592a0-da5e-42b2-b9bc-d9ed490c18d2','27f7e8de-e6de-49c1-a157-6ab29582e278',null,null,null,null,null,null,'1001A11LCP00001IIKQQ','1001A11LCP00001IIKPV','最后修改时间','modifiedtime','modifiedtime',120,null,null,null,null,'N','Y','Y',19,null,null,null,null,null,null,null,null,null,null,null,null,null,null,null,null,null,null,null,null,null,null,null,null,null,null,null,null,0,null ) 
/

insert into PUB_AREA ( PK_AREA,CODE,NAME,AREATYPE,ASSOCIATEDTABLAYOUT,TEMPLETID,CREATOR,MODIFIER,CREATIONTIME,MODIFIEDTIME,RESID,RELATIONCODE,AREASTATUS,PAGINATION,CLAZZ,METAID,METANAME,ASSOCIATEDTAB,POSITION,METASPACE,AREADESC,TABHEADCODE,ISUNFOLD,ISGRANDSON,AREAHIDE,ISCLOSEQUICKQUERY,PAGESIZE,MAINNESTAREACODE,COLUMNNUM,ICONTYPE,DR,TS ) values  ( '1001A11LCP00001IIKPU','region_CjmMasterForm','大区-陈金明_主表单',1,'horizontal','1001A11LCP00001IIKPT',null,null,null,null,null,null,'browse','','nc.vo.pu.region_cjm.Region_CjmMasterVO','022592a0-da5e-42b2-b9bc-d9ed490c18d2','大区-陈金明',null,0,'pu.region_CjmMaster',null,null,null,'N',null,null,null,null,null,null,0,'2023-08-30 13:04:29' ) 
/

insert into PUB_AREA ( PK_AREA,CODE,NAME,AREATYPE,ASSOCIATEDTABLAYOUT,TEMPLETID,CREATOR,MODIFIER,CREATIONTIME,MODIFIEDTIME,RESID,RELATIONCODE,AREASTATUS,PAGINATION,CLAZZ,METAID,METANAME,ASSOCIATEDTAB,POSITION,METASPACE,AREADESC,TABHEADCODE,ISUNFOLD,ISGRANDSON,AREAHIDE,ISCLOSEQUICKQUERY,PAGESIZE,MAINNESTAREACODE,COLUMNNUM,ICONTYPE,DR,TS ) values  ( '1001A11LCP00001IIKPV','region_CjmMasterAudit','操作信息',1,'horizontal','1001A11LCP00001IIKPT',null,null,null,null,null,'region_CjmMasterForm','browse','','nc.vo.pu.region_cjm.Region_CjmMasterVO','022592a0-da5e-42b2-b9bc-d9ed490c18d2','大区-陈金明',null,1,'pu.region_CjmMaster',null,null,null,'N',null,null,null,null,null,null,0,'2023-08-30 13:04:29' ) 
/

insert into SM_APPBUTNREGISTER ( BTNCODE,BTNNAME,BTNDESC,RESID,APPID,TEMPLETID,ISENABLE,PAGECODE,BTNORDER,BTNTYPE,BTNAREA,PARENT_CODE,ISKEYFUNC,KEYBOARD,BTNCOLOR,PAGEAREACODE,PAGEDIMENSION,DISPLAYAREA,ACTIONAREA,GROUPDIRECTION,DISABLED,VISIBLE,PK_BTN,DR,TS ) values  ( 'region_CjmMaster_Add_Group','',null,null,'1001A1100000001IFO73',null,'Y','4004800H1_region_CjmMaster',1,'buttongroup','common',null,null,'','button_secondary',null,null,null,null,null,null,null,'1001A11LCP00001IIVLO',0,null ) 
/

insert into SM_APPBUTNREGISTER ( BTNCODE,BTNNAME,BTNDESC,RESID,APPID,TEMPLETID,ISENABLE,PAGECODE,BTNORDER,BTNTYPE,BTNAREA,PARENT_CODE,ISKEYFUNC,KEYBOARD,BTNCOLOR,PAGEAREACODE,PAGEDIMENSION,DISPLAYAREA,ACTIONAREA,GROUPDIRECTION,DISABLED,VISIBLE,PK_BTN,DR,TS ) values  ( 'Save','保存',null,null,'1001A1100000001IFO73',null,'Y','4004800H1_region_CjmMaster',2,'general_btn','common','region_CjmMaster_Add_Group',null,'Ctrl+S','button_main',null,null,null,null,null,null,null,'1001A11LCP00001IIVLP',0,null ) 
/

insert into SM_APPBUTNREGISTER ( BTNCODE,BTNNAME,BTNDESC,RESID,APPID,TEMPLETID,ISENABLE,PAGECODE,BTNORDER,BTNTYPE,BTNAREA,PARENT_CODE,ISKEYFUNC,KEYBOARD,BTNCOLOR,PAGEAREACODE,PAGEDIMENSION,DISPLAYAREA,ACTIONAREA,GROUPDIRECTION,DISABLED,VISIBLE,PK_BTN,DR,TS ) values  ( 'SaveAdd','保存新增',null,null,'1001A1100000001IFO73',null,'Y','4004800H1_region_CjmMaster',3,'general_btn','common','region_CjmMaster_Add_Group',null,'Alt+S','button_secondary',null,null,null,null,null,null,null,'1001A11LCP00001IIVLQ',0,null ) 
/

insert into SM_APPBUTNREGISTER ( BTNCODE,BTNNAME,BTNDESC,RESID,APPID,TEMPLETID,ISENABLE,PAGECODE,BTNORDER,BTNTYPE,BTNAREA,PARENT_CODE,ISKEYFUNC,KEYBOARD,BTNCOLOR,PAGEAREACODE,PAGEDIMENSION,DISPLAYAREA,ACTIONAREA,GROUPDIRECTION,DISABLED,VISIBLE,PK_BTN,DR,TS ) values  ( 'Copy','复制',null,null,'1001A1100000001IFO73',null,'Y','4004800H1_region_CjmMaster',4,'general_btn','common',null,null,'Alt+C','button_secondary',null,null,null,null,null,null,null,'1001A11LCP00001IIVLR',0,null ) 
/

insert into SM_APPBUTNREGISTER ( BTNCODE,BTNNAME,BTNDESC,RESID,APPID,TEMPLETID,ISENABLE,PAGECODE,BTNORDER,BTNTYPE,BTNAREA,PARENT_CODE,ISKEYFUNC,KEYBOARD,BTNCOLOR,PAGEAREACODE,PAGEDIMENSION,DISPLAYAREA,ACTIONAREA,GROUPDIRECTION,DISABLED,VISIBLE,PK_BTN,DR,TS ) values  ( 'Cancel','取消',null,null,'1001A1100000001IFO73',null,'Y','4004800H1_region_CjmMaster',5,'general_btn','common',null,null,'Alt+Q','button_secondary',null,null,null,null,null,null,null,'1001A11LCP00001IIVLS',0,null ) 
/

insert into SM_APPBUTNREGISTER ( BTNCODE,BTNNAME,BTNDESC,RESID,APPID,TEMPLETID,ISENABLE,PAGECODE,BTNORDER,BTNTYPE,BTNAREA,PARENT_CODE,ISKEYFUNC,KEYBOARD,BTNCOLOR,PAGEAREACODE,PAGEDIMENSION,DISPLAYAREA,ACTIONAREA,GROUPDIRECTION,DISABLED,VISIBLE,PK_BTN,DR,TS ) values  ( 'Enable','启用',null,null,'1001A1100000001IFO73',null,'Y','4004800H1_region_CjmMaster',6,'divider','common',null,null,null,'button_secondary',null,null,null,null,null,null,null,'1001A11LCP00001IIVLT',0,null ) 
/

insert into SM_APPBUTNREGISTER ( BTNCODE,BTNNAME,BTNDESC,RESID,APPID,TEMPLETID,ISENABLE,PAGECODE,BTNORDER,BTNTYPE,BTNAREA,PARENT_CODE,ISKEYFUNC,KEYBOARD,BTNCOLOR,PAGEAREACODE,PAGEDIMENSION,DISPLAYAREA,ACTIONAREA,GROUPDIRECTION,DISABLED,VISIBLE,PK_BTN,DR,TS ) values  ( 'enablestate_Group','',null,null,'1001A1100000001IFO73',null,'Y','4004800H1_region_CjmMaster',7,'buttongroup','common','Enable',null,'','button_secondary',null,null,null,null,null,null,null,'1001A11LCP00001IIVLU',0,null ) 
/

insert into SM_APPBUTNREGISTER ( BTNCODE,BTNNAME,BTNDESC,RESID,APPID,TEMPLETID,ISENABLE,PAGECODE,BTNORDER,BTNTYPE,BTNAREA,PARENT_CODE,ISKEYFUNC,KEYBOARD,BTNCOLOR,PAGEAREACODE,PAGEDIMENSION,DISPLAYAREA,ACTIONAREA,GROUPDIRECTION,DISABLED,VISIBLE,PK_BTN,DR,TS ) values  ( 'Disable','停用',null,null,'1001A1100000001IFO73',null,'Y','4004800H1_region_CjmMaster',8,'general_btn','common','enablestate_Group',null,null,'button_secondary',null,null,null,null,null,null,null,'1001A11LCP00001IIVLV',0,null ) 
/

insert into SM_APPBUTNREGISTER ( BTNCODE,BTNNAME,BTNDESC,RESID,APPID,TEMPLETID,ISENABLE,PAGECODE,BTNORDER,BTNTYPE,BTNAREA,PARENT_CODE,ISKEYFUNC,KEYBOARD,BTNCOLOR,PAGEAREACODE,PAGEDIMENSION,DISPLAYAREA,ACTIONAREA,GROUPDIRECTION,DISABLED,VISIBLE,PK_BTN,DR,TS ) values  ( 'fs_group_add','新建分组',null,null,'1001A1100000001IFO73',null,'Y','4004800H1_region_CjmMaster',9,'general_btn','ncuploader_modal-area',null,null,null,'button_main',null,null,null,null,null,null,null,'1001A11LCP00001IIVLW',0,null ) 
/

insert into SM_APPBUTNREGISTER ( BTNCODE,BTNNAME,BTNDESC,RESID,APPID,TEMPLETID,ISENABLE,PAGECODE,BTNORDER,BTNTYPE,BTNAREA,PARENT_CODE,ISKEYFUNC,KEYBOARD,BTNCOLOR,PAGEAREACODE,PAGEDIMENSION,DISPLAYAREA,ACTIONAREA,GROUPDIRECTION,DISABLED,VISIBLE,PK_BTN,DR,TS ) values  ( 'fs_browse','预览',null,null,'1001A1100000001IFO73',null,'Y','4004800H1_region_CjmMaster',10,'general_btn','ncuploader_modal-area',null,null,null,'button_secondary',null,null,null,null,null,null,null,'1001A11LCP00001IIVLX',0,null ) 
/

insert into SM_APPBUTNREGISTER ( BTNCODE,BTNNAME,BTNDESC,RESID,APPID,TEMPLETID,ISENABLE,PAGECODE,BTNORDER,BTNTYPE,BTNAREA,PARENT_CODE,ISKEYFUNC,KEYBOARD,BTNCOLOR,PAGEAREACODE,PAGEDIMENSION,DISPLAYAREA,ACTIONAREA,GROUPDIRECTION,DISABLED,VISIBLE,PK_BTN,DR,TS ) values  ( 'fs_delete','删除',null,null,'1001A1100000001IFO73',null,'Y','4004800H1_region_CjmMaster',11,'general_btn','ncuploader_modal-area',null,null,null,'button_secondary',null,null,null,null,null,null,null,'1001A11LCP00001IIVLY',0,null ) 
/

insert into SM_APPBUTNREGISTER ( BTNCODE,BTNNAME,BTNDESC,RESID,APPID,TEMPLETID,ISENABLE,PAGECODE,BTNORDER,BTNTYPE,BTNAREA,PARENT_CODE,ISKEYFUNC,KEYBOARD,BTNCOLOR,PAGEAREACODE,PAGEDIMENSION,DISPLAYAREA,ACTIONAREA,GROUPDIRECTION,DISABLED,VISIBLE,PK_BTN,DR,TS ) values  ( 'fs_download','下载',null,null,'1001A1100000001IFO73',null,'Y','4004800H1_region_CjmMaster',12,'general_btn','ncuploader_modal-area',null,null,null,'button_secondary',null,null,null,null,null,null,null,'1001A11LCP00001IIVLZ',0,null ) 
/

insert into SM_APPBUTNREGISTER ( BTNCODE,BTNNAME,BTNDESC,RESID,APPID,TEMPLETID,ISENABLE,PAGECODE,BTNORDER,BTNTYPE,BTNAREA,PARENT_CODE,ISKEYFUNC,KEYBOARD,BTNCOLOR,PAGEAREACODE,PAGEDIMENSION,DISPLAYAREA,ACTIONAREA,GROUPDIRECTION,DISABLED,VISIBLE,PK_BTN,DR,TS ) values  ( 'fs_edit','修改',null,null,'1001A1100000001IFO73',null,'Y','4004800H1_region_CjmMaster',13,'general_btn','ncuploader_modal-area',null,null,null,'button_secondary',null,null,null,null,null,null,null,'1001A11LCP00001IIVM0',0,null ) 
/

insert into SM_APPBUTNREGISTER ( BTNCODE,BTNNAME,BTNDESC,RESID,APPID,TEMPLETID,ISENABLE,PAGECODE,BTNORDER,BTNTYPE,BTNAREA,PARENT_CODE,ISKEYFUNC,KEYBOARD,BTNCOLOR,PAGEAREACODE,PAGEDIMENSION,DISPLAYAREA,ACTIONAREA,GROUPDIRECTION,DISABLED,VISIBLE,PK_BTN,DR,TS ) values  ( 'fs_group_edit','组名修改',null,null,'1001A1100000001IFO73',null,'Y','4004800H1_region_CjmMaster',14,'general_btn','ncuploader_modal-area',null,null,null,'button_secondary',null,null,null,null,null,null,null,'1001A11LCP00001IIVM1',0,null ) 
/

insert into SM_APPBUTNREGISTER ( BTNCODE,BTNNAME,BTNDESC,RESID,APPID,TEMPLETID,ISENABLE,PAGECODE,BTNORDER,BTNTYPE,BTNAREA,PARENT_CODE,ISKEYFUNC,KEYBOARD,BTNCOLOR,PAGEAREACODE,PAGEDIMENSION,DISPLAYAREA,ACTIONAREA,GROUPDIRECTION,DISABLED,VISIBLE,PK_BTN,DR,TS ) values  ( 'fs_group_delete','组名删除',null,null,'1001A1100000001IFO73',null,'Y','4004800H1_region_CjmMaster',15,'general_btn','ncuploader_modal-area',null,null,null,'button_secondary',null,null,null,null,null,null,null,'1001A11LCP00001IIVM2',0,null ) 
/

insert into SM_APPBUTNREGISTER ( BTNCODE,BTNNAME,BTNDESC,RESID,APPID,TEMPLETID,ISENABLE,PAGECODE,BTNORDER,BTNTYPE,BTNAREA,PARENT_CODE,ISKEYFUNC,KEYBOARD,BTNCOLOR,PAGEAREACODE,PAGEDIMENSION,DISPLAYAREA,ACTIONAREA,GROUPDIRECTION,DISABLED,VISIBLE,PK_BTN,DR,TS ) values  ( 'fs_heigh_meter','高拍仪',null,null,'1001A1100000001IFO73',null,'Y','4004800H1_region_CjmMaster',16,'general_btn','ncuploader_modal-area',null,null,null,'button_secondary',null,null,null,null,null,null,null,'1001A11LCP00001IIVM3',0,null ) 
/

insert into SM_APPBUTNREGISTER ( BTNCODE,BTNNAME,BTNDESC,RESID,APPID,TEMPLETID,ISENABLE,PAGECODE,BTNORDER,BTNTYPE,BTNAREA,PARENT_CODE,ISKEYFUNC,KEYBOARD,BTNCOLOR,PAGEAREACODE,PAGEDIMENSION,DISPLAYAREA,ACTIONAREA,GROUPDIRECTION,DISABLED,VISIBLE,PK_BTN,DR,TS ) values  ( 'fs_move','移动',null,null,'1001A1100000001IFO73',null,'Y','4004800H1_region_CjmMaster',17,'general_btn','ncuploader_modal-area',null,null,null,'button_secondary',null,null,null,null,null,null,null,'1001A11LCP00001IIVM4',0,null ) 
/

insert into SM_APPBUTNREGISTER ( BTNCODE,BTNNAME,BTNDESC,RESID,APPID,TEMPLETID,ISENABLE,PAGECODE,BTNORDER,BTNTYPE,BTNAREA,PARENT_CODE,ISKEYFUNC,KEYBOARD,BTNCOLOR,PAGEAREACODE,PAGEDIMENSION,DISPLAYAREA,ACTIONAREA,GROUPDIRECTION,DISABLED,VISIBLE,PK_BTN,DR,TS ) values  ( 'fs_rename','重命名',null,null,'1001A1100000001IFO73',null,'Y','4004800H1_region_CjmMaster',18,'general_btn','ncuploader_modal-area',null,null,null,'button_secondary',null,null,null,null,null,null,null,'1001A11LCP00001IIVM5',0,null ) 
/

insert into SM_APPBUTNREGISTER ( BTNCODE,BTNNAME,BTNDESC,RESID,APPID,TEMPLETID,ISENABLE,PAGECODE,BTNORDER,BTNTYPE,BTNAREA,PARENT_CODE,ISKEYFUNC,KEYBOARD,BTNCOLOR,PAGEAREACODE,PAGEDIMENSION,DISPLAYAREA,ACTIONAREA,GROUPDIRECTION,DISABLED,VISIBLE,PK_BTN,DR,TS ) values  ( 'fs_upload','上传',null,null,'1001A1100000001IFO73',null,'Y','4004800H1_region_CjmMaster',19,'general_btn','ncuploader_modal-area',null,null,null,'button_secondary',null,null,null,null,null,null,null,'1001A11LCP00001IIVM6',0,null ) 
/

insert into SM_APPBUTNREGISTER ( BTNCODE,BTNNAME,BTNDESC,RESID,APPID,TEMPLETID,ISENABLE,PAGECODE,BTNORDER,BTNTYPE,BTNAREA,PARENT_CODE,ISKEYFUNC,KEYBOARD,BTNCOLOR,PAGEAREACODE,PAGEDIMENSION,DISPLAYAREA,ACTIONAREA,GROUPDIRECTION,DISABLED,VISIBLE,PK_BTN,DR,TS ) values  ( 'fs_upload_url','上传url',null,null,'1001A1100000001IFO73',null,'Y','4004800H1_region_CjmMaster',20,'general_btn','ncuploader_modal-area',null,null,null,'button_secondary',null,null,null,null,null,null,null,'1001A11LCP00001IIVM7',0,null ) 
/

insert into SM_APPBUTNREGISTER ( BTNCODE,BTNNAME,BTNDESC,RESID,APPID,TEMPLETID,ISENABLE,PAGECODE,BTNORDER,BTNTYPE,BTNAREA,PARENT_CODE,ISKEYFUNC,KEYBOARD,BTNCOLOR,PAGEAREACODE,PAGEDIMENSION,DISPLAYAREA,ACTIONAREA,GROUPDIRECTION,DISABLED,VISIBLE,PK_BTN,DR,TS ) values  ( 'More','更多',null,null,'1001A1100000001IFO73',null,'Y','4004800H1_region_CjmMaster',21,'more','common',null,null,null,'button_secondary',null,null,null,null,null,null,null,'1001A11LCP00001IIVM8',0,null ) 
/

insert into SM_APPBUTNREGISTER ( BTNCODE,BTNNAME,BTNDESC,RESID,APPID,TEMPLETID,ISENABLE,PAGECODE,BTNORDER,BTNTYPE,BTNAREA,PARENT_CODE,ISKEYFUNC,KEYBOARD,BTNCOLOR,PAGEAREACODE,PAGEDIMENSION,DISPLAYAREA,ACTIONAREA,GROUPDIRECTION,DISABLED,VISIBLE,PK_BTN,DR,TS ) values  ( 'Attachment_Group','辅助功能',null,null,'1001A1100000001IFO73',null,'Y','4004800H1_region_CjmMaster',22,'buttongroup','common','More',null,'','button_secondary',null,null,null,null,null,null,null,'1001A11LCP00001IIVM9',0,null ) 
/

insert into SM_APPBUTNREGISTER ( BTNCODE,BTNNAME,BTNDESC,RESID,APPID,TEMPLETID,ISENABLE,PAGECODE,BTNORDER,BTNTYPE,BTNAREA,PARENT_CODE,ISKEYFUNC,KEYBOARD,BTNCOLOR,PAGEAREACODE,PAGEDIMENSION,DISPLAYAREA,ACTIONAREA,GROUPDIRECTION,DISABLED,VISIBLE,PK_BTN,DR,TS ) values  ( 'Attachment','附件管理',null,null,'1001A1100000001IFO73',null,'Y','4004800H1_region_CjmMaster',23,'general_btn','common','Attachment_Group',null,'Alt+D','button_secondary',null,null,null,null,null,null,null,'1001A11LCP00001IIVMA',0,null ) 
/

insert into SM_APPBUTNREGISTER ( BTNCODE,BTNNAME,BTNDESC,RESID,APPID,TEMPLETID,ISENABLE,PAGECODE,BTNORDER,BTNTYPE,BTNAREA,PARENT_CODE,ISKEYFUNC,KEYBOARD,BTNCOLOR,PAGEAREACODE,PAGEDIMENSION,DISPLAYAREA,ACTIONAREA,GROUPDIRECTION,DISABLED,VISIBLE,PK_BTN,DR,TS ) values  ( 'PrintAndOutput_Group','打印',null,null,'1001A1100000001IFO73',null,'Y','4004800H1_region_CjmMaster',24,'buttongroup','common','More',null,'','button_secondary',null,null,null,null,null,null,null,'1001A11LCP00001IIVMC',0,null ) 
/

insert into SM_APPBUTNREGISTER ( BTNCODE,BTNNAME,BTNDESC,RESID,APPID,TEMPLETID,ISENABLE,PAGECODE,BTNORDER,BTNTYPE,BTNAREA,PARENT_CODE,ISKEYFUNC,KEYBOARD,BTNCOLOR,PAGEAREACODE,PAGEDIMENSION,DISPLAYAREA,ACTIONAREA,GROUPDIRECTION,DISABLED,VISIBLE,PK_BTN,DR,TS ) values  ( 'Print','打印',null,null,'1001A1100000001IFO73',null,'Y','4004800H1_region_CjmMaster',25,'general_btn','common','PrintAndOutput_Group',null,'Ctrl+P','button_secondary',null,null,null,null,null,null,null,'1001A11LCP00001IIVMD',0,null ) 
/

insert into SM_APPBUTNREGISTER ( BTNCODE,BTNNAME,BTNDESC,RESID,APPID,TEMPLETID,ISENABLE,PAGECODE,BTNORDER,BTNTYPE,BTNAREA,PARENT_CODE,ISKEYFUNC,KEYBOARD,BTNCOLOR,PAGEAREACODE,PAGEDIMENSION,DISPLAYAREA,ACTIONAREA,GROUPDIRECTION,DISABLED,VISIBLE,PK_BTN,DR,TS ) values  ( 'Output','输出',null,null,'1001A1100000001IFO73',null,'Y','4004800H1_region_CjmMaster',26,'general_btn','common','PrintAndOutput_Group',null,'Ctrl+W','button_secondary',null,null,null,null,null,null,null,'1001A11LCP00001IIVME',0,null ) 
/

insert into SM_APPBUTNREGISTER ( BTNCODE,BTNNAME,BTNDESC,RESID,APPID,TEMPLETID,ISENABLE,PAGECODE,BTNORDER,BTNTYPE,BTNAREA,PARENT_CODE,ISKEYFUNC,KEYBOARD,BTNCOLOR,PAGEAREACODE,PAGEDIMENSION,DISPLAYAREA,ACTIONAREA,GROUPDIRECTION,DISABLED,VISIBLE,PK_BTN,DR,TS ) values  ( 'ImportAndExport_Group','导入',null,null,'1001A1100000001IFO73',null,'Y','4004800H1_region_CjmMaster',27,'buttongroup','common','More',null,'','button_secondary',null,null,null,null,null,null,null,'1001A11LCP00001IIVMG',0,null ) 
/

insert into SM_APPBUTNREGISTER ( BTNCODE,BTNNAME,BTNDESC,RESID,APPID,TEMPLETID,ISENABLE,PAGECODE,BTNORDER,BTNTYPE,BTNAREA,PARENT_CODE,ISKEYFUNC,KEYBOARD,BTNCOLOR,PAGEAREACODE,PAGEDIMENSION,DISPLAYAREA,ACTIONAREA,GROUPDIRECTION,DISABLED,VISIBLE,PK_BTN,DR,TS ) values  ( 'Import','导入',null,null,'1001A1100000001IFO73',null,'Y','4004800H1_region_CjmMaster',28,'general_btn','common','ImportAndExport_Group',null,'Ctrl+Alt+E','button_secondary',null,null,null,null,null,null,null,'1001A11LCP00001IIVMH',0,null ) 
/

insert into SM_APPBUTNREGISTER ( BTNCODE,BTNNAME,BTNDESC,RESID,APPID,TEMPLETID,ISENABLE,PAGECODE,BTNORDER,BTNTYPE,BTNAREA,PARENT_CODE,ISKEYFUNC,KEYBOARD,BTNCOLOR,PAGEAREACODE,PAGEDIMENSION,DISPLAYAREA,ACTIONAREA,GROUPDIRECTION,DISABLED,VISIBLE,PK_BTN,DR,TS ) values  ( 'Export','导出',null,null,'1001A1100000001IFO73',null,'Y','4004800H1_region_CjmMaster',29,'general_btn','common','ImportAndExport_Group',null,'ctrl+alt+c','button_secondary',null,null,null,null,null,null,null,'1001A11LCP00001IIVMI',0,null ) 
/

insert into SM_APPBUTNREGISTER ( BTNCODE,BTNNAME,BTNDESC,RESID,APPID,TEMPLETID,ISENABLE,PAGECODE,BTNORDER,BTNTYPE,BTNAREA,PARENT_CODE,ISKEYFUNC,KEYBOARD,BTNCOLOR,PAGEAREACODE,PAGEDIMENSION,DISPLAYAREA,ACTIONAREA,GROUPDIRECTION,DISABLED,VISIBLE,PK_BTN,DR,TS ) values  ( 'Refresh','',null,null,'1001A1100000001IFO73',null,'Y','4004800H1_region_CjmMaster',30,'general_btn','common',null,null,'F5','button_secondary',null,null,null,null,null,null,null,'1001A11LCP00001IIVMJ',0,null ) 
/

insert into EXCEL_OUTPUTPROCESS ( BILLTYPE,MODULE,PK_PROCESS,PRANAME,PROCLASSNAME,TS ) values  ( 'REGION_CJMMASTER_4004800H1','PU','1001A11LCP00001IIVLB','大区-陈金明导出模板','nc.impl.pu.region_cjm.region_cjmmaster.Region_CjmMasterVOExcelOutputProcessor','2023-08-30 13:04:29' ) 
/

insert into EXCEL_BILLPROCESS ( BASECLASSNAME,BILLTYPE,MODULE,PK_PROCESS,PRANAME,PROCLASSNAME,TS ) values  ( null,'REGION_CJMMASTER_4004800H1','PU','1001A11LCP00001IIVLC','大区-陈金明导入模板','nc.impl.pu.region_cjm.region_cjmmaster.Region_CjmMasterVOImportProcess','2023-08-30 13:04:29' ) 
/

insert into EXCEL_TRANSLATOR ( MODULE,PK_TRANSLATOR,TRACLASSNAME,TRAID,TRANAME,DR,TS ) values  ( 'pu','1001A11LCP00001IIVLD','nc.impl.pu.region_cjm.region_cjmmaster.Region_CjmMasterVOTranslator','999','大区-陈金明翻译器',0,'2023-08-30 13:04:29' ) 
/

insert into BD_USERDEFRULE ( PK_USERDEFRULE,CODE,NAME,NAME2,NAME3,NAME4,NAME5,NAME6,ITEMCOUNT,PARENT_ID,SHOWORDER,RULETYPE,PK_ORG,PK_GROUP,CREATOR,CREATIONTIME,MODIFIER,MODIFIEDTIME,DATAORIGINFLAG,DR,TS ) values  ( '1001A11LCP00001IIVLM','region_CjmMaster','大区-陈金明',null,null,null,null,null,20,'1001Z81000000000HJ6J',null,0,null,null,null,null,null,null,0,0,'2023-08-30 13:04:30' ) 
/

insert into BD_USERDEFRULEREF ( PK_USERDEFRULE,PK_USERDEFRULEREF,REFCLASS,PREFIX,CHECKCLASS,CREATOR,CREATIONTIME,MODIFIER,MODIFIEDTIME,DATAORIGINFLAG,DR,TS ) values  ( '1001A11LCP00001IIVLM','1001A11LCP00001IIVLN','022592a0-da5e-42b2-b9bc-d9ed490c18d2',null,null,null,null,null,null,null,0,'2023-08-30 13:04:30' ) 
/

insert into XX_BUSIPRODEF ( PK_BUSIPRODEF,AAMLEVEL,BASECLASSNAME,BILLNAME,BILLTYPE,LOCKLEVEL,METADATAID,MODULENAME,OVERWRITE,PARTIALMODULENAME,PLUGINCLASSNAME,DR,TS ) values  ( '1001A11LCP00001IIVLK',0,null,'大区-陈金明','4004800H1',3,'022592a0-da5e-42b2-b9bc-d9ed490c18d2','pu',null,'pu','nc.impl.pu.region_cjm.region_cjmmaster.Region_CjmMasterVOPfxxPlugin',0,'2023-08-30 13:04:30' ) 
/

insert into XI_BILLDEFINE ( PK_BILLDEFINE,EXSYSTEMCODE,AAMLEVEL,BILLDEFINEDATA,BILLTYPE,DR,TS ) values  ( '1001A11LCP00001IIVLL','~',0,null,'4004800H1',0,'2023-08-30 13:04:30' ) 
/

insert into OPM_APIMANAGER ( PK_API,APIURI,CODE,DESCRIBE,DOCPATH,FK_PARENT,ISAPIDATA,MODULE_CODE,NAME,DR,TS ) values  ( '1001A11LCP00001IIVLG','/nccloud/api/pu/region_cjmmanage/region_CjmMaster/addRegion_CjmMasterVO','10880339','新增大区-陈金明','/pu/region_CjmMastermanage/Region_CjmMasterVO.md','1001ZZ1LCP0000000C5L','Y','1088','新增大区-陈金明',0,'2023-08-30 13:04:29' ) 
/

insert into OPM_APIMANAGER ( PK_API,APIURI,CODE,DESCRIBE,DOCPATH,FK_PARENT,ISAPIDATA,MODULE_CODE,NAME,DR,TS ) values  ( '1001A11LCP00001IIVLH','/nccloud/api/pu/region_cjmmanage/region_CjmMaster/updateRegion_CjmMasterVO','10880340','修改大区-陈金明','/pu/region_CjmMastermanage/Region_CjmMasterVO.md','1001ZZ1LCP0000000C5L','Y','1088','修改大区-陈金明',0,'2023-08-30 13:04:29' ) 
/

insert into OPM_APIMANAGER ( PK_API,APIURI,CODE,DESCRIBE,DOCPATH,FK_PARENT,ISAPIDATA,MODULE_CODE,NAME,DR,TS ) values  ( '1001A11LCP00001IIVLI','/nccloud/api/pu/region_cjmmanage/region_CjmMaster/deleteRegion_CjmMasterVO','10880341','删除大区-陈金明','/pu/region_CjmMastermanage/Region_CjmMasterVO.md','1001ZZ1LCP0000000C5L','Y','1088','删除大区-陈金明',0,'2023-08-30 13:04:29' ) 
/

insert into OPM_APIMANAGER ( PK_API,APIURI,CODE,DESCRIBE,DOCPATH,FK_PARENT,ISAPIDATA,MODULE_CODE,NAME,DR,TS ) values  ( '1001A11LCP00001IIVLJ','/nccloud/api/pu/region_cjmmanage/region_CjmMaster/queryRegion_CjmMasterVO','10880342','查询大区-陈金明','/pu/region_CjmMastermanage/Region_CjmMasterVO.md','1001ZZ1LCP0000000C5L','Y','1088','查询大区-陈金明',0,'2023-08-30 13:04:29' ) 
/

insert into BD_REFINFO ( CODE,ISTREELAZYLOAD,ISNEEDPARA,ISSPECIALREF,LAYER,REFTYPE,METADATANAMESPACE,METADATATYPENAME,MOBILEREFPATH,MODULENAME,NAME,PARA1,PARA2,PARA3,PK_COUNTRY,PK_INDUSTRY,PK_REFINFO,REFCLASS,REFPATH,REFSYSTEM,RESERV1,RESERV2,RESERV3,RESID,RESIDPATH,WHEREPART,WORKFLOWCONDITIONUSEUNITORG,TS,DR ) values  ( '4004800H1','N',null,null,null,0,'pu','region_CjmMaster',null,'pu','大区-陈金明_大区-陈金明_表参照_region_cjm_region_CjmMaster',null,null,null,null,null,'1001A11LCP00001IIVLE',null,'pu/refer/region_cjm/region_CjmMasterGridRef/index',null,null,null,null,'region_cjm','region_cjm',null,null,'2023-08-30 13:04:29',0 ) 
/

insert into PUB_PRINT_TEMPLATE ( APPCODE,BDIRECTOR,BDISPAGENUM,BDISTOTALPAGENUM,BILLSPACE,BNORMALCOLOR,CTEMPLATEID,DEVORG,DR,EXTENDATTR,FFONTSTYLE,FPAGINATION,IBOTMARGIN,IBREAKPOSITION,IFONTSIZE,IGRIDCOLOR,ILEFTMARGIN,IPAGEHEIGHT,IPAGELOCATE,IPAGEWIDTH,IRIGHTMARGIN,ISCALE,ITOPMARGIN,ITYPE,LAYER,MDCLASS,MODEL_TYPE,MODELHEIGHT,MODELWIDTH,PK_CORP,PK_ORG,PREPARE1,PREPARE2,PTEMPLATEID,TS,VDEFAULTPRINTER,VFONTNAME,VLEFTNOTE,VMIDNOTE,VNODECODE,VRIGHTNOTE,VTEMPLATECODE,VTEMPLATENAME ) values  ( '4004800H1','N','N','N',null,'N','1001A11LCP00001IIKQR','~',0,'<nc.vo.pub.print.PrintTemplateExtVO>
  <isBindUp>false</isBindUp>
  <zdline__position>0.0</zdline__position>
  <pagehead__position>0.0</pagehead__position>
  <pagetail__position>0.0</pagetail__position>
  <pagenumber__position>0.0</pagenumber__position>
  <m__withFullPageNumber>false</m__withFullPageNumber>
  <baseLineWeight>0.65</baseLineWeight>
  <initPageNo>1</initPageNo>
</nc.vo.pub.print.PrintTemplateExtVO>
','0',0,20,0,9,-4144960,20,595,21,595,20,100,20,1,0,'022592a0-da5e-42b2-b9bc-d9ed490c18d2',null,null,null,'@@@@','~','000000001000','false','~','2023-08-30 13:04:29',null,'SimSun','第','页 共','@@@@','页','4004800H1_list','大区-陈金明列表打印模板' ) 
/

insert into PUB_PRINT_TEMPLATE ( APPCODE,BDIRECTOR,BDISPAGENUM,BDISTOTALPAGENUM,BILLSPACE,BNORMALCOLOR,CTEMPLATEID,DEVORG,DR,EXTENDATTR,FFONTSTYLE,FPAGINATION,IBOTMARGIN,IBREAKPOSITION,IFONTSIZE,IGRIDCOLOR,ILEFTMARGIN,IPAGEHEIGHT,IPAGELOCATE,IPAGEWIDTH,IRIGHTMARGIN,ISCALE,ITOPMARGIN,ITYPE,LAYER,MDCLASS,MODEL_TYPE,MODELHEIGHT,MODELWIDTH,PK_CORP,PK_ORG,PREPARE1,PREPARE2,PTEMPLATEID,TS,VDEFAULTPRINTER,VFONTNAME,VLEFTNOTE,VMIDNOTE,VNODECODE,VRIGHTNOTE,VTEMPLATECODE,VTEMPLATENAME ) values  ( '4004800H1','N','N','N',null,'N','1001A11LCP00001IIKQS','~',0,'<nc.vo.pub.print.PrintTemplateExtVO>
  <isBindUp>false</isBindUp>
  <zdline__position>0.0</zdline__position>
  <pagehead__position>0.0</pagehead__position>
  <pagetail__position>0.0</pagetail__position>
  <pagenumber__position>0.0</pagenumber__position>
  <m__withFullPageNumber>false</m__withFullPageNumber>
  <baseLineWeight>0.65</baseLineWeight>
  <initPageNo>1</initPageNo>
</nc.vo.pub.print.PrintTemplateExtVO>
','0',0,20,0,9,-4144960,20,595,21,595,20,100,20,1,0,'022592a0-da5e-42b2-b9bc-d9ed490c18d2',null,null,null,'@@@@','~','000000001000','false','~','2023-08-30 13:04:29',null,'SimSun','第','页 共','@@@@','页','4004800H1_card','大区-陈金明卡片打印模板' ) 
/

insert into PUB_PRINT_CELL ( BUNDERLINE,CCELLCODE,CCELLID,CCOMBINEPROPERTY,CCONTENTPROPERTY,CISFROZEN,CISHEADTAIL,CLINEPROPERTY,CTEMPLATEID,FFONTSTYLE,FIXEDSTYLE,FSHADOWTYPE,IBGCOLOR,IBOTLINECOLOR,IFGCOLOR,IFONRSIZE,IHEIGHT,ILEFTLINECOLOR,IRIGHTCOLOR,ISDYCOLGROUP,ISDYNROWHEIGHT,ISLASTPAGETRAIL,ISTARTX,ISTARTY,ITOPLINECOLOR,IWIDTH,OPTIONS,PREPARE1,PREPARE2,TABLE_CODE,VFONTNAME,VTEXT,VVAR,DR,TS ) values  ( '0','000000000000','1001A11LCP00001IIKQT','1000000','0110','00','00','01010101','1001A11LCP00001IIKQR',0,'0000',0,-1,-16777216,-16777216,12,9,-16777216,-16777216,'N','N','N',0,0,-16777216,80,'<nc.vo.pub.print.PrintCellExtVO>
  <height__decimal>0.0</height__decimal>
  <textDirection>0</textDirection>
  <lineSpaceBetween>0</lineSpaceBetween>
  <formatType>0</formatType>
</nc.vo.pub.print.PrintCellExtVO>','N',null,null,'宋体','大区-陈金明',null,0,'2023-08-30 13:04:29' ) 
/

insert into PUB_PRINT_CELL ( BUNDERLINE,CCELLCODE,CCELLID,CCOMBINEPROPERTY,CCONTENTPROPERTY,CISFROZEN,CISHEADTAIL,CLINEPROPERTY,CTEMPLATEID,FFONTSTYLE,FIXEDSTYLE,FSHADOWTYPE,IBGCOLOR,IBOTLINECOLOR,IFGCOLOR,IFONRSIZE,IHEIGHT,ILEFTLINECOLOR,IRIGHTCOLOR,ISDYCOLGROUP,ISDYNROWHEIGHT,ISLASTPAGETRAIL,ISTARTX,ISTARTY,ITOPLINECOLOR,IWIDTH,OPTIONS,PREPARE1,PREPARE2,TABLE_CODE,VFONTNAME,VTEXT,VVAR,DR,TS ) values  ( '0','000001000001','1001A11LCP00001IIKQU','1000000','0110','00','00','01010101','1001A11LCP00001IIKQR',0,'0000',0,-1,-16777216,-16777216,12,9,-16777216,-16777216,'N','N','N',0,0,-16777216,80,'<nc.vo.pub.print.PrintCellExtVO>
  <height__decimal>0.0</height__decimal>
  <textDirection>0</textDirection>
  <lineSpaceBetween>0</lineSpaceBetween>
  <formatType>0</formatType>
</nc.vo.pub.print.PrintCellExtVO>','N',null,null,'宋体','大区-陈金明',null,0,'2023-08-30 13:04:29' ) 
/

insert into PUB_PRINT_CELL ( BUNDERLINE,CCELLCODE,CCELLID,CCOMBINEPROPERTY,CCONTENTPROPERTY,CISFROZEN,CISHEADTAIL,CLINEPROPERTY,CTEMPLATEID,FFONTSTYLE,FIXEDSTYLE,FSHADOWTYPE,IBGCOLOR,IBOTLINECOLOR,IFGCOLOR,IFONRSIZE,IHEIGHT,ILEFTLINECOLOR,IRIGHTCOLOR,ISDYCOLGROUP,ISDYNROWHEIGHT,ISLASTPAGETRAIL,ISTARTX,ISTARTY,ITOPLINECOLOR,IWIDTH,OPTIONS,PREPARE1,PREPARE2,TABLE_CODE,VFONTNAME,VTEXT,VVAR,DR,TS ) values  ( '0','000002000002','1001A11LCP00001IIKQV','1000000','0110','00','00','01010101','1001A11LCP00001IIKQR',0,'0000',0,-1,-16777216,-16777216,12,9,-16777216,-16777216,'N','N','N',0,0,-16777216,80,'<nc.vo.pub.print.PrintCellExtVO>
  <height__decimal>0.0</height__decimal>
  <textDirection>0</textDirection>
  <lineSpaceBetween>0</lineSpaceBetween>
  <formatType>0</formatType>
</nc.vo.pub.print.PrintCellExtVO>','N',null,null,'宋体','大区-陈金明',null,0,'2023-08-30 13:04:29' ) 
/

insert into PUB_PRINT_CELL ( BUNDERLINE,CCELLCODE,CCELLID,CCOMBINEPROPERTY,CCONTENTPROPERTY,CISFROZEN,CISHEADTAIL,CLINEPROPERTY,CTEMPLATEID,FFONTSTYLE,FIXEDSTYLE,FSHADOWTYPE,IBGCOLOR,IBOTLINECOLOR,IFGCOLOR,IFONRSIZE,IHEIGHT,ILEFTLINECOLOR,IRIGHTCOLOR,ISDYCOLGROUP,ISDYNROWHEIGHT,ISLASTPAGETRAIL,ISTARTX,ISTARTY,ITOPLINECOLOR,IWIDTH,OPTIONS,PREPARE1,PREPARE2,TABLE_CODE,VFONTNAME,VTEXT,VVAR,DR,TS ) values  ( '0','000003000003','1001A11LCP00001IIKQW','1000000','0110','00','00','01010101','1001A11LCP00001IIKQR',0,'0000',0,-1,-16777216,-16777216,12,9,-16777216,-16777216,'N','N','N',0,0,-16777216,80,'<nc.vo.pub.print.PrintCellExtVO>
  <height__decimal>0.0</height__decimal>
  <textDirection>0</textDirection>
  <lineSpaceBetween>0</lineSpaceBetween>
  <formatType>0</formatType>
</nc.vo.pub.print.PrintCellExtVO>','N',null,null,'宋体','大区-陈金明',null,0,'2023-08-30 13:04:29' ) 
/

insert into PUB_PRINT_CELL ( BUNDERLINE,CCELLCODE,CCELLID,CCOMBINEPROPERTY,CCONTENTPROPERTY,CISFROZEN,CISHEADTAIL,CLINEPROPERTY,CTEMPLATEID,FFONTSTYLE,FIXEDSTYLE,FSHADOWTYPE,IBGCOLOR,IBOTLINECOLOR,IFGCOLOR,IFONRSIZE,IHEIGHT,ILEFTLINECOLOR,IRIGHTCOLOR,ISDYCOLGROUP,ISDYNROWHEIGHT,ISLASTPAGETRAIL,ISTARTX,ISTARTY,ITOPLINECOLOR,IWIDTH,OPTIONS,PREPARE1,PREPARE2,TABLE_CODE,VFONTNAME,VTEXT,VVAR,DR,TS ) values  ( '0','000004000004','1001A11LCP00001IIKQX','1000000','0110','00','00','01010101','1001A11LCP00001IIKQR',0,'0000',0,-1,-16777216,-16777216,12,9,-16777216,-16777216,'N','N','N',0,0,-16777216,80,'<nc.vo.pub.print.PrintCellExtVO>
  <height__decimal>0.0</height__decimal>
  <textDirection>0</textDirection>
  <lineSpaceBetween>0</lineSpaceBetween>
  <formatType>0</formatType>
</nc.vo.pub.print.PrintCellExtVO>','N',null,null,'宋体','大区-陈金明',null,0,'2023-08-30 13:04:29' ) 
/

insert into PUB_PRINT_CELL ( BUNDERLINE,CCELLCODE,CCELLID,CCOMBINEPROPERTY,CCONTENTPROPERTY,CISFROZEN,CISHEADTAIL,CLINEPROPERTY,CTEMPLATEID,FFONTSTYLE,FIXEDSTYLE,FSHADOWTYPE,IBGCOLOR,IBOTLINECOLOR,IFGCOLOR,IFONRSIZE,IHEIGHT,ILEFTLINECOLOR,IRIGHTCOLOR,ISDYCOLGROUP,ISDYNROWHEIGHT,ISLASTPAGETRAIL,ISTARTX,ISTARTY,ITOPLINECOLOR,IWIDTH,OPTIONS,PREPARE1,PREPARE2,TABLE_CODE,VFONTNAME,VTEXT,VVAR,DR,TS ) values  ( '0','000005000005','1001A11LCP00001IIKQY','1000000','0110','00','00','01010101','1001A11LCP00001IIKQR',0,'0000',0,-1,-16777216,-16777216,12,9,-16777216,-16777216,'N','N','N',0,0,-16777216,80,'<nc.vo.pub.print.PrintCellExtVO>
  <height__decimal>0.0</height__decimal>
  <textDirection>0</textDirection>
  <lineSpaceBetween>0</lineSpaceBetween>
  <formatType>0</formatType>
</nc.vo.pub.print.PrintCellExtVO>','N',null,null,'宋体','大区-陈金明',null,0,'2023-08-30 13:04:29' ) 
/

insert into PUB_PRINT_CELL ( BUNDERLINE,CCELLCODE,CCELLID,CCOMBINEPROPERTY,CCONTENTPROPERTY,CISFROZEN,CISHEADTAIL,CLINEPROPERTY,CTEMPLATEID,FFONTSTYLE,FIXEDSTYLE,FSHADOWTYPE,IBGCOLOR,IBOTLINECOLOR,IFGCOLOR,IFONRSIZE,IHEIGHT,ILEFTLINECOLOR,IRIGHTCOLOR,ISDYCOLGROUP,ISDYNROWHEIGHT,ISLASTPAGETRAIL,ISTARTX,ISTARTY,ITOPLINECOLOR,IWIDTH,OPTIONS,PREPARE1,PREPARE2,TABLE_CODE,VFONTNAME,VTEXT,VVAR,DR,TS ) values  ( '0','000006000006','1001A11LCP00001IIKQZ','1000000','0110','00','00','01010101','1001A11LCP00001IIKQR',0,'0000',0,-1,-16777216,-16777216,12,9,-16777216,-16777216,'N','N','N',0,0,-16777216,80,'<nc.vo.pub.print.PrintCellExtVO>
  <height__decimal>0.0</height__decimal>
  <textDirection>0</textDirection>
  <lineSpaceBetween>0</lineSpaceBetween>
  <formatType>0</formatType>
</nc.vo.pub.print.PrintCellExtVO>','N',null,null,'宋体','大区-陈金明',null,0,'2023-08-30 13:04:29' ) 
/

insert into PUB_PRINT_CELL ( BUNDERLINE,CCELLCODE,CCELLID,CCOMBINEPROPERTY,CCONTENTPROPERTY,CISFROZEN,CISHEADTAIL,CLINEPROPERTY,CTEMPLATEID,FFONTSTYLE,FIXEDSTYLE,FSHADOWTYPE,IBGCOLOR,IBOTLINECOLOR,IFGCOLOR,IFONRSIZE,IHEIGHT,ILEFTLINECOLOR,IRIGHTCOLOR,ISDYCOLGROUP,ISDYNROWHEIGHT,ISLASTPAGETRAIL,ISTARTX,ISTARTY,ITOPLINECOLOR,IWIDTH,OPTIONS,PREPARE1,PREPARE2,TABLE_CODE,VFONTNAME,VTEXT,VVAR,DR,TS ) values  ( '0','000007000007','1001A11LCP00001IIKR0','1000000','0110','00','00','01010101','1001A11LCP00001IIKQR',0,'0000',0,-1,-16777216,-16777216,12,9,-16777216,-16777216,'N','N','N',0,0,-16777216,80,'<nc.vo.pub.print.PrintCellExtVO>
  <height__decimal>0.0</height__decimal>
  <textDirection>0</textDirection>
  <lineSpaceBetween>0</lineSpaceBetween>
  <formatType>0</formatType>
</nc.vo.pub.print.PrintCellExtVO>','N',null,null,'宋体','大区-陈金明',null,0,'2023-08-30 13:04:29' ) 
/

insert into PUB_PRINT_CELL ( BUNDERLINE,CCELLCODE,CCELLID,CCOMBINEPROPERTY,CCONTENTPROPERTY,CISFROZEN,CISHEADTAIL,CLINEPROPERTY,CTEMPLATEID,FFONTSTYLE,FIXEDSTYLE,FSHADOWTYPE,IBGCOLOR,IBOTLINECOLOR,IFGCOLOR,IFONRSIZE,IHEIGHT,ILEFTLINECOLOR,IRIGHTCOLOR,ISDYCOLGROUP,ISDYNROWHEIGHT,ISLASTPAGETRAIL,ISTARTX,ISTARTY,ITOPLINECOLOR,IWIDTH,OPTIONS,PREPARE1,PREPARE2,TABLE_CODE,VFONTNAME,VTEXT,VVAR,DR,TS ) values  ( '0','000008000008','1001A11LCP00001IIKR1','1000000','0110','00','00','01010101','1001A11LCP00001IIKQR',0,'0000',0,-1,-16777216,-16777216,12,9,-16777216,-16777216,'N','N','N',0,0,-16777216,80,'<nc.vo.pub.print.PrintCellExtVO>
  <height__decimal>0.0</height__decimal>
  <textDirection>0</textDirection>
  <lineSpaceBetween>0</lineSpaceBetween>
  <formatType>0</formatType>
</nc.vo.pub.print.PrintCellExtVO>','N',null,null,'宋体','大区-陈金明',null,0,'2023-08-30 13:04:29' ) 
/

insert into PUB_PRINT_CELL ( BUNDERLINE,CCELLCODE,CCELLID,CCOMBINEPROPERTY,CCONTENTPROPERTY,CISFROZEN,CISHEADTAIL,CLINEPROPERTY,CTEMPLATEID,FFONTSTYLE,FIXEDSTYLE,FSHADOWTYPE,IBGCOLOR,IBOTLINECOLOR,IFGCOLOR,IFONRSIZE,IHEIGHT,ILEFTLINECOLOR,IRIGHTCOLOR,ISDYCOLGROUP,ISDYNROWHEIGHT,ISLASTPAGETRAIL,ISTARTX,ISTARTY,ITOPLINECOLOR,IWIDTH,OPTIONS,PREPARE1,PREPARE2,TABLE_CODE,VFONTNAME,VTEXT,VVAR,DR,TS ) values  ( '0','000009000009','1001A11LCP00001IIKR2','1000000','0110','00','00','01010101','1001A11LCP00001IIKQR',0,'0000',0,-1,-16777216,-16777216,12,9,-16777216,-16777216,'N','N','N',0,0,-16777216,80,'<nc.vo.pub.print.PrintCellExtVO>
  <height__decimal>0.0</height__decimal>
  <textDirection>0</textDirection>
  <lineSpaceBetween>0</lineSpaceBetween>
  <formatType>0</formatType>
</nc.vo.pub.print.PrintCellExtVO>','N',null,null,'宋体','大区-陈金明',null,0,'2023-08-30 13:04:29' ) 
/

insert into PUB_PRINT_CELL ( BUNDERLINE,CCELLCODE,CCELLID,CCOMBINEPROPERTY,CCONTENTPROPERTY,CISFROZEN,CISHEADTAIL,CLINEPROPERTY,CTEMPLATEID,FFONTSTYLE,FIXEDSTYLE,FSHADOWTYPE,IBGCOLOR,IBOTLINECOLOR,IFGCOLOR,IFONRSIZE,IHEIGHT,ILEFTLINECOLOR,IRIGHTCOLOR,ISDYCOLGROUP,ISDYNROWHEIGHT,ISLASTPAGETRAIL,ISTARTX,ISTARTY,ITOPLINECOLOR,IWIDTH,OPTIONS,PREPARE1,PREPARE2,TABLE_CODE,VFONTNAME,VTEXT,VVAR,DR,TS ) values  ( '0','000000000009','1001A11LCP00001IIKR3','0','0110','00','00','01010101','1001A11LCP00001IIKQR',0,'0000',0,-1,-16777216,-16777216,12,9,-16777216,-16777216,'N','N','N',0,0,-16777216,803,'<nc.vo.pub.print.PrintCellExtVO>
  <height__decimal>0.0</height__decimal>
  <textDirection>0</textDirection>
  <lineSpaceBetween>0</lineSpaceBetween>
  <formatType>0</formatType>
</nc.vo.pub.print.PrintCellExtVO>','N',null,null,'宋体','大区-陈金明',null,0,'2023-08-30 13:04:29' ) 
/

insert into PUB_PRINT_CELL ( BUNDERLINE,CCELLCODE,CCELLID,CCOMBINEPROPERTY,CCONTENTPROPERTY,CISFROZEN,CISHEADTAIL,CLINEPROPERTY,CTEMPLATEID,FFONTSTYLE,FIXEDSTYLE,FSHADOWTYPE,IBGCOLOR,IBOTLINECOLOR,IFGCOLOR,IFONRSIZE,IHEIGHT,ILEFTLINECOLOR,IRIGHTCOLOR,ISDYCOLGROUP,ISDYNROWHEIGHT,ISLASTPAGETRAIL,ISTARTX,ISTARTY,ITOPLINECOLOR,IWIDTH,OPTIONS,PREPARE1,PREPARE2,TABLE_CODE,VFONTNAME,VTEXT,VVAR,DR,TS ) values  ( '0','001000001000','1001A11LCP00001IIKR4','0','0210','00','00','00000000','1001A11LCP00001IIKQR',0,'0000',0,-1,-16777216,-16777216,12,15,-16777216,-16777216,'N','N','N',0,0,-16777216,80,'<nc.vo.pub.print.PrintCellExtVO>
  <height__decimal>0.0</height__decimal>
  <textDirection>0</textDirection>
  <lineSpaceBetween>0</lineSpaceBetween>
  <formatType>0</formatType>
</nc.vo.pub.print.PrintCellExtVO>',null,null,null,'宋体','自定义项8:',null,0,'2023-08-30 13:04:29' ) 
/

insert into PUB_PRINT_CELL ( BUNDERLINE,CCELLCODE,CCELLID,CCOMBINEPROPERTY,CCONTENTPROPERTY,CISFROZEN,CISHEADTAIL,CLINEPROPERTY,CTEMPLATEID,FFONTSTYLE,FIXEDSTYLE,FSHADOWTYPE,IBGCOLOR,IBOTLINECOLOR,IFGCOLOR,IFONRSIZE,IHEIGHT,ILEFTLINECOLOR,IRIGHTCOLOR,ISDYCOLGROUP,ISDYNROWHEIGHT,ISLASTPAGETRAIL,ISTARTX,ISTARTY,ITOPLINECOLOR,IWIDTH,OPTIONS,PREPARE1,PREPARE2,TABLE_CODE,VFONTNAME,VTEXT,VVAR,DR,TS ) values  ( '0','001001001001','1001A11LCP00001IIKR5','0','0210','00','00','00000000','1001A11LCP00001IIKQR',0,'0000',0,-1,-16777216,-16777216,12,15,-16777216,-16777216,'N','N','N',48,0,-16777216,80,'<nc.vo.pub.print.PrintCellExtVO>
  <height__decimal>0.0</height__decimal>
  <textDirection>0</textDirection>
  <lineSpaceBetween>0</lineSpaceBetween>
  <formatType>0</formatType>
</nc.vo.pub.print.PrintCellExtVO>',null,null,null,'宋体','自定义项9:',null,0,'2023-08-30 13:04:29' ) 
/

insert into PUB_PRINT_CELL ( BUNDERLINE,CCELLCODE,CCELLID,CCOMBINEPROPERTY,CCONTENTPROPERTY,CISFROZEN,CISHEADTAIL,CLINEPROPERTY,CTEMPLATEID,FFONTSTYLE,FIXEDSTYLE,FSHADOWTYPE,IBGCOLOR,IBOTLINECOLOR,IFGCOLOR,IFONRSIZE,IHEIGHT,ILEFTLINECOLOR,IRIGHTCOLOR,ISDYCOLGROUP,ISDYNROWHEIGHT,ISLASTPAGETRAIL,ISTARTX,ISTARTY,ITOPLINECOLOR,IWIDTH,OPTIONS,PREPARE1,PREPARE2,TABLE_CODE,VFONTNAME,VTEXT,VVAR,DR,TS ) values  ( '0','001002001002','1001A11LCP00001IIKR6','0','0210','00','00','00000000','1001A11LCP00001IIKQR',0,'0000',0,-1,-16777216,-16777216,12,15,-16777216,-16777216,'N','N','N',96,0,-16777216,80,'<nc.vo.pub.print.PrintCellExtVO>
  <height__decimal>0.0</height__decimal>
  <textDirection>0</textDirection>
  <lineSpaceBetween>0</lineSpaceBetween>
  <formatType>0</formatType>
</nc.vo.pub.print.PrintCellExtVO>',null,null,null,'宋体','自定义项10:',null,0,'2023-08-30 13:04:29' ) 
/

insert into PUB_PRINT_CELL ( BUNDERLINE,CCELLCODE,CCELLID,CCOMBINEPROPERTY,CCONTENTPROPERTY,CISFROZEN,CISHEADTAIL,CLINEPROPERTY,CTEMPLATEID,FFONTSTYLE,FIXEDSTYLE,FSHADOWTYPE,IBGCOLOR,IBOTLINECOLOR,IFGCOLOR,IFONRSIZE,IHEIGHT,ILEFTLINECOLOR,IRIGHTCOLOR,ISDYCOLGROUP,ISDYNROWHEIGHT,ISLASTPAGETRAIL,ISTARTX,ISTARTY,ITOPLINECOLOR,IWIDTH,OPTIONS,PREPARE1,PREPARE2,TABLE_CODE,VFONTNAME,VTEXT,VVAR,DR,TS ) values  ( '0','001003001003','1001A11LCP00001IIKR7','0','0210','00','00','00000000','1001A11LCP00001IIKQR',0,'0000',0,-1,-16777216,-16777216,12,15,-16777216,-16777216,'N','N','N',156,0,-16777216,80,'<nc.vo.pub.print.PrintCellExtVO>
  <height__decimal>0.0</height__decimal>
  <textDirection>0</textDirection>
  <lineSpaceBetween>0</lineSpaceBetween>
  <formatType>0</formatType>
</nc.vo.pub.print.PrintCellExtVO>',null,null,null,'宋体','自定义项11:',null,0,'2023-08-30 13:04:29' ) 
/

insert into PUB_PRINT_CELL ( BUNDERLINE,CCELLCODE,CCELLID,CCOMBINEPROPERTY,CCONTENTPROPERTY,CISFROZEN,CISHEADTAIL,CLINEPROPERTY,CTEMPLATEID,FFONTSTYLE,FIXEDSTYLE,FSHADOWTYPE,IBGCOLOR,IBOTLINECOLOR,IFGCOLOR,IFONRSIZE,IHEIGHT,ILEFTLINECOLOR,IRIGHTCOLOR,ISDYCOLGROUP,ISDYNROWHEIGHT,ISLASTPAGETRAIL,ISTARTX,ISTARTY,ITOPLINECOLOR,IWIDTH,OPTIONS,PREPARE1,PREPARE2,TABLE_CODE,VFONTNAME,VTEXT,VVAR,DR,TS ) values  ( '0','001004001004','1001A11LCP00001IIKR8','0','0210','00','00','00000000','1001A11LCP00001IIKQR',0,'0000',0,-1,-16777216,-16777216,12,15,-16777216,-16777216,'N','N','N',216,0,-16777216,80,'<nc.vo.pub.print.PrintCellExtVO>
  <height__decimal>0.0</height__decimal>
  <textDirection>0</textDirection>
  <lineSpaceBetween>0</lineSpaceBetween>
  <formatType>0</formatType>
</nc.vo.pub.print.PrintCellExtVO>',null,null,null,'宋体','自定义项12:',null,0,'2023-08-30 13:04:29' ) 
/

insert into PUB_PRINT_CELL ( BUNDERLINE,CCELLCODE,CCELLID,CCOMBINEPROPERTY,CCONTENTPROPERTY,CISFROZEN,CISHEADTAIL,CLINEPROPERTY,CTEMPLATEID,FFONTSTYLE,FIXEDSTYLE,FSHADOWTYPE,IBGCOLOR,IBOTLINECOLOR,IFGCOLOR,IFONRSIZE,IHEIGHT,ILEFTLINECOLOR,IRIGHTCOLOR,ISDYCOLGROUP,ISDYNROWHEIGHT,ISLASTPAGETRAIL,ISTARTX,ISTARTY,ITOPLINECOLOR,IWIDTH,OPTIONS,PREPARE1,PREPARE2,TABLE_CODE,VFONTNAME,VTEXT,VVAR,DR,TS ) values  ( '0','001005001005','1001A11LCP00001IIKR9','0','0210','00','00','00000000','1001A11LCP00001IIKQR',0,'0000',0,-1,-16777216,-16777216,12,15,-16777216,-16777216,'N','N','N',276,0,-16777216,80,'<nc.vo.pub.print.PrintCellExtVO>
  <height__decimal>0.0</height__decimal>
  <textDirection>0</textDirection>
  <lineSpaceBetween>0</lineSpaceBetween>
  <formatType>0</formatType>
</nc.vo.pub.print.PrintCellExtVO>',null,null,null,'宋体','自定义项13:',null,0,'2023-08-30 13:04:29' ) 
/

insert into PUB_PRINT_CELL ( BUNDERLINE,CCELLCODE,CCELLID,CCOMBINEPROPERTY,CCONTENTPROPERTY,CISFROZEN,CISHEADTAIL,CLINEPROPERTY,CTEMPLATEID,FFONTSTYLE,FIXEDSTYLE,FSHADOWTYPE,IBGCOLOR,IBOTLINECOLOR,IFGCOLOR,IFONRSIZE,IHEIGHT,ILEFTLINECOLOR,IRIGHTCOLOR,ISDYCOLGROUP,ISDYNROWHEIGHT,ISLASTPAGETRAIL,ISTARTX,ISTARTY,ITOPLINECOLOR,IWIDTH,OPTIONS,PREPARE1,PREPARE2,TABLE_CODE,VFONTNAME,VTEXT,VVAR,DR,TS ) values  ( '0','001006001006','1001A11LCP00001IIKRA','0','0210','00','00','00000000','1001A11LCP00001IIKQR',0,'0000',0,-1,-16777216,-16777216,12,15,-16777216,-16777216,'N','N','N',336,0,-16777216,80,'<nc.vo.pub.print.PrintCellExtVO>
  <height__decimal>0.0</height__decimal>
  <textDirection>0</textDirection>
  <lineSpaceBetween>0</lineSpaceBetween>
  <formatType>0</formatType>
</nc.vo.pub.print.PrintCellExtVO>',null,null,null,'宋体','自定义项14:',null,0,'2023-08-30 13:04:29' ) 
/

insert into PUB_PRINT_CELL ( BUNDERLINE,CCELLCODE,CCELLID,CCOMBINEPROPERTY,CCONTENTPROPERTY,CISFROZEN,CISHEADTAIL,CLINEPROPERTY,CTEMPLATEID,FFONTSTYLE,FIXEDSTYLE,FSHADOWTYPE,IBGCOLOR,IBOTLINECOLOR,IFGCOLOR,IFONRSIZE,IHEIGHT,ILEFTLINECOLOR,IRIGHTCOLOR,ISDYCOLGROUP,ISDYNROWHEIGHT,ISLASTPAGETRAIL,ISTARTX,ISTARTY,ITOPLINECOLOR,IWIDTH,OPTIONS,PREPARE1,PREPARE2,TABLE_CODE,VFONTNAME,VTEXT,VVAR,DR,TS ) values  ( '0','001007001007','1001A11LCP00001IIKRB','0','0210','00','00','00000000','1001A11LCP00001IIKQR',0,'0000',0,-1,-16777216,-16777216,12,15,-16777216,-16777216,'N','N','N',396,0,-16777216,80,'<nc.vo.pub.print.PrintCellExtVO>
  <height__decimal>0.0</height__decimal>
  <textDirection>0</textDirection>
  <lineSpaceBetween>0</lineSpaceBetween>
  <formatType>0</formatType>
</nc.vo.pub.print.PrintCellExtVO>',null,null,null,'宋体','自定义项15:',null,0,'2023-08-30 13:04:29' ) 
/

insert into PUB_PRINT_CELL ( BUNDERLINE,CCELLCODE,CCELLID,CCOMBINEPROPERTY,CCONTENTPROPERTY,CISFROZEN,CISHEADTAIL,CLINEPROPERTY,CTEMPLATEID,FFONTSTYLE,FIXEDSTYLE,FSHADOWTYPE,IBGCOLOR,IBOTLINECOLOR,IFGCOLOR,IFONRSIZE,IHEIGHT,ILEFTLINECOLOR,IRIGHTCOLOR,ISDYCOLGROUP,ISDYNROWHEIGHT,ISLASTPAGETRAIL,ISTARTX,ISTARTY,ITOPLINECOLOR,IWIDTH,OPTIONS,PREPARE1,PREPARE2,TABLE_CODE,VFONTNAME,VTEXT,VVAR,DR,TS ) values  ( '0','001008001008','1001A11LCP00001IIKRC','0','0210','00','00','00000000','1001A11LCP00001IIKQR',0,'0000',0,-1,-16777216,-16777216,12,15,-16777216,-16777216,'N','N','N',456,0,-16777216,80,'<nc.vo.pub.print.PrintCellExtVO>
  <height__decimal>0.0</height__decimal>
  <textDirection>0</textDirection>
  <lineSpaceBetween>0</lineSpaceBetween>
  <formatType>0</formatType>
</nc.vo.pub.print.PrintCellExtVO>',null,null,null,'宋体','自定义项16:',null,0,'2023-08-30 13:04:29' ) 
/

insert into PUB_PRINT_CELL ( BUNDERLINE,CCELLCODE,CCELLID,CCOMBINEPROPERTY,CCONTENTPROPERTY,CISFROZEN,CISHEADTAIL,CLINEPROPERTY,CTEMPLATEID,FFONTSTYLE,FIXEDSTYLE,FSHADOWTYPE,IBGCOLOR,IBOTLINECOLOR,IFGCOLOR,IFONRSIZE,IHEIGHT,ILEFTLINECOLOR,IRIGHTCOLOR,ISDYCOLGROUP,ISDYNROWHEIGHT,ISLASTPAGETRAIL,ISTARTX,ISTARTY,ITOPLINECOLOR,IWIDTH,OPTIONS,PREPARE1,PREPARE2,TABLE_CODE,VFONTNAME,VTEXT,VVAR,DR,TS ) values  ( '0','001009001009','1001A11LCP00001IIKRD','0','0210','00','00','00000000','1001A11LCP00001IIKQR',0,'0000',0,-1,-16777216,-16777216,12,15,-16777216,-16777216,'N','N','N',516,0,-16777216,80,'<nc.vo.pub.print.PrintCellExtVO>
  <height__decimal>0.0</height__decimal>
  <textDirection>0</textDirection>
  <lineSpaceBetween>0</lineSpaceBetween>
  <formatType>0</formatType>
</nc.vo.pub.print.PrintCellExtVO>',null,null,null,'宋体','自定义项17:',null,0,'2023-08-30 13:04:29' ) 
/

insert into PUB_PRINT_CELL ( BUNDERLINE,CCELLCODE,CCELLID,CCOMBINEPROPERTY,CCONTENTPROPERTY,CISFROZEN,CISHEADTAIL,CLINEPROPERTY,CTEMPLATEID,FFONTSTYLE,FIXEDSTYLE,FSHADOWTYPE,IBGCOLOR,IBOTLINECOLOR,IFGCOLOR,IFONRSIZE,IHEIGHT,ILEFTLINECOLOR,IRIGHTCOLOR,ISDYCOLGROUP,ISDYNROWHEIGHT,ISLASTPAGETRAIL,ISTARTX,ISTARTY,ITOPLINECOLOR,IWIDTH,OPTIONS,PREPARE1,PREPARE2,TABLE_CODE,VFONTNAME,VTEXT,VVAR,DR,TS ) values  ( '0','002000002000','1001A11LCP00001IIKRE','0','1110','00','00','00000000','1001A11LCP00001IIKQR',0,'0000',0,-1,-16777216,-16777216,12,15,-16777216,-16777216,'N','N','N',0,9,-16777216,80,'<nc.vo.pub.print.PrintCellExtVO>
  <height__decimal>0.0</height__decimal>
  <textDirection>0</textDirection>
  <lineSpaceBetween>0</lineSpaceBetween>
  <formatType>0</formatType>
</nc.vo.pub.print.PrintCellExtVO>',null,null,null,'宋体','自定义项8','def8',0,'2023-08-30 13:04:29' ) 
/

insert into PUB_PRINT_CELL ( BUNDERLINE,CCELLCODE,CCELLID,CCOMBINEPROPERTY,CCONTENTPROPERTY,CISFROZEN,CISHEADTAIL,CLINEPROPERTY,CTEMPLATEID,FFONTSTYLE,FIXEDSTYLE,FSHADOWTYPE,IBGCOLOR,IBOTLINECOLOR,IFGCOLOR,IFONRSIZE,IHEIGHT,ILEFTLINECOLOR,IRIGHTCOLOR,ISDYCOLGROUP,ISDYNROWHEIGHT,ISLASTPAGETRAIL,ISTARTX,ISTARTY,ITOPLINECOLOR,IWIDTH,OPTIONS,PREPARE1,PREPARE2,TABLE_CODE,VFONTNAME,VTEXT,VVAR,DR,TS ) values  ( '0','002001002001','1001A11LCP00001IIKRF','0','1110','00','00','00000000','1001A11LCP00001IIKQR',0,'0000',0,-1,-16777216,-16777216,12,15,-16777216,-16777216,'N','N','N',48,9,-16777216,80,'<nc.vo.pub.print.PrintCellExtVO>
  <height__decimal>0.0</height__decimal>
  <textDirection>0</textDirection>
  <lineSpaceBetween>0</lineSpaceBetween>
  <formatType>0</formatType>
</nc.vo.pub.print.PrintCellExtVO>',null,null,null,'宋体','自定义项9','def9',0,'2023-08-30 13:04:29' ) 
/

insert into PUB_PRINT_CELL ( BUNDERLINE,CCELLCODE,CCELLID,CCOMBINEPROPERTY,CCONTENTPROPERTY,CISFROZEN,CISHEADTAIL,CLINEPROPERTY,CTEMPLATEID,FFONTSTYLE,FIXEDSTYLE,FSHADOWTYPE,IBGCOLOR,IBOTLINECOLOR,IFGCOLOR,IFONRSIZE,IHEIGHT,ILEFTLINECOLOR,IRIGHTCOLOR,ISDYCOLGROUP,ISDYNROWHEIGHT,ISLASTPAGETRAIL,ISTARTX,ISTARTY,ITOPLINECOLOR,IWIDTH,OPTIONS,PREPARE1,PREPARE2,TABLE_CODE,VFONTNAME,VTEXT,VVAR,DR,TS ) values  ( '0','002002002002','1001A11LCP00001IIKRG','0','1110','00','00','00000000','1001A11LCP00001IIKQR',0,'0000',0,-1,-16777216,-16777216,12,15,-16777216,-16777216,'N','N','N',96,9,-16777216,80,'<nc.vo.pub.print.PrintCellExtVO>
  <height__decimal>0.0</height__decimal>
  <textDirection>0</textDirection>
  <lineSpaceBetween>0</lineSpaceBetween>
  <formatType>0</formatType>
</nc.vo.pub.print.PrintCellExtVO>',null,null,null,'宋体','自定义项10','def10',0,'2023-08-30 13:04:29' ) 
/

insert into PUB_PRINT_CELL ( BUNDERLINE,CCELLCODE,CCELLID,CCOMBINEPROPERTY,CCONTENTPROPERTY,CISFROZEN,CISHEADTAIL,CLINEPROPERTY,CTEMPLATEID,FFONTSTYLE,FIXEDSTYLE,FSHADOWTYPE,IBGCOLOR,IBOTLINECOLOR,IFGCOLOR,IFONRSIZE,IHEIGHT,ILEFTLINECOLOR,IRIGHTCOLOR,ISDYCOLGROUP,ISDYNROWHEIGHT,ISLASTPAGETRAIL,ISTARTX,ISTARTY,ITOPLINECOLOR,IWIDTH,OPTIONS,PREPARE1,PREPARE2,TABLE_CODE,VFONTNAME,VTEXT,VVAR,DR,TS ) values  ( '0','002003002003','1001A11LCP00001IIKRH','0','1110','00','00','00000000','1001A11LCP00001IIKQR',0,'0000',0,-1,-16777216,-16777216,12,15,-16777216,-16777216,'N','N','N',156,9,-16777216,80,'<nc.vo.pub.print.PrintCellExtVO>
  <height__decimal>0.0</height__decimal>
  <textDirection>0</textDirection>
  <lineSpaceBetween>0</lineSpaceBetween>
  <formatType>0</formatType>
</nc.vo.pub.print.PrintCellExtVO>',null,null,null,'宋体','自定义项11','def11',0,'2023-08-30 13:04:29' ) 
/

insert into PUB_PRINT_CELL ( BUNDERLINE,CCELLCODE,CCELLID,CCOMBINEPROPERTY,CCONTENTPROPERTY,CISFROZEN,CISHEADTAIL,CLINEPROPERTY,CTEMPLATEID,FFONTSTYLE,FIXEDSTYLE,FSHADOWTYPE,IBGCOLOR,IBOTLINECOLOR,IFGCOLOR,IFONRSIZE,IHEIGHT,ILEFTLINECOLOR,IRIGHTCOLOR,ISDYCOLGROUP,ISDYNROWHEIGHT,ISLASTPAGETRAIL,ISTARTX,ISTARTY,ITOPLINECOLOR,IWIDTH,OPTIONS,PREPARE1,PREPARE2,TABLE_CODE,VFONTNAME,VTEXT,VVAR,DR,TS ) values  ( '0','002004002004','1001A11LCP00001IIKRI','0','1110','00','00','00000000','1001A11LCP00001IIKQR',0,'0000',0,-1,-16777216,-16777216,12,15,-16777216,-16777216,'N','N','N',216,9,-16777216,80,'<nc.vo.pub.print.PrintCellExtVO>
  <height__decimal>0.0</height__decimal>
  <textDirection>0</textDirection>
  <lineSpaceBetween>0</lineSpaceBetween>
  <formatType>0</formatType>
</nc.vo.pub.print.PrintCellExtVO>',null,null,null,'宋体','自定义项12','def12',0,'2023-08-30 13:04:29' ) 
/

insert into PUB_PRINT_CELL ( BUNDERLINE,CCELLCODE,CCELLID,CCOMBINEPROPERTY,CCONTENTPROPERTY,CISFROZEN,CISHEADTAIL,CLINEPROPERTY,CTEMPLATEID,FFONTSTYLE,FIXEDSTYLE,FSHADOWTYPE,IBGCOLOR,IBOTLINECOLOR,IFGCOLOR,IFONRSIZE,IHEIGHT,ILEFTLINECOLOR,IRIGHTCOLOR,ISDYCOLGROUP,ISDYNROWHEIGHT,ISLASTPAGETRAIL,ISTARTX,ISTARTY,ITOPLINECOLOR,IWIDTH,OPTIONS,PREPARE1,PREPARE2,TABLE_CODE,VFONTNAME,VTEXT,VVAR,DR,TS ) values  ( '0','002005002005','1001A11LCP00001IIKRJ','0','1110','00','00','00000000','1001A11LCP00001IIKQR',0,'0000',0,-1,-16777216,-16777216,12,15,-16777216,-16777216,'N','N','N',276,9,-16777216,80,'<nc.vo.pub.print.PrintCellExtVO>
  <height__decimal>0.0</height__decimal>
  <textDirection>0</textDirection>
  <lineSpaceBetween>0</lineSpaceBetween>
  <formatType>0</formatType>
</nc.vo.pub.print.PrintCellExtVO>',null,null,null,'宋体','自定义项13','def13',0,'2023-08-30 13:04:29' ) 
/

insert into PUB_PRINT_CELL ( BUNDERLINE,CCELLCODE,CCELLID,CCOMBINEPROPERTY,CCONTENTPROPERTY,CISFROZEN,CISHEADTAIL,CLINEPROPERTY,CTEMPLATEID,FFONTSTYLE,FIXEDSTYLE,FSHADOWTYPE,IBGCOLOR,IBOTLINECOLOR,IFGCOLOR,IFONRSIZE,IHEIGHT,ILEFTLINECOLOR,IRIGHTCOLOR,ISDYCOLGROUP,ISDYNROWHEIGHT,ISLASTPAGETRAIL,ISTARTX,ISTARTY,ITOPLINECOLOR,IWIDTH,OPTIONS,PREPARE1,PREPARE2,TABLE_CODE,VFONTNAME,VTEXT,VVAR,DR,TS ) values  ( '0','002006002006','1001A11LCP00001IIKRK','0','1110','00','00','00000000','1001A11LCP00001IIKQR',0,'0000',0,-1,-16777216,-16777216,12,15,-16777216,-16777216,'N','N','N',336,9,-16777216,80,'<nc.vo.pub.print.PrintCellExtVO>
  <height__decimal>0.0</height__decimal>
  <textDirection>0</textDirection>
  <lineSpaceBetween>0</lineSpaceBetween>
  <formatType>0</formatType>
</nc.vo.pub.print.PrintCellExtVO>',null,null,null,'宋体','自定义项14','def14',0,'2023-08-30 13:04:29' ) 
/

insert into PUB_PRINT_CELL ( BUNDERLINE,CCELLCODE,CCELLID,CCOMBINEPROPERTY,CCONTENTPROPERTY,CISFROZEN,CISHEADTAIL,CLINEPROPERTY,CTEMPLATEID,FFONTSTYLE,FIXEDSTYLE,FSHADOWTYPE,IBGCOLOR,IBOTLINECOLOR,IFGCOLOR,IFONRSIZE,IHEIGHT,ILEFTLINECOLOR,IRIGHTCOLOR,ISDYCOLGROUP,ISDYNROWHEIGHT,ISLASTPAGETRAIL,ISTARTX,ISTARTY,ITOPLINECOLOR,IWIDTH,OPTIONS,PREPARE1,PREPARE2,TABLE_CODE,VFONTNAME,VTEXT,VVAR,DR,TS ) values  ( '0','002007002007','1001A11LCP00001IIKRL','0','1110','00','00','00000000','1001A11LCP00001IIKQR',0,'0000',0,-1,-16777216,-16777216,12,15,-16777216,-16777216,'N','N','N',396,9,-16777216,80,'<nc.vo.pub.print.PrintCellExtVO>
  <height__decimal>0.0</height__decimal>
  <textDirection>0</textDirection>
  <lineSpaceBetween>0</lineSpaceBetween>
  <formatType>0</formatType>
</nc.vo.pub.print.PrintCellExtVO>',null,null,null,'宋体','自定义项15','def15',0,'2023-08-30 13:04:29' ) 
/

insert into PUB_PRINT_CELL ( BUNDERLINE,CCELLCODE,CCELLID,CCOMBINEPROPERTY,CCONTENTPROPERTY,CISFROZEN,CISHEADTAIL,CLINEPROPERTY,CTEMPLATEID,FFONTSTYLE,FIXEDSTYLE,FSHADOWTYPE,IBGCOLOR,IBOTLINECOLOR,IFGCOLOR,IFONRSIZE,IHEIGHT,ILEFTLINECOLOR,IRIGHTCOLOR,ISDYCOLGROUP,ISDYNROWHEIGHT,ISLASTPAGETRAIL,ISTARTX,ISTARTY,ITOPLINECOLOR,IWIDTH,OPTIONS,PREPARE1,PREPARE2,TABLE_CODE,VFONTNAME,VTEXT,VVAR,DR,TS ) values  ( '0','002008002008','1001A11LCP00001IIKRM','0','1110','00','00','00000000','1001A11LCP00001IIKQR',0,'0000',0,-1,-16777216,-16777216,12,15,-16777216,-16777216,'N','N','N',456,9,-16777216,80,'<nc.vo.pub.print.PrintCellExtVO>
  <height__decimal>0.0</height__decimal>
  <textDirection>0</textDirection>
  <lineSpaceBetween>0</lineSpaceBetween>
  <formatType>0</formatType>
</nc.vo.pub.print.PrintCellExtVO>',null,null,null,'宋体','自定义项16','def16',0,'2023-08-30 13:04:29' ) 
/

insert into PUB_PRINT_CELL ( BUNDERLINE,CCELLCODE,CCELLID,CCOMBINEPROPERTY,CCONTENTPROPERTY,CISFROZEN,CISHEADTAIL,CLINEPROPERTY,CTEMPLATEID,FFONTSTYLE,FIXEDSTYLE,FSHADOWTYPE,IBGCOLOR,IBOTLINECOLOR,IFGCOLOR,IFONRSIZE,IHEIGHT,ILEFTLINECOLOR,IRIGHTCOLOR,ISDYCOLGROUP,ISDYNROWHEIGHT,ISLASTPAGETRAIL,ISTARTX,ISTARTY,ITOPLINECOLOR,IWIDTH,OPTIONS,PREPARE1,PREPARE2,TABLE_CODE,VFONTNAME,VTEXT,VVAR,DR,TS ) values  ( '0','002009002009','1001A11LCP00001IIKRN','0','1110','00','00','00000000','1001A11LCP00001IIKQR',0,'0000',0,-1,-16777216,-16777216,12,15,-16777216,-16777216,'N','N','N',516,9,-16777216,80,'<nc.vo.pub.print.PrintCellExtVO>
  <height__decimal>0.0</height__decimal>
  <textDirection>0</textDirection>
  <lineSpaceBetween>0</lineSpaceBetween>
  <formatType>0</formatType>
</nc.vo.pub.print.PrintCellExtVO>',null,null,null,'宋体','自定义项17','def17',0,'2023-08-30 13:04:29' ) 
/

insert into PUB_PRINT_CELL ( BUNDERLINE,CCELLCODE,CCELLID,CCOMBINEPROPERTY,CCONTENTPROPERTY,CISFROZEN,CISHEADTAIL,CLINEPROPERTY,CTEMPLATEID,FFONTSTYLE,FIXEDSTYLE,FSHADOWTYPE,IBGCOLOR,IBOTLINECOLOR,IFGCOLOR,IFONRSIZE,IHEIGHT,ILEFTLINECOLOR,IRIGHTCOLOR,ISDYCOLGROUP,ISDYNROWHEIGHT,ISLASTPAGETRAIL,ISTARTX,ISTARTY,ITOPLINECOLOR,IWIDTH,OPTIONS,PREPARE1,PREPARE2,TABLE_CODE,VFONTNAME,VTEXT,VVAR,DR,TS ) values  ( '0','000000000000','1001A11LCP00001IIKRO','1000000','0110','00','00','01010101','1001A11LCP00001IIKQS',0,'0000',0,-1,-16777216,-16777216,12,9,-16777216,-16777216,'N','N','N',0,0,-16777216,80,'<nc.vo.pub.print.PrintCellExtVO>
  <height__decimal>0.0</height__decimal>
  <textDirection>0</textDirection>
  <lineSpaceBetween>0</lineSpaceBetween>
  <formatType>0</formatType>
</nc.vo.pub.print.PrintCellExtVO>','N',null,null,'宋体','大区-陈金明',null,0,'2023-08-30 13:04:29' ) 
/

insert into PUB_PRINT_CELL ( BUNDERLINE,CCELLCODE,CCELLID,CCOMBINEPROPERTY,CCONTENTPROPERTY,CISFROZEN,CISHEADTAIL,CLINEPROPERTY,CTEMPLATEID,FFONTSTYLE,FIXEDSTYLE,FSHADOWTYPE,IBGCOLOR,IBOTLINECOLOR,IFGCOLOR,IFONRSIZE,IHEIGHT,ILEFTLINECOLOR,IRIGHTCOLOR,ISDYCOLGROUP,ISDYNROWHEIGHT,ISLASTPAGETRAIL,ISTARTX,ISTARTY,ITOPLINECOLOR,IWIDTH,OPTIONS,PREPARE1,PREPARE2,TABLE_CODE,VFONTNAME,VTEXT,VVAR,DR,TS ) values  ( '0','000001000001','1001A11LCP00001IIKRP','1000000','0110','00','00','01010101','1001A11LCP00001IIKQS',0,'0000',0,-1,-16777216,-16777216,12,9,-16777216,-16777216,'N','N','N',0,0,-16777216,80,'<nc.vo.pub.print.PrintCellExtVO>
  <height__decimal>0.0</height__decimal>
  <textDirection>0</textDirection>
  <lineSpaceBetween>0</lineSpaceBetween>
  <formatType>0</formatType>
</nc.vo.pub.print.PrintCellExtVO>','N',null,null,'宋体','大区-陈金明',null,0,'2023-08-30 13:04:29' ) 
/

insert into PUB_PRINT_CELL ( BUNDERLINE,CCELLCODE,CCELLID,CCOMBINEPROPERTY,CCONTENTPROPERTY,CISFROZEN,CISHEADTAIL,CLINEPROPERTY,CTEMPLATEID,FFONTSTYLE,FIXEDSTYLE,FSHADOWTYPE,IBGCOLOR,IBOTLINECOLOR,IFGCOLOR,IFONRSIZE,IHEIGHT,ILEFTLINECOLOR,IRIGHTCOLOR,ISDYCOLGROUP,ISDYNROWHEIGHT,ISLASTPAGETRAIL,ISTARTX,ISTARTY,ITOPLINECOLOR,IWIDTH,OPTIONS,PREPARE1,PREPARE2,TABLE_CODE,VFONTNAME,VTEXT,VVAR,DR,TS ) values  ( '0','000002000002','1001A11LCP00001IIKRQ','1000000','0110','00','00','01010101','1001A11LCP00001IIKQS',0,'0000',0,-1,-16777216,-16777216,12,9,-16777216,-16777216,'N','N','N',0,0,-16777216,80,'<nc.vo.pub.print.PrintCellExtVO>
  <height__decimal>0.0</height__decimal>
  <textDirection>0</textDirection>
  <lineSpaceBetween>0</lineSpaceBetween>
  <formatType>0</formatType>
</nc.vo.pub.print.PrintCellExtVO>','N',null,null,'宋体','大区-陈金明',null,0,'2023-08-30 13:04:29' ) 
/

insert into PUB_PRINT_CELL ( BUNDERLINE,CCELLCODE,CCELLID,CCOMBINEPROPERTY,CCONTENTPROPERTY,CISFROZEN,CISHEADTAIL,CLINEPROPERTY,CTEMPLATEID,FFONTSTYLE,FIXEDSTYLE,FSHADOWTYPE,IBGCOLOR,IBOTLINECOLOR,IFGCOLOR,IFONRSIZE,IHEIGHT,ILEFTLINECOLOR,IRIGHTCOLOR,ISDYCOLGROUP,ISDYNROWHEIGHT,ISLASTPAGETRAIL,ISTARTX,ISTARTY,ITOPLINECOLOR,IWIDTH,OPTIONS,PREPARE1,PREPARE2,TABLE_CODE,VFONTNAME,VTEXT,VVAR,DR,TS ) values  ( '0','000003000003','1001A11LCP00001IIKRR','1000000','0110','00','00','01010101','1001A11LCP00001IIKQS',0,'0000',0,-1,-16777216,-16777216,12,9,-16777216,-16777216,'N','N','N',0,0,-16777216,80,'<nc.vo.pub.print.PrintCellExtVO>
  <height__decimal>0.0</height__decimal>
  <textDirection>0</textDirection>
  <lineSpaceBetween>0</lineSpaceBetween>
  <formatType>0</formatType>
</nc.vo.pub.print.PrintCellExtVO>','N',null,null,'宋体','大区-陈金明',null,0,'2023-08-30 13:04:29' ) 
/

insert into PUB_PRINT_CELL ( BUNDERLINE,CCELLCODE,CCELLID,CCOMBINEPROPERTY,CCONTENTPROPERTY,CISFROZEN,CISHEADTAIL,CLINEPROPERTY,CTEMPLATEID,FFONTSTYLE,FIXEDSTYLE,FSHADOWTYPE,IBGCOLOR,IBOTLINECOLOR,IFGCOLOR,IFONRSIZE,IHEIGHT,ILEFTLINECOLOR,IRIGHTCOLOR,ISDYCOLGROUP,ISDYNROWHEIGHT,ISLASTPAGETRAIL,ISTARTX,ISTARTY,ITOPLINECOLOR,IWIDTH,OPTIONS,PREPARE1,PREPARE2,TABLE_CODE,VFONTNAME,VTEXT,VVAR,DR,TS ) values  ( '0','000004000004','1001A11LCP00001IIKRS','1000000','0110','00','00','01010101','1001A11LCP00001IIKQS',0,'0000',0,-1,-16777216,-16777216,12,9,-16777216,-16777216,'N','N','N',0,0,-16777216,80,'<nc.vo.pub.print.PrintCellExtVO>
  <height__decimal>0.0</height__decimal>
  <textDirection>0</textDirection>
  <lineSpaceBetween>0</lineSpaceBetween>
  <formatType>0</formatType>
</nc.vo.pub.print.PrintCellExtVO>','N',null,null,'宋体','大区-陈金明',null,0,'2023-08-30 13:04:29' ) 
/

insert into PUB_PRINT_CELL ( BUNDERLINE,CCELLCODE,CCELLID,CCOMBINEPROPERTY,CCONTENTPROPERTY,CISFROZEN,CISHEADTAIL,CLINEPROPERTY,CTEMPLATEID,FFONTSTYLE,FIXEDSTYLE,FSHADOWTYPE,IBGCOLOR,IBOTLINECOLOR,IFGCOLOR,IFONRSIZE,IHEIGHT,ILEFTLINECOLOR,IRIGHTCOLOR,ISDYCOLGROUP,ISDYNROWHEIGHT,ISLASTPAGETRAIL,ISTARTX,ISTARTY,ITOPLINECOLOR,IWIDTH,OPTIONS,PREPARE1,PREPARE2,TABLE_CODE,VFONTNAME,VTEXT,VVAR,DR,TS ) values  ( '0','000005000005','1001A11LCP00001IIKRT','1000000','0110','00','00','01010101','1001A11LCP00001IIKQS',0,'0000',0,-1,-16777216,-16777216,12,9,-16777216,-16777216,'N','N','N',0,0,-16777216,80,'<nc.vo.pub.print.PrintCellExtVO>
  <height__decimal>0.0</height__decimal>
  <textDirection>0</textDirection>
  <lineSpaceBetween>0</lineSpaceBetween>
  <formatType>0</formatType>
</nc.vo.pub.print.PrintCellExtVO>','N',null,null,'宋体','大区-陈金明',null,0,'2023-08-30 13:04:29' ) 
/

insert into PUB_PRINT_CELL ( BUNDERLINE,CCELLCODE,CCELLID,CCOMBINEPROPERTY,CCONTENTPROPERTY,CISFROZEN,CISHEADTAIL,CLINEPROPERTY,CTEMPLATEID,FFONTSTYLE,FIXEDSTYLE,FSHADOWTYPE,IBGCOLOR,IBOTLINECOLOR,IFGCOLOR,IFONRSIZE,IHEIGHT,ILEFTLINECOLOR,IRIGHTCOLOR,ISDYCOLGROUP,ISDYNROWHEIGHT,ISLASTPAGETRAIL,ISTARTX,ISTARTY,ITOPLINECOLOR,IWIDTH,OPTIONS,PREPARE1,PREPARE2,TABLE_CODE,VFONTNAME,VTEXT,VVAR,DR,TS ) values  ( '0','000000000009','1001A11LCP00001IIKRU','0','0110','00','00','01010101','1001A11LCP00001IIKQS',0,'0000',0,-1,-16777216,-16777216,12,9,-16777216,-16777216,'N','N','N',0,0,-16777216,803,'<nc.vo.pub.print.PrintCellExtVO>
  <height__decimal>0.0</height__decimal>
  <textDirection>0</textDirection>
  <lineSpaceBetween>0</lineSpaceBetween>
  <formatType>0</formatType>
</nc.vo.pub.print.PrintCellExtVO>','N',null,null,'宋体','大区-陈金明',null,0,'2023-08-30 13:04:29' ) 
/

insert into PUB_PRINT_CELL ( BUNDERLINE,CCELLCODE,CCELLID,CCOMBINEPROPERTY,CCONTENTPROPERTY,CISFROZEN,CISHEADTAIL,CLINEPROPERTY,CTEMPLATEID,FFONTSTYLE,FIXEDSTYLE,FSHADOWTYPE,IBGCOLOR,IBOTLINECOLOR,IFGCOLOR,IFONRSIZE,IHEIGHT,ILEFTLINECOLOR,IRIGHTCOLOR,ISDYCOLGROUP,ISDYNROWHEIGHT,ISLASTPAGETRAIL,ISTARTX,ISTARTY,ITOPLINECOLOR,IWIDTH,OPTIONS,PREPARE1,PREPARE2,TABLE_CODE,VFONTNAME,VTEXT,VVAR,DR,TS ) values  ( '0','001000001000','1001A11LCP00001IIKRV','0','0210','00','00','00000000','1001A11LCP00001IIKQS',0,'0000',0,-1,-16777216,-16777216,12,15,-16777216,-16777216,'N','N','N',0,0,-16777216,80,'<nc.vo.pub.print.PrintCellExtVO>
  <height__decimal>0.0</height__decimal>
  <textDirection>0</textDirection>
  <lineSpaceBetween>0</lineSpaceBetween>
  <formatType>0</formatType>
</nc.vo.pub.print.PrintCellExtVO>',null,null,null,'宋体','自定义项8:',null,0,'2023-08-30 13:04:29' ) 
/

insert into PUB_PRINT_CELL ( BUNDERLINE,CCELLCODE,CCELLID,CCOMBINEPROPERTY,CCONTENTPROPERTY,CISFROZEN,CISHEADTAIL,CLINEPROPERTY,CTEMPLATEID,FFONTSTYLE,FIXEDSTYLE,FSHADOWTYPE,IBGCOLOR,IBOTLINECOLOR,IFGCOLOR,IFONRSIZE,IHEIGHT,ILEFTLINECOLOR,IRIGHTCOLOR,ISDYCOLGROUP,ISDYNROWHEIGHT,ISLASTPAGETRAIL,ISTARTX,ISTARTY,ITOPLINECOLOR,IWIDTH,OPTIONS,PREPARE1,PREPARE2,TABLE_CODE,VFONTNAME,VTEXT,VVAR,DR,TS ) values  ( '0','001001001001','1001A11LCP00001IIKRW','0','1010','00','00','00000000','1001A11LCP00001IIKQS',0,'0000',0,-1,-16777216,-16777216,12,15,-16777216,-16777216,'N','N','N',48,0,-16777216,80,'<nc.vo.pub.print.PrintCellExtVO>
  <height__decimal>0.0</height__decimal>
  <textDirection>0</textDirection>
  <lineSpaceBetween>0</lineSpaceBetween>
  <formatType>0</formatType>
</nc.vo.pub.print.PrintCellExtVO>',null,null,null,'宋体','自定义项8','def8',0,'2023-08-30 13:04:29' ) 
/

insert into PUB_PRINT_CELL ( BUNDERLINE,CCELLCODE,CCELLID,CCOMBINEPROPERTY,CCONTENTPROPERTY,CISFROZEN,CISHEADTAIL,CLINEPROPERTY,CTEMPLATEID,FFONTSTYLE,FIXEDSTYLE,FSHADOWTYPE,IBGCOLOR,IBOTLINECOLOR,IFGCOLOR,IFONRSIZE,IHEIGHT,ILEFTLINECOLOR,IRIGHTCOLOR,ISDYCOLGROUP,ISDYNROWHEIGHT,ISLASTPAGETRAIL,ISTARTX,ISTARTY,ITOPLINECOLOR,IWIDTH,OPTIONS,PREPARE1,PREPARE2,TABLE_CODE,VFONTNAME,VTEXT,VVAR,DR,TS ) values  ( '0','001002001002','1001A11LCP00001IIKRX','0','0210','00','00','00000000','1001A11LCP00001IIKQS',0,'0000',0,-1,-16777216,-16777216,12,15,-16777216,-16777216,'N','N','N',96,0,-16777216,80,'<nc.vo.pub.print.PrintCellExtVO>
  <height__decimal>0.0</height__decimal>
  <textDirection>0</textDirection>
  <lineSpaceBetween>0</lineSpaceBetween>
  <formatType>0</formatType>
</nc.vo.pub.print.PrintCellExtVO>',null,null,null,'宋体','自定义项9:',null,0,'2023-08-30 13:04:29' ) 
/

insert into PUB_PRINT_CELL ( BUNDERLINE,CCELLCODE,CCELLID,CCOMBINEPROPERTY,CCONTENTPROPERTY,CISFROZEN,CISHEADTAIL,CLINEPROPERTY,CTEMPLATEID,FFONTSTYLE,FIXEDSTYLE,FSHADOWTYPE,IBGCOLOR,IBOTLINECOLOR,IFGCOLOR,IFONRSIZE,IHEIGHT,ILEFTLINECOLOR,IRIGHTCOLOR,ISDYCOLGROUP,ISDYNROWHEIGHT,ISLASTPAGETRAIL,ISTARTX,ISTARTY,ITOPLINECOLOR,IWIDTH,OPTIONS,PREPARE1,PREPARE2,TABLE_CODE,VFONTNAME,VTEXT,VVAR,DR,TS ) values  ( '0','001003001003','1001A11LCP00001IIKRY','0','1010','00','00','00000000','1001A11LCP00001IIKQS',0,'0000',0,-1,-16777216,-16777216,12,15,-16777216,-16777216,'N','N','N',156,0,-16777216,80,'<nc.vo.pub.print.PrintCellExtVO>
  <height__decimal>0.0</height__decimal>
  <textDirection>0</textDirection>
  <lineSpaceBetween>0</lineSpaceBetween>
  <formatType>0</formatType>
</nc.vo.pub.print.PrintCellExtVO>',null,null,null,'宋体','自定义项9','def9',0,'2023-08-30 13:04:29' ) 
/

insert into PUB_PRINT_CELL ( BUNDERLINE,CCELLCODE,CCELLID,CCOMBINEPROPERTY,CCONTENTPROPERTY,CISFROZEN,CISHEADTAIL,CLINEPROPERTY,CTEMPLATEID,FFONTSTYLE,FIXEDSTYLE,FSHADOWTYPE,IBGCOLOR,IBOTLINECOLOR,IFGCOLOR,IFONRSIZE,IHEIGHT,ILEFTLINECOLOR,IRIGHTCOLOR,ISDYCOLGROUP,ISDYNROWHEIGHT,ISLASTPAGETRAIL,ISTARTX,ISTARTY,ITOPLINECOLOR,IWIDTH,OPTIONS,PREPARE1,PREPARE2,TABLE_CODE,VFONTNAME,VTEXT,VVAR,DR,TS ) values  ( '0','001004001004','1001A11LCP00001IIKRZ','0','0210','00','00','00000000','1001A11LCP00001IIKQS',0,'0000',0,-1,-16777216,-16777216,12,15,-16777216,-16777216,'N','N','N',216,0,-16777216,80,'<nc.vo.pub.print.PrintCellExtVO>
  <height__decimal>0.0</height__decimal>
  <textDirection>0</textDirection>
  <lineSpaceBetween>0</lineSpaceBetween>
  <formatType>0</formatType>
</nc.vo.pub.print.PrintCellExtVO>',null,null,null,'宋体','自定义项10:',null,0,'2023-08-30 13:04:29' ) 
/

insert into PUB_PRINT_CELL ( BUNDERLINE,CCELLCODE,CCELLID,CCOMBINEPROPERTY,CCONTENTPROPERTY,CISFROZEN,CISHEADTAIL,CLINEPROPERTY,CTEMPLATEID,FFONTSTYLE,FIXEDSTYLE,FSHADOWTYPE,IBGCOLOR,IBOTLINECOLOR,IFGCOLOR,IFONRSIZE,IHEIGHT,ILEFTLINECOLOR,IRIGHTCOLOR,ISDYCOLGROUP,ISDYNROWHEIGHT,ISLASTPAGETRAIL,ISTARTX,ISTARTY,ITOPLINECOLOR,IWIDTH,OPTIONS,PREPARE1,PREPARE2,TABLE_CODE,VFONTNAME,VTEXT,VVAR,DR,TS ) values  ( '0','001005001005','1001A11LCP00001IIKS0','0','1010','00','00','00000000','1001A11LCP00001IIKQS',0,'0000',0,-1,-16777216,-16777216,12,15,-16777216,-16777216,'N','N','N',276,0,-16777216,80,'<nc.vo.pub.print.PrintCellExtVO>
  <height__decimal>0.0</height__decimal>
  <textDirection>0</textDirection>
  <lineSpaceBetween>0</lineSpaceBetween>
  <formatType>0</formatType>
</nc.vo.pub.print.PrintCellExtVO>',null,null,null,'宋体','自定义项10','def10',0,'2023-08-30 13:04:29' ) 
/

insert into PUB_PRINT_CELL ( BUNDERLINE,CCELLCODE,CCELLID,CCOMBINEPROPERTY,CCONTENTPROPERTY,CISFROZEN,CISHEADTAIL,CLINEPROPERTY,CTEMPLATEID,FFONTSTYLE,FIXEDSTYLE,FSHADOWTYPE,IBGCOLOR,IBOTLINECOLOR,IFGCOLOR,IFONRSIZE,IHEIGHT,ILEFTLINECOLOR,IRIGHTCOLOR,ISDYCOLGROUP,ISDYNROWHEIGHT,ISLASTPAGETRAIL,ISTARTX,ISTARTY,ITOPLINECOLOR,IWIDTH,OPTIONS,PREPARE1,PREPARE2,TABLE_CODE,VFONTNAME,VTEXT,VVAR,DR,TS ) values  ( '0','002000002000','1001A11LCP00001IIVKX','0','0210','00','00','00000000','1001A11LCP00001IIKQS',0,'0000',0,-1,-16777216,-16777216,12,15,-16777216,-16777216,'N','N','N',336,0,-16777216,80,'<nc.vo.pub.print.PrintCellExtVO>
  <height__decimal>0.0</height__decimal>
  <textDirection>0</textDirection>
  <lineSpaceBetween>0</lineSpaceBetween>
  <formatType>0</formatType>
</nc.vo.pub.print.PrintCellExtVO>',null,null,null,'宋体','自定义项11:',null,0,'2023-08-30 13:04:29' ) 
/

insert into PUB_PRINT_CELL ( BUNDERLINE,CCELLCODE,CCELLID,CCOMBINEPROPERTY,CCONTENTPROPERTY,CISFROZEN,CISHEADTAIL,CLINEPROPERTY,CTEMPLATEID,FFONTSTYLE,FIXEDSTYLE,FSHADOWTYPE,IBGCOLOR,IBOTLINECOLOR,IFGCOLOR,IFONRSIZE,IHEIGHT,ILEFTLINECOLOR,IRIGHTCOLOR,ISDYCOLGROUP,ISDYNROWHEIGHT,ISLASTPAGETRAIL,ISTARTX,ISTARTY,ITOPLINECOLOR,IWIDTH,OPTIONS,PREPARE1,PREPARE2,TABLE_CODE,VFONTNAME,VTEXT,VVAR,DR,TS ) values  ( '0','002001002001','1001A11LCP00001IIVKY','0','1010','00','00','00000000','1001A11LCP00001IIKQS',0,'0000',0,-1,-16777216,-16777216,12,15,-16777216,-16777216,'N','N','N',396,0,-16777216,80,'<nc.vo.pub.print.PrintCellExtVO>
  <height__decimal>0.0</height__decimal>
  <textDirection>0</textDirection>
  <lineSpaceBetween>0</lineSpaceBetween>
  <formatType>0</formatType>
</nc.vo.pub.print.PrintCellExtVO>',null,null,null,'宋体','自定义项11','def11',0,'2023-08-30 13:04:29' ) 
/

insert into PUB_PRINT_CELL ( BUNDERLINE,CCELLCODE,CCELLID,CCOMBINEPROPERTY,CCONTENTPROPERTY,CISFROZEN,CISHEADTAIL,CLINEPROPERTY,CTEMPLATEID,FFONTSTYLE,FIXEDSTYLE,FSHADOWTYPE,IBGCOLOR,IBOTLINECOLOR,IFGCOLOR,IFONRSIZE,IHEIGHT,ILEFTLINECOLOR,IRIGHTCOLOR,ISDYCOLGROUP,ISDYNROWHEIGHT,ISLASTPAGETRAIL,ISTARTX,ISTARTY,ITOPLINECOLOR,IWIDTH,OPTIONS,PREPARE1,PREPARE2,TABLE_CODE,VFONTNAME,VTEXT,VVAR,DR,TS ) values  ( '0','002002002002','1001A11LCP00001IIVKZ','0','0210','00','00','00000000','1001A11LCP00001IIKQS',0,'0000',0,-1,-16777216,-16777216,12,15,-16777216,-16777216,'N','N','N',456,0,-16777216,80,'<nc.vo.pub.print.PrintCellExtVO>
  <height__decimal>0.0</height__decimal>
  <textDirection>0</textDirection>
  <lineSpaceBetween>0</lineSpaceBetween>
  <formatType>0</formatType>
</nc.vo.pub.print.PrintCellExtVO>',null,null,null,'宋体','自定义项12:',null,0,'2023-08-30 13:04:29' ) 
/

insert into PUB_PRINT_CELL ( BUNDERLINE,CCELLCODE,CCELLID,CCOMBINEPROPERTY,CCONTENTPROPERTY,CISFROZEN,CISHEADTAIL,CLINEPROPERTY,CTEMPLATEID,FFONTSTYLE,FIXEDSTYLE,FSHADOWTYPE,IBGCOLOR,IBOTLINECOLOR,IFGCOLOR,IFONRSIZE,IHEIGHT,ILEFTLINECOLOR,IRIGHTCOLOR,ISDYCOLGROUP,ISDYNROWHEIGHT,ISLASTPAGETRAIL,ISTARTX,ISTARTY,ITOPLINECOLOR,IWIDTH,OPTIONS,PREPARE1,PREPARE2,TABLE_CODE,VFONTNAME,VTEXT,VVAR,DR,TS ) values  ( '0','002003002003','1001A11LCP00001IIVL0','0','1010','00','00','00000000','1001A11LCP00001IIKQS',0,'0000',0,-1,-16777216,-16777216,12,15,-16777216,-16777216,'N','N','N',516,0,-16777216,80,'<nc.vo.pub.print.PrintCellExtVO>
  <height__decimal>0.0</height__decimal>
  <textDirection>0</textDirection>
  <lineSpaceBetween>0</lineSpaceBetween>
  <formatType>0</formatType>
</nc.vo.pub.print.PrintCellExtVO>',null,null,null,'宋体','自定义项12','def12',0,'2023-08-30 13:04:29' ) 
/

insert into PUB_PRINT_CELL ( BUNDERLINE,CCELLCODE,CCELLID,CCOMBINEPROPERTY,CCONTENTPROPERTY,CISFROZEN,CISHEADTAIL,CLINEPROPERTY,CTEMPLATEID,FFONTSTYLE,FIXEDSTYLE,FSHADOWTYPE,IBGCOLOR,IBOTLINECOLOR,IFGCOLOR,IFONRSIZE,IHEIGHT,ILEFTLINECOLOR,IRIGHTCOLOR,ISDYCOLGROUP,ISDYNROWHEIGHT,ISLASTPAGETRAIL,ISTARTX,ISTARTY,ITOPLINECOLOR,IWIDTH,OPTIONS,PREPARE1,PREPARE2,TABLE_CODE,VFONTNAME,VTEXT,VVAR,DR,TS ) values  ( '0','002004002004','1001A11LCP00001IIVL1','0','0210','00','00','00000000','1001A11LCP00001IIKQS',0,'0000',0,-1,-16777216,-16777216,12,15,-16777216,-16777216,'N','N','N',0,9,-16777216,80,'<nc.vo.pub.print.PrintCellExtVO>
  <height__decimal>0.0</height__decimal>
  <textDirection>0</textDirection>
  <lineSpaceBetween>0</lineSpaceBetween>
  <formatType>0</formatType>
</nc.vo.pub.print.PrintCellExtVO>',null,null,null,'宋体','自定义项13:',null,0,'2023-08-30 13:04:29' ) 
/

insert into PUB_PRINT_CELL ( BUNDERLINE,CCELLCODE,CCELLID,CCOMBINEPROPERTY,CCONTENTPROPERTY,CISFROZEN,CISHEADTAIL,CLINEPROPERTY,CTEMPLATEID,FFONTSTYLE,FIXEDSTYLE,FSHADOWTYPE,IBGCOLOR,IBOTLINECOLOR,IFGCOLOR,IFONRSIZE,IHEIGHT,ILEFTLINECOLOR,IRIGHTCOLOR,ISDYCOLGROUP,ISDYNROWHEIGHT,ISLASTPAGETRAIL,ISTARTX,ISTARTY,ITOPLINECOLOR,IWIDTH,OPTIONS,PREPARE1,PREPARE2,TABLE_CODE,VFONTNAME,VTEXT,VVAR,DR,TS ) values  ( '0','002005002005','1001A11LCP00001IIVL2','0','1010','00','00','00000000','1001A11LCP00001IIKQS',0,'0000',0,-1,-16777216,-16777216,12,15,-16777216,-16777216,'N','N','N',48,9,-16777216,80,'<nc.vo.pub.print.PrintCellExtVO>
  <height__decimal>0.0</height__decimal>
  <textDirection>0</textDirection>
  <lineSpaceBetween>0</lineSpaceBetween>
  <formatType>0</formatType>
</nc.vo.pub.print.PrintCellExtVO>',null,null,null,'宋体','自定义项13','def13',0,'2023-08-30 13:04:29' ) 
/

insert into PUB_PRINT_CELL ( BUNDERLINE,CCELLCODE,CCELLID,CCOMBINEPROPERTY,CCONTENTPROPERTY,CISFROZEN,CISHEADTAIL,CLINEPROPERTY,CTEMPLATEID,FFONTSTYLE,FIXEDSTYLE,FSHADOWTYPE,IBGCOLOR,IBOTLINECOLOR,IFGCOLOR,IFONRSIZE,IHEIGHT,ILEFTLINECOLOR,IRIGHTCOLOR,ISDYCOLGROUP,ISDYNROWHEIGHT,ISLASTPAGETRAIL,ISTARTX,ISTARTY,ITOPLINECOLOR,IWIDTH,OPTIONS,PREPARE1,PREPARE2,TABLE_CODE,VFONTNAME,VTEXT,VVAR,DR,TS ) values  ( '0','003000003000','1001A11LCP00001IIVL3','0','0210','00','00','00000000','1001A11LCP00001IIKQS',0,'0000',0,-1,-16777216,-16777216,12,15,-16777216,-16777216,'N','N','N',96,9,-16777216,80,'<nc.vo.pub.print.PrintCellExtVO>
  <height__decimal>0.0</height__decimal>
  <textDirection>0</textDirection>
  <lineSpaceBetween>0</lineSpaceBetween>
  <formatType>0</formatType>
</nc.vo.pub.print.PrintCellExtVO>',null,null,null,'宋体','自定义项14:',null,0,'2023-08-30 13:04:29' ) 
/

insert into PUB_PRINT_CELL ( BUNDERLINE,CCELLCODE,CCELLID,CCOMBINEPROPERTY,CCONTENTPROPERTY,CISFROZEN,CISHEADTAIL,CLINEPROPERTY,CTEMPLATEID,FFONTSTYLE,FIXEDSTYLE,FSHADOWTYPE,IBGCOLOR,IBOTLINECOLOR,IFGCOLOR,IFONRSIZE,IHEIGHT,ILEFTLINECOLOR,IRIGHTCOLOR,ISDYCOLGROUP,ISDYNROWHEIGHT,ISLASTPAGETRAIL,ISTARTX,ISTARTY,ITOPLINECOLOR,IWIDTH,OPTIONS,PREPARE1,PREPARE2,TABLE_CODE,VFONTNAME,VTEXT,VVAR,DR,TS ) values  ( '0','003001003001','1001A11LCP00001IIVL4','0','1010','00','00','00000000','1001A11LCP00001IIKQS',0,'0000',0,-1,-16777216,-16777216,12,15,-16777216,-16777216,'N','N','N',156,9,-16777216,80,'<nc.vo.pub.print.PrintCellExtVO>
  <height__decimal>0.0</height__decimal>
  <textDirection>0</textDirection>
  <lineSpaceBetween>0</lineSpaceBetween>
  <formatType>0</formatType>
</nc.vo.pub.print.PrintCellExtVO>',null,null,null,'宋体','自定义项14','def14',0,'2023-08-30 13:04:29' ) 
/

insert into PUB_PRINT_CELL ( BUNDERLINE,CCELLCODE,CCELLID,CCOMBINEPROPERTY,CCONTENTPROPERTY,CISFROZEN,CISHEADTAIL,CLINEPROPERTY,CTEMPLATEID,FFONTSTYLE,FIXEDSTYLE,FSHADOWTYPE,IBGCOLOR,IBOTLINECOLOR,IFGCOLOR,IFONRSIZE,IHEIGHT,ILEFTLINECOLOR,IRIGHTCOLOR,ISDYCOLGROUP,ISDYNROWHEIGHT,ISLASTPAGETRAIL,ISTARTX,ISTARTY,ITOPLINECOLOR,IWIDTH,OPTIONS,PREPARE1,PREPARE2,TABLE_CODE,VFONTNAME,VTEXT,VVAR,DR,TS ) values  ( '0','003002003002','1001A11LCP00001IIVL5','0','0210','00','00','00000000','1001A11LCP00001IIKQS',0,'0000',0,-1,-16777216,-16777216,12,15,-16777216,-16777216,'N','N','N',216,9,-16777216,80,'<nc.vo.pub.print.PrintCellExtVO>
  <height__decimal>0.0</height__decimal>
  <textDirection>0</textDirection>
  <lineSpaceBetween>0</lineSpaceBetween>
  <formatType>0</formatType>
</nc.vo.pub.print.PrintCellExtVO>',null,null,null,'宋体','自定义项15:',null,0,'2023-08-30 13:04:29' ) 
/

insert into PUB_PRINT_CELL ( BUNDERLINE,CCELLCODE,CCELLID,CCOMBINEPROPERTY,CCONTENTPROPERTY,CISFROZEN,CISHEADTAIL,CLINEPROPERTY,CTEMPLATEID,FFONTSTYLE,FIXEDSTYLE,FSHADOWTYPE,IBGCOLOR,IBOTLINECOLOR,IFGCOLOR,IFONRSIZE,IHEIGHT,ILEFTLINECOLOR,IRIGHTCOLOR,ISDYCOLGROUP,ISDYNROWHEIGHT,ISLASTPAGETRAIL,ISTARTX,ISTARTY,ITOPLINECOLOR,IWIDTH,OPTIONS,PREPARE1,PREPARE2,TABLE_CODE,VFONTNAME,VTEXT,VVAR,DR,TS ) values  ( '0','003003003003','1001A11LCP00001IIVL6','0','1010','00','00','00000000','1001A11LCP00001IIKQS',0,'0000',0,-1,-16777216,-16777216,12,15,-16777216,-16777216,'N','N','N',276,9,-16777216,80,'<nc.vo.pub.print.PrintCellExtVO>
  <height__decimal>0.0</height__decimal>
  <textDirection>0</textDirection>
  <lineSpaceBetween>0</lineSpaceBetween>
  <formatType>0</formatType>
</nc.vo.pub.print.PrintCellExtVO>',null,null,null,'宋体','自定义项15','def15',0,'2023-08-30 13:04:29' ) 
/

insert into PUB_PRINT_CELL ( BUNDERLINE,CCELLCODE,CCELLID,CCOMBINEPROPERTY,CCONTENTPROPERTY,CISFROZEN,CISHEADTAIL,CLINEPROPERTY,CTEMPLATEID,FFONTSTYLE,FIXEDSTYLE,FSHADOWTYPE,IBGCOLOR,IBOTLINECOLOR,IFGCOLOR,IFONRSIZE,IHEIGHT,ILEFTLINECOLOR,IRIGHTCOLOR,ISDYCOLGROUP,ISDYNROWHEIGHT,ISLASTPAGETRAIL,ISTARTX,ISTARTY,ITOPLINECOLOR,IWIDTH,OPTIONS,PREPARE1,PREPARE2,TABLE_CODE,VFONTNAME,VTEXT,VVAR,DR,TS ) values  ( '0','003004003004','1001A11LCP00001IIVL7','0','0210','00','00','00000000','1001A11LCP00001IIKQS',0,'0000',0,-1,-16777216,-16777216,12,15,-16777216,-16777216,'N','N','N',336,9,-16777216,80,'<nc.vo.pub.print.PrintCellExtVO>
  <height__decimal>0.0</height__decimal>
  <textDirection>0</textDirection>
  <lineSpaceBetween>0</lineSpaceBetween>
  <formatType>0</formatType>
</nc.vo.pub.print.PrintCellExtVO>',null,null,null,'宋体','自定义项16:',null,0,'2023-08-30 13:04:29' ) 
/

insert into PUB_PRINT_CELL ( BUNDERLINE,CCELLCODE,CCELLID,CCOMBINEPROPERTY,CCONTENTPROPERTY,CISFROZEN,CISHEADTAIL,CLINEPROPERTY,CTEMPLATEID,FFONTSTYLE,FIXEDSTYLE,FSHADOWTYPE,IBGCOLOR,IBOTLINECOLOR,IFGCOLOR,IFONRSIZE,IHEIGHT,ILEFTLINECOLOR,IRIGHTCOLOR,ISDYCOLGROUP,ISDYNROWHEIGHT,ISLASTPAGETRAIL,ISTARTX,ISTARTY,ITOPLINECOLOR,IWIDTH,OPTIONS,PREPARE1,PREPARE2,TABLE_CODE,VFONTNAME,VTEXT,VVAR,DR,TS ) values  ( '0','003005003005','1001A11LCP00001IIVL8','0','1010','00','00','00000000','1001A11LCP00001IIKQS',0,'0000',0,-1,-16777216,-16777216,12,15,-16777216,-16777216,'N','N','N',396,9,-16777216,80,'<nc.vo.pub.print.PrintCellExtVO>
  <height__decimal>0.0</height__decimal>
  <textDirection>0</textDirection>
  <lineSpaceBetween>0</lineSpaceBetween>
  <formatType>0</formatType>
</nc.vo.pub.print.PrintCellExtVO>',null,null,null,'宋体','自定义项16','def16',0,'2023-08-30 13:04:29' ) 
/

insert into PUB_SYSTEMPLATE_BASE ( APPCODE,DEVORG,FUNNODE,LAYER,MODULEID,NODEKEY,PK_COUNTRY,PK_INDUSTRY,PK_SYSTEMPLATE,TEMPLATEID,TEMPSTYLE,DR,TS ) values  ( '4004800H1',null,'4004800H1',0,'4004','4004800H101','~','~','1001A11LCP00001IIVL9','1001A11LCP00001IIKQR',3,0,'2023-08-30 13:04:29' ) 
/

insert into PUB_SYSTEMPLATE_BASE ( APPCODE,DEVORG,FUNNODE,LAYER,MODULEID,NODEKEY,PK_COUNTRY,PK_INDUSTRY,PK_SYSTEMPLATE,TEMPLATEID,TEMPSTYLE,DR,TS ) values  ( '4004800H1',null,'4004800H1',0,'4004','4004800H102','~','~','1001A11LCP00001IIVLA','1001A11LCP00001IIKQS',3,0,'2023-08-30 13:04:29' ) 
/

insert into BD_REFINFO ( CODE,ISTREELAZYLOAD,ISNEEDPARA,ISSPECIALREF,LAYER,REFTYPE,METADATANAMESPACE,METADATATYPENAME,MOBILEREFPATH,MODULENAME,NAME,PARA1,PARA2,PARA3,PK_COUNTRY,PK_INDUSTRY,PK_REFINFO,REFCLASS,REFPATH,REFSYSTEM,RESERV1,RESERV2,RESERV3,RESID,RESIDPATH,WHEREPART,WORKFLOWCONDITIONUSEUNITORG,TS,DR ) values  ( '4004800H1','N',null,null,null,0,'pu','region_CjmMaster',null,'pu','大区-陈金明_大区-陈金明_默认表参照_region_cjm_region_CjmMaster',null,null,null,null,null,'1001A11LCP00001IIVMK',null,'pu/refer/region_cjm/region_CjmMasterDefaultGridRef/index',null,null,null,null,'region_cjm','region_cjm',null,null,'2023-08-30 13:04:35',0 ) 
/

