delete from SM_APPREGISTER where PK_APPREGISTER='1001A11000000007JZSI' 
/

delete from SM_APPMENUITEM where PK_MENUITEM='1001A11000000007JZSJ' 
/

insert into SM_APPMENUITEM ( PK_MENUITEM,MENUITEMCODE,MENUITEMNAME,MENUDES,APPCODE,APPID,PK_MENU,PARENTCODE,RESID,PK_GROUP,IMAGE_SRC,APP_IMAGE,IS_CLOUD_APP,FLOOR,MENUORDER,DR,TS ) values  ( '1001A11000000007JZSJ','10880557','示例应用',null,'10880557','1001A11000000007JZSI','1004Z510000000000FFL','108805',null,null,null,null,null,null,null,0,'2023-06-25 10:25:04' ) 
/

insert into SM_APPREGISTER ( PK_APPREGISTER,CODE,NAME,OWN_MODULE,MOUNTID,WIDTH,HEIGHT,TARGET_PATH,APPTYPE,IMAGE_SRC,USELICENSE_LOAD,ORGTYPECODE,FUNTYPE,PARENT_ID,ISENABLE,PK_GROUP,APP_DESC,SCOPEID,HELP_NAME,ISCAUSERUSABLE,MDID,SOURCE_APP_CODE,RESID,FUN_PROPERTY,ISCOPYPAGE,PAGERESFILE,CREATOR,CREATIONTIME,MODIFIER,MODIFIEDTIME,FASTLAUNCHPARAM,FASTLAUNCHURL,FASTLAUNCHPAGECODE,DR,TS ) values  ( '1001A11000000007JZSI','10880557','示例应用','1088',null,1,1,null,1,'default','Y','ACCOUNTINGBOOK000000',0,'1001Z0100000000455LO','Y',null,null,null,null,'N','c20d2227-2ecd-44d8-bc4f-f5fcafe82248','10880557',null,0,'N',null,'1001A11000000000002O','2023-06-25 10:25:03',null,null,null,null,null,0,'2023-06-25 10:25:04' ) 
/

insert into SM_APPPAGE ( PK_APPPAGE,PAGECODE,PAGENAME,PAGEDESC,PAGEURL,PARENT_ID,PARENTCODE,RESID,ISDEFAULT,ISCARDDEFAULT,CREATOR,CREATIONTIME,MODIFIER,MODIFIEDTIME,PAGEJSURL,PAGERESFILE,STYLETYPE,MOBPAGERESFILE,ISNEWPAGE,TRANSFERSIGN,DR,TS ) values  ( '1001A11LCP000007JZSL','10880557_testmdMaster','主实体',null,'/nccloud/resources/uapbd/testmd/testmdmaster/main/index.html','1001A11000000007JZSI','10880557',null,'Y',null,null,null,null,null,null,null,null,null,null,null,0,'2023-06-25 10:25:04' ) 
/

insert into PUB_PAGE_TEMPLET ( PK_PAGE_TEMPLET,CODE,NAME,RESID,CREATOR,CREATIONTIME,MODIFIER,MODIFIEDTIME,TEMPLETDESC,ISDEFAULT,PARENTID,PAGECODE,CLAZZ,METAID,HEADCODE,APPCODE,APPID,RESMODULE,PK_GROUP,PK_ORG,LAYOUT,PAGESTYLE,DR,TS ) values  ( '1001A11LCP000007JZSM','10880557_testmdMaster','主实体',null,null,null,null,null,null,'Y','root','10880557_testmdMaster','nc.vo.testmd.testmd.AggTestmdMasterVO','c20d2227-2ecd-44d8-bc4f-f5fcafe82248','testmdMasterForm','10880557',null,null,null,null,null,null,0,'2023-06-25 10:25:04' ) 
/

insert into PUB_QUERY_PROPERTY ( SHOWTYPE,RETURNTYPE,DATATYPE,REFNAME,CONTAINLOWER,ISQUERYCONDITION,ISFIXEDCONDITION,ISBEYONDORG,ISNOTMETA,DEFINE1,DEFINE2,DEFINE3,DEFINE4,DEFINE5,ISMULTISELECTEDENABLED,REFCODE,METADATAPROPERTY,DATAVAL,ITEMTYPE,ISUSE,VISIBLEPOSITION,ISDEFINED,CLASSID,PROID,TABLECODE,QUERYTABLENAME,MOBILETITLE,ISRESLABEL,SHOWDATAVAL,SHOWFOCUS,ORGRIGHTS,REFCONDITION,ISCONVERTTIMEZONES,ISGROUPPOWER,SEMANTICSOURCE,NODELETE,ANOTHERLINE,COLUMNNUM,ISFORM,ISBACKFILL,ISDATAPOWERENABLE,DATAPOWEROPERATIONCODE,PK_QUERY_PROPERTY,ONLYLEAFCANSELECT,AREAID,LABEL,DEFAULTSHOW,CODE,METAPATH,WIDTH,VISIBLE,DISABLED,REQUIRED,ISCHECK,USEFUNC,MAXLENGTH,CREATOR,CREATIONTIME,RESID,POSITION,OPERSIGN,OPERSIGNNAME,DEFAULTVALUE,DR,TS ) values  ( 1,'refpk',204,'组织（包含全局）(所有)','Y','Y','N','N','N',null,null,null,null,null,'N','uapbd/refer/org/OrgWithGlobalAllDataTreeRef/index','uap.org.name','0001Z01000000001V017,code=N','refer','Y',null,'N','c20d2227-2ecd-44d8-bc4f-f5fcafe82248','00708833-92b5-4b71-ab8e-5b56a054035a',null,null,null,null,null,null,null,null,null,null,null,null,null,null,null,null,null,null,'1001A11LCP000007JZSU',null,'1001A11LCP000007JZSN','pk_org','Y','pk_org','pk_org',120,'Y','N','N','N','N',20,null,null,null,1,'=','等于@',null,0,null ) 
/

insert into PUB_QUERY_PROPERTY ( SHOWTYPE,RETURNTYPE,DATATYPE,REFNAME,CONTAINLOWER,ISQUERYCONDITION,ISFIXEDCONDITION,ISBEYONDORG,ISNOTMETA,DEFINE1,DEFINE2,DEFINE3,DEFINE4,DEFINE5,ISMULTISELECTEDENABLED,REFCODE,METADATAPROPERTY,DATAVAL,ITEMTYPE,ISUSE,VISIBLEPOSITION,ISDEFINED,CLASSID,PROID,TABLECODE,QUERYTABLENAME,MOBILETITLE,ISRESLABEL,SHOWDATAVAL,SHOWFOCUS,ORGRIGHTS,REFCONDITION,ISCONVERTTIMEZONES,ISGROUPPOWER,SEMANTICSOURCE,NODELETE,ANOTHERLINE,COLUMNNUM,ISFORM,ISBACKFILL,ISDATAPOWERENABLE,DATAPOWEROPERATIONCODE,PK_QUERY_PROPERTY,ONLYLEAFCANSELECT,AREAID,LABEL,DEFAULTSHOW,CODE,METAPATH,WIDTH,VISIBLE,DISABLED,REQUIRED,ISCHECK,USEFUNC,MAXLENGTH,CREATOR,CREATIONTIME,RESID,POSITION,OPERSIGN,OPERSIGNNAME,DEFAULTVALUE,DR,TS ) values  ( 1,'refpk',1,null,'N','Y','N','N','N',null,null,null,null,null,'N',null,null,null,'input','Y',null,'N','c20d2227-2ecd-44d8-bc4f-f5fcafe82248','6b28d3dd-6703-4a6e-8ecf-c99f8c814617',null,null,null,null,null,null,null,null,null,null,null,null,null,null,null,null,null,null,'1001A11LCP000007JZSV',null,'1001A11LCP000007JZSN','code','Y','code','code',120,'Y','N','N','N','N',50,null,null,null,2,'like@=@left like@right like@','包含@等于@左包含@右包含@',null,0,null ) 
/

insert into PUB_QUERY_PROPERTY ( SHOWTYPE,RETURNTYPE,DATATYPE,REFNAME,CONTAINLOWER,ISQUERYCONDITION,ISFIXEDCONDITION,ISBEYONDORG,ISNOTMETA,DEFINE1,DEFINE2,DEFINE3,DEFINE4,DEFINE5,ISMULTISELECTEDENABLED,REFCODE,METADATAPROPERTY,DATAVAL,ITEMTYPE,ISUSE,VISIBLEPOSITION,ISDEFINED,CLASSID,PROID,TABLECODE,QUERYTABLENAME,MOBILETITLE,ISRESLABEL,SHOWDATAVAL,SHOWFOCUS,ORGRIGHTS,REFCONDITION,ISCONVERTTIMEZONES,ISGROUPPOWER,SEMANTICSOURCE,NODELETE,ANOTHERLINE,COLUMNNUM,ISFORM,ISBACKFILL,ISDATAPOWERENABLE,DATAPOWEROPERATIONCODE,PK_QUERY_PROPERTY,ONLYLEAFCANSELECT,AREAID,LABEL,DEFAULTSHOW,CODE,METAPATH,WIDTH,VISIBLE,DISABLED,REQUIRED,ISCHECK,USEFUNC,MAXLENGTH,CREATOR,CREATIONTIME,RESID,POSITION,OPERSIGN,OPERSIGNNAME,DEFAULTVALUE,DR,TS ) values  ( 1,'refpk',1,null,'N','Y','N','N','N',null,null,null,null,null,'N',null,null,null,'input','Y',null,'N','c20d2227-2ecd-44d8-bc4f-f5fcafe82248','1ed5c81f-1a29-49c7-9aa6-636b2cf100ef',null,null,null,null,null,null,null,null,null,null,null,null,null,null,null,null,null,null,'1001A11LCP000007JZSW',null,'1001A11LCP000007JZSN','name','Y','name','name',120,'Y','N','N','N','N',50,null,null,null,3,'like@=@left like@right like@','包含@等于@左包含@右包含@',null,0,null ) 
/

insert into PUB_QUERY_PROPERTY ( SHOWTYPE,RETURNTYPE,DATATYPE,REFNAME,CONTAINLOWER,ISQUERYCONDITION,ISFIXEDCONDITION,ISBEYONDORG,ISNOTMETA,DEFINE1,DEFINE2,DEFINE3,DEFINE4,DEFINE5,ISMULTISELECTEDENABLED,REFCODE,METADATAPROPERTY,DATAVAL,ITEMTYPE,ISUSE,VISIBLEPOSITION,ISDEFINED,CLASSID,PROID,TABLECODE,QUERYTABLENAME,MOBILETITLE,ISRESLABEL,SHOWDATAVAL,SHOWFOCUS,ORGRIGHTS,REFCONDITION,ISCONVERTTIMEZONES,ISGROUPPOWER,SEMANTICSOURCE,NODELETE,ANOTHERLINE,COLUMNNUM,ISFORM,ISBACKFILL,ISDATAPOWERENABLE,DATAPOWEROPERATIONCODE,PK_QUERY_PROPERTY,ONLYLEAFCANSELECT,AREAID,LABEL,DEFAULTSHOW,CODE,METAPATH,WIDTH,VISIBLE,DISABLED,REQUIRED,ISCHECK,USEFUNC,MAXLENGTH,CREATOR,CREATIONTIME,RESID,POSITION,OPERSIGN,OPERSIGNNAME,DEFAULTVALUE,DR,TS ) values  ( 1,'refpk',204,'用户','Y','Y','N','N','N',null,null,null,null,null,'N','uap/refer/riart/userDefaultRefer/index','uap.user.user_name','0001Z01000000001BVPB,code=N','refer','Y',null,'N','c20d2227-2ecd-44d8-bc4f-f5fcafe82248','ca022d3e-65a2-4778-b0e0-55667456be33',null,null,null,null,null,null,null,null,null,null,null,null,null,null,null,null,null,null,'1001A11LCP000007JZSX',null,'1001A11LCP000007JZSN','制单人','Y','billmaker','billmaker',120,'Y','N','N','N','N',20,null,null,null,4,'=','等于@',null,0,null ) 
/

insert into PUB_QUERY_PROPERTY ( SHOWTYPE,RETURNTYPE,DATATYPE,REFNAME,CONTAINLOWER,ISQUERYCONDITION,ISFIXEDCONDITION,ISBEYONDORG,ISNOTMETA,DEFINE1,DEFINE2,DEFINE3,DEFINE4,DEFINE5,ISMULTISELECTEDENABLED,REFCODE,METADATAPROPERTY,DATAVAL,ITEMTYPE,ISUSE,VISIBLEPOSITION,ISDEFINED,CLASSID,PROID,TABLECODE,QUERYTABLENAME,MOBILETITLE,ISRESLABEL,SHOWDATAVAL,SHOWFOCUS,ORGRIGHTS,REFCONDITION,ISCONVERTTIMEZONES,ISGROUPPOWER,SEMANTICSOURCE,NODELETE,ANOTHERLINE,COLUMNNUM,ISFORM,ISBACKFILL,ISDATAPOWERENABLE,DATAPOWEROPERATIONCODE,PK_QUERY_PROPERTY,ONLYLEAFCANSELECT,AREAID,LABEL,DEFAULTSHOW,CODE,METAPATH,WIDTH,VISIBLE,DISABLED,REQUIRED,ISCHECK,USEFUNC,MAXLENGTH,CREATOR,CREATIONTIME,RESID,POSITION,OPERSIGN,OPERSIGNNAME,DEFAULTVALUE,DR,TS ) values  ( 1,'refpk',203,null,'N','Y','N','N','N',null,null,null,null,null,'N',null,null,'审批未通过=0,审批通过=1,审批进行中=2,提交=3,自由=-1','select','Y',null,'N','c20d2227-2ecd-44d8-bc4f-f5fcafe82248','0fef04b9-8ba5-44dc-8912-4f14cec12774',null,null,null,null,'审批未通过=0,审批通过=1,审批进行中=2,提交=3,自由=-1',null,null,null,null,null,null,null,null,null,null,null,null,null,'1001A11LCP000007JZSY',null,'1001A11LCP000007JZSN','审批状态','Y','approvestatus','approvestatus',120,'Y','N','N','N','N',20,null,null,null,5,'=@<>@','等于@不等于@',null,0,null ) 
/

insert into PUB_QUERY_PROPERTY ( SHOWTYPE,RETURNTYPE,DATATYPE,REFNAME,CONTAINLOWER,ISQUERYCONDITION,ISFIXEDCONDITION,ISBEYONDORG,ISNOTMETA,DEFINE1,DEFINE2,DEFINE3,DEFINE4,DEFINE5,ISMULTISELECTEDENABLED,REFCODE,METADATAPROPERTY,DATAVAL,ITEMTYPE,ISUSE,VISIBLEPOSITION,ISDEFINED,CLASSID,PROID,TABLECODE,QUERYTABLENAME,MOBILETITLE,ISRESLABEL,SHOWDATAVAL,SHOWFOCUS,ORGRIGHTS,REFCONDITION,ISCONVERTTIMEZONES,ISGROUPPOWER,SEMANTICSOURCE,NODELETE,ANOTHERLINE,COLUMNNUM,ISFORM,ISBACKFILL,ISDATAPOWERENABLE,DATAPOWEROPERATIONCODE,PK_QUERY_PROPERTY,ONLYLEAFCANSELECT,AREAID,LABEL,DEFAULTSHOW,CODE,METAPATH,WIDTH,VISIBLE,DISABLED,REQUIRED,ISCHECK,USEFUNC,MAXLENGTH,CREATOR,CREATIONTIME,RESID,POSITION,OPERSIGN,OPERSIGNNAME,DEFAULTVALUE,DR,TS ) values  ( 1,'refpk',204,'影响因素交 易类型','Y','Y','N','N','N',null,null,null,null,null,'N','uap/refer/riart/transtype/index','uap.BilltypeVO.billtypename','0001Z0100BILLTYPEZJ8,code=N','refer','Y',null,'N','c20d2227-2ecd-44d8-bc4f-f5fcafe82248','7e9a71ee-4b06-4e85-8304-c1873c13d95b',null,null,null,null,null,null,null,null,null,null,null,null,null,null,null,null,null,null,'1001A11LCP000007JZSZ',null,'1001A11LCP000007JZSN','交易类型pk','Y','transtypepk','transtypepk',120,'Y','N','N','N','N',20,null,null,null,6,'=','等于@',null,0,null ) 
/

insert into PUB_QUERY_PROPERTY ( SHOWTYPE,RETURNTYPE,DATATYPE,REFNAME,CONTAINLOWER,ISQUERYCONDITION,ISFIXEDCONDITION,ISBEYONDORG,ISNOTMETA,DEFINE1,DEFINE2,DEFINE3,DEFINE4,DEFINE5,ISMULTISELECTEDENABLED,REFCODE,METADATAPROPERTY,DATAVAL,ITEMTYPE,ISUSE,VISIBLEPOSITION,ISDEFINED,CLASSID,PROID,TABLECODE,QUERYTABLENAME,MOBILETITLE,ISRESLABEL,SHOWDATAVAL,SHOWFOCUS,ORGRIGHTS,REFCONDITION,ISCONVERTTIMEZONES,ISGROUPPOWER,SEMANTICSOURCE,NODELETE,ANOTHERLINE,COLUMNNUM,ISFORM,ISBACKFILL,ISDATAPOWERENABLE,DATAPOWEROPERATIONCODE,PK_QUERY_PROPERTY,ONLYLEAFCANSELECT,AREAID,LABEL,DEFAULTSHOW,CODE,METAPATH,WIDTH,VISIBLE,DISABLED,REQUIRED,ISCHECK,USEFUNC,MAXLENGTH,CREATOR,CREATIONTIME,RESID,POSITION,OPERSIGN,OPERSIGNNAME,DEFAULTVALUE,DR,TS ) values  ( 1,'refpk',204,'集团','Y','Y','N','N','N',null,null,null,null,null,'N','uap/refer/riart/groupTreeRef/index','uap.group.name','0001Z010000000000ZKS,code=N','refer','Y',null,'N','c20d2227-2ecd-44d8-bc4f-f5fcafe82248','c4383a89-28b5-4072-94d3-fd3d7863f301',null,null,null,null,null,null,null,null,null,null,null,null,null,null,null,null,null,null,'1001A11LCP000007JZT0',null,'1001A11LCP000007JZSN','pk_group','Y','pk_group','pk_group',120,'N','N','N','N','N',20,null,null,null,3,'=','等于@',null,0,null ) 
/

insert into PUB_QUERY_PROPERTY ( SHOWTYPE,RETURNTYPE,DATATYPE,REFNAME,CONTAINLOWER,ISQUERYCONDITION,ISFIXEDCONDITION,ISBEYONDORG,ISNOTMETA,DEFINE1,DEFINE2,DEFINE3,DEFINE4,DEFINE5,ISMULTISELECTEDENABLED,REFCODE,METADATAPROPERTY,DATAVAL,ITEMTYPE,ISUSE,VISIBLEPOSITION,ISDEFINED,CLASSID,PROID,TABLECODE,QUERYTABLENAME,MOBILETITLE,ISRESLABEL,SHOWDATAVAL,SHOWFOCUS,ORGRIGHTS,REFCONDITION,ISCONVERTTIMEZONES,ISGROUPPOWER,SEMANTICSOURCE,NODELETE,ANOTHERLINE,COLUMNNUM,ISFORM,ISBACKFILL,ISDATAPOWERENABLE,DATAPOWEROPERATIONCODE,PK_QUERY_PROPERTY,ONLYLEAFCANSELECT,AREAID,LABEL,DEFAULTSHOW,CODE,METAPATH,WIDTH,VISIBLE,DISABLED,REQUIRED,ISCHECK,USEFUNC,MAXLENGTH,CREATOR,CREATIONTIME,RESID,POSITION,OPERSIGN,OPERSIGNNAME,DEFAULTVALUE,DR,TS ) values  ( 1,'refpk',204,'用户','Y','Y','N','N','N',null,null,null,null,null,'N','uap/refer/riart/userDefaultRefer/index','uap.user.user_name','0001Z01000000001BVPB,code=N','refer','Y',null,'N','c20d2227-2ecd-44d8-bc4f-f5fcafe82248','ee8550c6-dcdd-4f88-96e5-f157e3601a55',null,null,null,null,null,null,null,null,null,null,null,null,null,null,null,null,null,null,'1001A11LCP000007JZT1',null,'1001A11LCP000007JZSN','创建人','Y','creator','creator',120,'N','N','N','N','N',20,null,null,null,6,'=','等于@',null,0,null ) 
/

insert into PUB_QUERY_PROPERTY ( SHOWTYPE,RETURNTYPE,DATATYPE,REFNAME,CONTAINLOWER,ISQUERYCONDITION,ISFIXEDCONDITION,ISBEYONDORG,ISNOTMETA,DEFINE1,DEFINE2,DEFINE3,DEFINE4,DEFINE5,ISMULTISELECTEDENABLED,REFCODE,METADATAPROPERTY,DATAVAL,ITEMTYPE,ISUSE,VISIBLEPOSITION,ISDEFINED,CLASSID,PROID,TABLECODE,QUERYTABLENAME,MOBILETITLE,ISRESLABEL,SHOWDATAVAL,SHOWFOCUS,ORGRIGHTS,REFCONDITION,ISCONVERTTIMEZONES,ISGROUPPOWER,SEMANTICSOURCE,NODELETE,ANOTHERLINE,COLUMNNUM,ISFORM,ISBACKFILL,ISDATAPOWERENABLE,DATAPOWEROPERATIONCODE,PK_QUERY_PROPERTY,ONLYLEAFCANSELECT,AREAID,LABEL,DEFAULTSHOW,CODE,METAPATH,WIDTH,VISIBLE,DISABLED,REQUIRED,ISCHECK,USEFUNC,MAXLENGTH,CREATOR,CREATIONTIME,RESID,POSITION,OPERSIGN,OPERSIGNNAME,DEFAULTVALUE,DR,TS ) values  ( 1,'refpk',34,null,'N','Y','N','N','N',null,null,null,null,null,'N',null,null,null,'datetimepicker','Y',null,'N','c20d2227-2ecd-44d8-bc4f-f5fcafe82248','59b1702f-4669-4941-91b0-0cb4de24ea03',null,null,null,null,null,null,null,null,null,null,null,null,null,null,null,null,null,null,'1001A11LCP000007JZT2',null,'1001A11LCP000007JZSN','创建时间','Y','creationtime','creationtime',120,'N','N','N','N','Y',19,null,null,null,7,'between@=@>@>=@<@<=@','介于@等于@大于@大于等于@小于@小于等于@',null,0,null ) 
/

insert into PUB_QUERY_PROPERTY ( SHOWTYPE,RETURNTYPE,DATATYPE,REFNAME,CONTAINLOWER,ISQUERYCONDITION,ISFIXEDCONDITION,ISBEYONDORG,ISNOTMETA,DEFINE1,DEFINE2,DEFINE3,DEFINE4,DEFINE5,ISMULTISELECTEDENABLED,REFCODE,METADATAPROPERTY,DATAVAL,ITEMTYPE,ISUSE,VISIBLEPOSITION,ISDEFINED,CLASSID,PROID,TABLECODE,QUERYTABLENAME,MOBILETITLE,ISRESLABEL,SHOWDATAVAL,SHOWFOCUS,ORGRIGHTS,REFCONDITION,ISCONVERTTIMEZONES,ISGROUPPOWER,SEMANTICSOURCE,NODELETE,ANOTHERLINE,COLUMNNUM,ISFORM,ISBACKFILL,ISDATAPOWERENABLE,DATAPOWEROPERATIONCODE,PK_QUERY_PROPERTY,ONLYLEAFCANSELECT,AREAID,LABEL,DEFAULTSHOW,CODE,METAPATH,WIDTH,VISIBLE,DISABLED,REQUIRED,ISCHECK,USEFUNC,MAXLENGTH,CREATOR,CREATIONTIME,RESID,POSITION,OPERSIGN,OPERSIGNNAME,DEFAULTVALUE,DR,TS ) values  ( 1,'refpk',204,'用户','Y','Y','N','N','N',null,null,null,null,null,'N','uap/refer/riart/userDefaultRefer/index','uap.user.user_name','0001Z01000000001BVPB,code=N','refer','Y',null,'N','c20d2227-2ecd-44d8-bc4f-f5fcafe82248','d8216a47-88d2-455a-96bb-78f8de12abe9',null,null,null,null,null,null,null,null,null,null,null,null,null,null,null,null,null,null,'1001A11LCP000007JZT3',null,'1001A11LCP000007JZSN','最后修改人','Y','modifier','modifier',120,'N','N','N','N','N',20,null,null,null,8,'=','等于@',null,0,null ) 
/

insert into PUB_QUERY_PROPERTY ( SHOWTYPE,RETURNTYPE,DATATYPE,REFNAME,CONTAINLOWER,ISQUERYCONDITION,ISFIXEDCONDITION,ISBEYONDORG,ISNOTMETA,DEFINE1,DEFINE2,DEFINE3,DEFINE4,DEFINE5,ISMULTISELECTEDENABLED,REFCODE,METADATAPROPERTY,DATAVAL,ITEMTYPE,ISUSE,VISIBLEPOSITION,ISDEFINED,CLASSID,PROID,TABLECODE,QUERYTABLENAME,MOBILETITLE,ISRESLABEL,SHOWDATAVAL,SHOWFOCUS,ORGRIGHTS,REFCONDITION,ISCONVERTTIMEZONES,ISGROUPPOWER,SEMANTICSOURCE,NODELETE,ANOTHERLINE,COLUMNNUM,ISFORM,ISBACKFILL,ISDATAPOWERENABLE,DATAPOWEROPERATIONCODE,PK_QUERY_PROPERTY,ONLYLEAFCANSELECT,AREAID,LABEL,DEFAULTSHOW,CODE,METAPATH,WIDTH,VISIBLE,DISABLED,REQUIRED,ISCHECK,USEFUNC,MAXLENGTH,CREATOR,CREATIONTIME,RESID,POSITION,OPERSIGN,OPERSIGNNAME,DEFAULTVALUE,DR,TS ) values  ( 1,'refpk',34,null,'N','Y','N','N','N',null,null,null,null,null,'N',null,null,null,'datetimepicker','Y',null,'N','c20d2227-2ecd-44d8-bc4f-f5fcafe82248','62ea3138-a8df-40f5-8ca9-35a161797955',null,null,null,null,null,null,null,null,null,null,null,null,null,null,null,null,null,null,'1001A11LCP000007JZT4',null,'1001A11LCP000007JZSN','最后修改时间','Y','modifiedtime','modifiedtime',120,'N','N','N','N','Y',19,null,null,null,9,'between@=@>@>=@<@<=@','介于@等于@大于@大于等于@小于@小于等于@',null,0,null ) 
/

insert into PUB_QUERY_PROPERTY ( SHOWTYPE,RETURNTYPE,DATATYPE,REFNAME,CONTAINLOWER,ISQUERYCONDITION,ISFIXEDCONDITION,ISBEYONDORG,ISNOTMETA,DEFINE1,DEFINE2,DEFINE3,DEFINE4,DEFINE5,ISMULTISELECTEDENABLED,REFCODE,METADATAPROPERTY,DATAVAL,ITEMTYPE,ISUSE,VISIBLEPOSITION,ISDEFINED,CLASSID,PROID,TABLECODE,QUERYTABLENAME,MOBILETITLE,ISRESLABEL,SHOWDATAVAL,SHOWFOCUS,ORGRIGHTS,REFCONDITION,ISCONVERTTIMEZONES,ISGROUPPOWER,SEMANTICSOURCE,NODELETE,ANOTHERLINE,COLUMNNUM,ISFORM,ISBACKFILL,ISDATAPOWERENABLE,DATAPOWEROPERATIONCODE,PK_QUERY_PROPERTY,ONLYLEAFCANSELECT,AREAID,LABEL,DEFAULTSHOW,CODE,METAPATH,WIDTH,VISIBLE,DISABLED,REQUIRED,ISCHECK,USEFUNC,MAXLENGTH,CREATOR,CREATIONTIME,RESID,POSITION,OPERSIGN,OPERSIGNNAME,DEFAULTVALUE,DR,TS ) values  ( 1,'refpk',204,'业务单元版本','Y','Y','N','N','N',null,null,null,null,null,'N','uapbd/refer/orgv/BusinessUnitVersionTreeRef/index','uap.org_v.name','0001Z01000000002V000,code=N','refer','Y',null,'N','c20d2227-2ecd-44d8-bc4f-f5fcafe82248','e64e8e75-ed43-4401-bf68-61fb48809f67',null,null,null,null,null,null,null,null,null,null,null,null,null,null,null,null,null,null,'1001A11LCP000007JZT5',null,'1001A11LCP000007JZSN','组织多版本','Y','pk_org_v','pk_org_v',120,'N','N','N','N','N',20,null,null,null,10,'=','等于@',null,0,null ) 
/

insert into PUB_QUERY_PROPERTY ( SHOWTYPE,RETURNTYPE,DATATYPE,REFNAME,CONTAINLOWER,ISQUERYCONDITION,ISFIXEDCONDITION,ISBEYONDORG,ISNOTMETA,DEFINE1,DEFINE2,DEFINE3,DEFINE4,DEFINE5,ISMULTISELECTEDENABLED,REFCODE,METADATAPROPERTY,DATAVAL,ITEMTYPE,ISUSE,VISIBLEPOSITION,ISDEFINED,CLASSID,PROID,TABLECODE,QUERYTABLENAME,MOBILETITLE,ISRESLABEL,SHOWDATAVAL,SHOWFOCUS,ORGRIGHTS,REFCONDITION,ISCONVERTTIMEZONES,ISGROUPPOWER,SEMANTICSOURCE,NODELETE,ANOTHERLINE,COLUMNNUM,ISFORM,ISBACKFILL,ISDATAPOWERENABLE,DATAPOWEROPERATIONCODE,PK_QUERY_PROPERTY,ONLYLEAFCANSELECT,AREAID,LABEL,DEFAULTSHOW,CODE,METAPATH,WIDTH,VISIBLE,DISABLED,REQUIRED,ISCHECK,USEFUNC,MAXLENGTH,CREATOR,CREATIONTIME,RESID,POSITION,OPERSIGN,OPERSIGNNAME,DEFAULTVALUE,DR,TS ) values  ( 1,'refpk',34,null,'N','Y','N','N','N',null,null,null,null,null,'N',null,null,null,'datetimepicker','Y',null,'N','c20d2227-2ecd-44d8-bc4f-f5fcafe82248','44304132-72f3-403a-8106-7db8e105f0d0',null,null,null,null,null,null,null,null,null,null,null,null,null,null,null,null,null,null,'1001A11LCP000007JZT6',null,'1001A11LCP000007JZSN','制单时间','Y','maketime','maketime',120,'N','N','N','N','Y',19,null,null,null,11,'between@=@>@>=@<@<=@','介于@等于@大于@大于等于@小于@小于等于@',null,0,null ) 
/

insert into PUB_QUERY_PROPERTY ( SHOWTYPE,RETURNTYPE,DATATYPE,REFNAME,CONTAINLOWER,ISQUERYCONDITION,ISFIXEDCONDITION,ISBEYONDORG,ISNOTMETA,DEFINE1,DEFINE2,DEFINE3,DEFINE4,DEFINE5,ISMULTISELECTEDENABLED,REFCODE,METADATAPROPERTY,DATAVAL,ITEMTYPE,ISUSE,VISIBLEPOSITION,ISDEFINED,CLASSID,PROID,TABLECODE,QUERYTABLENAME,MOBILETITLE,ISRESLABEL,SHOWDATAVAL,SHOWFOCUS,ORGRIGHTS,REFCONDITION,ISCONVERTTIMEZONES,ISGROUPPOWER,SEMANTICSOURCE,NODELETE,ANOTHERLINE,COLUMNNUM,ISFORM,ISBACKFILL,ISDATAPOWERENABLE,DATAPOWEROPERATIONCODE,PK_QUERY_PROPERTY,ONLYLEAFCANSELECT,AREAID,LABEL,DEFAULTSHOW,CODE,METAPATH,WIDTH,VISIBLE,DISABLED,REQUIRED,ISCHECK,USEFUNC,MAXLENGTH,CREATOR,CREATIONTIME,RESID,POSITION,OPERSIGN,OPERSIGNNAME,DEFAULTVALUE,DR,TS ) values  ( 1,'refpk',34,null,'N','Y','N','N','N',null,null,null,null,null,'N',null,null,null,'datetimepicker','Y',null,'N','c20d2227-2ecd-44d8-bc4f-f5fcafe82248','b17fd37c-58af-4193-b97e-9d5a54e36b7c',null,null,null,null,null,null,null,null,null,null,null,null,null,null,null,null,null,null,'1001A11LCP000007JZT7',null,'1001A11LCP000007JZSN','最后修改时间1','Y','lastmaketime','lastmaketime',120,'N','N','N','N','Y',19,null,null,null,12,'between@=@>@>=@<@<=@','介于@等于@大于@大于等于@小于@小于等于@',null,0,null ) 
/

insert into PUB_QUERY_PROPERTY ( SHOWTYPE,RETURNTYPE,DATATYPE,REFNAME,CONTAINLOWER,ISQUERYCONDITION,ISFIXEDCONDITION,ISBEYONDORG,ISNOTMETA,DEFINE1,DEFINE2,DEFINE3,DEFINE4,DEFINE5,ISMULTISELECTEDENABLED,REFCODE,METADATAPROPERTY,DATAVAL,ITEMTYPE,ISUSE,VISIBLEPOSITION,ISDEFINED,CLASSID,PROID,TABLECODE,QUERYTABLENAME,MOBILETITLE,ISRESLABEL,SHOWDATAVAL,SHOWFOCUS,ORGRIGHTS,REFCONDITION,ISCONVERTTIMEZONES,ISGROUPPOWER,SEMANTICSOURCE,NODELETE,ANOTHERLINE,COLUMNNUM,ISFORM,ISBACKFILL,ISDATAPOWERENABLE,DATAPOWEROPERATIONCODE,PK_QUERY_PROPERTY,ONLYLEAFCANSELECT,AREAID,LABEL,DEFAULTSHOW,CODE,METAPATH,WIDTH,VISIBLE,DISABLED,REQUIRED,ISCHECK,USEFUNC,MAXLENGTH,CREATOR,CREATIONTIME,RESID,POSITION,OPERSIGN,OPERSIGNNAME,DEFAULTVALUE,DR,TS ) values  ( 1,'refpk',1,null,'N','Y','N','N','N',null,null,null,null,null,'N',null,null,null,'input','Y',null,'N','c20d2227-2ecd-44d8-bc4f-f5fcafe82248','c1ee19b0-bce4-4ac7-8242-ce24a8cc7a0e',null,null,null,null,null,null,null,null,null,null,null,null,null,null,null,null,null,null,'1001A11LCP000007JZT8',null,'1001A11LCP000007JZSN','单据版本pk','Y','billversionpk','billversionpk',120,'N','N','N','N','N',50,null,null,null,13,'like@=@left like@right like@','包含@等于@左包含@右包含@',null,0,null ) 
/

insert into PUB_QUERY_PROPERTY ( SHOWTYPE,RETURNTYPE,DATATYPE,REFNAME,CONTAINLOWER,ISQUERYCONDITION,ISFIXEDCONDITION,ISBEYONDORG,ISNOTMETA,DEFINE1,DEFINE2,DEFINE3,DEFINE4,DEFINE5,ISMULTISELECTEDENABLED,REFCODE,METADATAPROPERTY,DATAVAL,ITEMTYPE,ISUSE,VISIBLEPOSITION,ISDEFINED,CLASSID,PROID,TABLECODE,QUERYTABLENAME,MOBILETITLE,ISRESLABEL,SHOWDATAVAL,SHOWFOCUS,ORGRIGHTS,REFCONDITION,ISCONVERTTIMEZONES,ISGROUPPOWER,SEMANTICSOURCE,NODELETE,ANOTHERLINE,COLUMNNUM,ISFORM,ISBACKFILL,ISDATAPOWERENABLE,DATAPOWEROPERATIONCODE,PK_QUERY_PROPERTY,ONLYLEAFCANSELECT,AREAID,LABEL,DEFAULTSHOW,CODE,METAPATH,WIDTH,VISIBLE,DISABLED,REQUIRED,ISCHECK,USEFUNC,MAXLENGTH,CREATOR,CREATIONTIME,RESID,POSITION,OPERSIGN,OPERSIGNNAME,DEFAULTVALUE,DR,TS ) values  ( 1,'refpk',1,null,'N','Y','N','N','N',null,null,null,null,null,'N',null,null,null,'input','Y',null,'N','c20d2227-2ecd-44d8-bc4f-f5fcafe82248','56e48fd8-1523-49e4-bb92-7907ca0cb858',null,null,null,null,null,null,null,null,null,null,null,null,null,null,null,null,null,null,'1001A11LCP000007JZT9',null,'1001A11LCP000007JZSN','单据类型','Y','billtype','billtype',120,'N','N','N','N','N',50,null,null,null,14,'like@=@left like@right like@','包含@等于@左包含@右包含@',null,0,null ) 
/

insert into PUB_QUERY_PROPERTY ( SHOWTYPE,RETURNTYPE,DATATYPE,REFNAME,CONTAINLOWER,ISQUERYCONDITION,ISFIXEDCONDITION,ISBEYONDORG,ISNOTMETA,DEFINE1,DEFINE2,DEFINE3,DEFINE4,DEFINE5,ISMULTISELECTEDENABLED,REFCODE,METADATAPROPERTY,DATAVAL,ITEMTYPE,ISUSE,VISIBLEPOSITION,ISDEFINED,CLASSID,PROID,TABLECODE,QUERYTABLENAME,MOBILETITLE,ISRESLABEL,SHOWDATAVAL,SHOWFOCUS,ORGRIGHTS,REFCONDITION,ISCONVERTTIMEZONES,ISGROUPPOWER,SEMANTICSOURCE,NODELETE,ANOTHERLINE,COLUMNNUM,ISFORM,ISBACKFILL,ISDATAPOWERENABLE,DATAPOWEROPERATIONCODE,PK_QUERY_PROPERTY,ONLYLEAFCANSELECT,AREAID,LABEL,DEFAULTSHOW,CODE,METAPATH,WIDTH,VISIBLE,DISABLED,REQUIRED,ISCHECK,USEFUNC,MAXLENGTH,CREATOR,CREATIONTIME,RESID,POSITION,OPERSIGN,OPERSIGNNAME,DEFAULTVALUE,DR,TS ) values  ( 1,'refpk',1,null,'N','Y','N','N','N',null,null,null,null,null,'N',null,null,null,'input','Y',null,'N','c20d2227-2ecd-44d8-bc4f-f5fcafe82248','1865e0e2-0c3b-43f7-ad7d-dff371831908',null,null,null,null,null,null,null,null,null,null,null,null,null,null,null,null,null,null,'1001A11LCP000007JZTA',null,'1001A11LCP000007JZSN','交易类型','Y','transtype','transtype',120,'N','N','N','N','N',50,null,null,null,15,'like@=@left like@right like@','包含@等于@左包含@右包含@',null,0,null ) 
/

insert into PUB_QUERY_PROPERTY ( SHOWTYPE,RETURNTYPE,DATATYPE,REFNAME,CONTAINLOWER,ISQUERYCONDITION,ISFIXEDCONDITION,ISBEYONDORG,ISNOTMETA,DEFINE1,DEFINE2,DEFINE3,DEFINE4,DEFINE5,ISMULTISELECTEDENABLED,REFCODE,METADATAPROPERTY,DATAVAL,ITEMTYPE,ISUSE,VISIBLEPOSITION,ISDEFINED,CLASSID,PROID,TABLECODE,QUERYTABLENAME,MOBILETITLE,ISRESLABEL,SHOWDATAVAL,SHOWFOCUS,ORGRIGHTS,REFCONDITION,ISCONVERTTIMEZONES,ISGROUPPOWER,SEMANTICSOURCE,NODELETE,ANOTHERLINE,COLUMNNUM,ISFORM,ISBACKFILL,ISDATAPOWERENABLE,DATAPOWEROPERATIONCODE,PK_QUERY_PROPERTY,ONLYLEAFCANSELECT,AREAID,LABEL,DEFAULTSHOW,CODE,METAPATH,WIDTH,VISIBLE,DISABLED,REQUIRED,ISCHECK,USEFUNC,MAXLENGTH,CREATOR,CREATIONTIME,RESID,POSITION,OPERSIGN,OPERSIGNNAME,DEFAULTVALUE,DR,TS ) values  ( 1,'refpk',1,null,'N','Y','N','N','N',null,null,null,null,null,'N',null,null,null,'input','Y',null,'N','c20d2227-2ecd-44d8-bc4f-f5fcafe82248','78d52b4a-7b02-4d6a-a261-9cb705bad8c8',null,null,null,null,null,null,null,null,null,null,null,null,null,null,null,null,null,null,'1001A11LCP000007JZTB',null,'1001A11LCP000007JZSN','审批批语','Y','approvenote','approvenote',120,'N','N','N','N','N',50,null,null,null,17,'like@=@left like@right like@','包含@等于@左包含@右包含@',null,0,null ) 
/

insert into PUB_QUERY_PROPERTY ( SHOWTYPE,RETURNTYPE,DATATYPE,REFNAME,CONTAINLOWER,ISQUERYCONDITION,ISFIXEDCONDITION,ISBEYONDORG,ISNOTMETA,DEFINE1,DEFINE2,DEFINE3,DEFINE4,DEFINE5,ISMULTISELECTEDENABLED,REFCODE,METADATAPROPERTY,DATAVAL,ITEMTYPE,ISUSE,VISIBLEPOSITION,ISDEFINED,CLASSID,PROID,TABLECODE,QUERYTABLENAME,MOBILETITLE,ISRESLABEL,SHOWDATAVAL,SHOWFOCUS,ORGRIGHTS,REFCONDITION,ISCONVERTTIMEZONES,ISGROUPPOWER,SEMANTICSOURCE,NODELETE,ANOTHERLINE,COLUMNNUM,ISFORM,ISBACKFILL,ISDATAPOWERENABLE,DATAPOWEROPERATIONCODE,PK_QUERY_PROPERTY,ONLYLEAFCANSELECT,AREAID,LABEL,DEFAULTSHOW,CODE,METAPATH,WIDTH,VISIBLE,DISABLED,REQUIRED,ISCHECK,USEFUNC,MAXLENGTH,CREATOR,CREATIONTIME,RESID,POSITION,OPERSIGN,OPERSIGNNAME,DEFAULTVALUE,DR,TS ) values  ( 1,'refpk',204,'用户','Y','Y','N','N','N',null,null,null,null,null,'N','uap/refer/riart/userDefaultRefer/index','uap.user.user_name','0001Z01000000001BVPB,code=N','refer','Y',null,'N','c20d2227-2ecd-44d8-bc4f-f5fcafe82248','1bd2622e-8236-40ee-bca6-55bd4361ed04',null,null,null,null,null,null,null,null,null,null,null,null,null,null,null,null,null,null,'1001A11LCP000007JZTC',null,'1001A11LCP000007JZSN','审批人','Y','approver','approver',120,'N','N','N','N','N',20,null,null,null,18,'=','等于@',null,0,null ) 
/

insert into PUB_QUERY_PROPERTY ( SHOWTYPE,RETURNTYPE,DATATYPE,REFNAME,CONTAINLOWER,ISQUERYCONDITION,ISFIXEDCONDITION,ISBEYONDORG,ISNOTMETA,DEFINE1,DEFINE2,DEFINE3,DEFINE4,DEFINE5,ISMULTISELECTEDENABLED,REFCODE,METADATAPROPERTY,DATAVAL,ITEMTYPE,ISUSE,VISIBLEPOSITION,ISDEFINED,CLASSID,PROID,TABLECODE,QUERYTABLENAME,MOBILETITLE,ISRESLABEL,SHOWDATAVAL,SHOWFOCUS,ORGRIGHTS,REFCONDITION,ISCONVERTTIMEZONES,ISGROUPPOWER,SEMANTICSOURCE,NODELETE,ANOTHERLINE,COLUMNNUM,ISFORM,ISBACKFILL,ISDATAPOWERENABLE,DATAPOWEROPERATIONCODE,PK_QUERY_PROPERTY,ONLYLEAFCANSELECT,AREAID,LABEL,DEFAULTSHOW,CODE,METAPATH,WIDTH,VISIBLE,DISABLED,REQUIRED,ISCHECK,USEFUNC,MAXLENGTH,CREATOR,CREATIONTIME,RESID,POSITION,OPERSIGN,OPERSIGNNAME,DEFAULTVALUE,DR,TS ) values  ( 1,'refpk',34,null,'N','Y','N','N','N',null,null,null,null,null,'N',null,null,null,'datetimepicker','Y',null,'N','c20d2227-2ecd-44d8-bc4f-f5fcafe82248','1c340ee3-5ab6-4234-9390-e819946b16f3',null,null,null,null,null,null,null,null,null,null,null,null,null,null,null,null,null,null,'1001A11LCP000007JZTD',null,'1001A11LCP000007JZSN','审批时间','Y','approvedate','approvedate',120,'N','N','N','N','Y',19,null,null,null,19,'between@=@>@>=@<@<=@','介于@等于@大于@大于等于@小于@小于等于@',null,0,null ) 
/

insert into PUB_QUERY_PROPERTY ( SHOWTYPE,RETURNTYPE,DATATYPE,REFNAME,CONTAINLOWER,ISQUERYCONDITION,ISFIXEDCONDITION,ISBEYONDORG,ISNOTMETA,DEFINE1,DEFINE2,DEFINE3,DEFINE4,DEFINE5,ISMULTISELECTEDENABLED,REFCODE,METADATAPROPERTY,DATAVAL,ITEMTYPE,ISUSE,VISIBLEPOSITION,ISDEFINED,CLASSID,PROID,TABLECODE,QUERYTABLENAME,MOBILETITLE,ISRESLABEL,SHOWDATAVAL,SHOWFOCUS,ORGRIGHTS,REFCONDITION,ISCONVERTTIMEZONES,ISGROUPPOWER,SEMANTICSOURCE,NODELETE,ANOTHERLINE,COLUMNNUM,ISFORM,ISBACKFILL,ISDATAPOWERENABLE,DATAPOWEROPERATIONCODE,PK_QUERY_PROPERTY,ONLYLEAFCANSELECT,AREAID,LABEL,DEFAULTSHOW,CODE,METAPATH,WIDTH,VISIBLE,DISABLED,REQUIRED,ISCHECK,USEFUNC,MAXLENGTH,CREATOR,CREATIONTIME,RESID,POSITION,OPERSIGN,OPERSIGNNAME,DEFAULTVALUE,DR,TS ) values  ( 1,'refpk',4,null,'N','Y','N','N','N',null,null,null,null,null,'N',null,null,'-2147483648,2147483647','number','Y',null,'N','c20d2227-2ecd-44d8-bc4f-f5fcafe82248','47d51080-8182-4bb6-9bba-3971213dbb79',null,null,null,null,null,null,null,null,null,null,null,null,null,null,null,null,null,null,'1001A11LCP000007JZTE',null,'1001A11LCP000007JZSN','修订枚举','Y','emendenum','emendenum',120,'N','N','N','N','N',0,null,null,null,21,'between@=@>@>=@<@<=@','介于@等于@大于@大于等于@小于@小于等于@',null,0,null ) 
/

insert into PUB_QUERY_PROPERTY ( SHOWTYPE,RETURNTYPE,DATATYPE,REFNAME,CONTAINLOWER,ISQUERYCONDITION,ISFIXEDCONDITION,ISBEYONDORG,ISNOTMETA,DEFINE1,DEFINE2,DEFINE3,DEFINE4,DEFINE5,ISMULTISELECTEDENABLED,REFCODE,METADATAPROPERTY,DATAVAL,ITEMTYPE,ISUSE,VISIBLEPOSITION,ISDEFINED,CLASSID,PROID,TABLECODE,QUERYTABLENAME,MOBILETITLE,ISRESLABEL,SHOWDATAVAL,SHOWFOCUS,ORGRIGHTS,REFCONDITION,ISCONVERTTIMEZONES,ISGROUPPOWER,SEMANTICSOURCE,NODELETE,ANOTHERLINE,COLUMNNUM,ISFORM,ISBACKFILL,ISDATAPOWERENABLE,DATAPOWEROPERATIONCODE,PK_QUERY_PROPERTY,ONLYLEAFCANSELECT,AREAID,LABEL,DEFAULTSHOW,CODE,METAPATH,WIDTH,VISIBLE,DISABLED,REQUIRED,ISCHECK,USEFUNC,MAXLENGTH,CREATOR,CREATIONTIME,RESID,POSITION,OPERSIGN,OPERSIGNNAME,DEFAULTVALUE,DR,TS ) values  ( 1,'refpk',204,'业务流程','Y','Y','N','N','N',null,null,null,null,null,'N','uap/refer/riart/busitype/index','uap.BusitypeVO.businame','0001Z0100BUSITYPEZJ7,code=N','refer','Y',null,'N','c20d2227-2ecd-44d8-bc4f-f5fcafe82248','1bd15df1-c2d4-4469-a81b-559dd5e5a62e',null,null,null,null,null,null,null,null,null,null,null,null,null,null,null,null,null,null,'1001A11LCP000007JZTF',null,'1001A11LCP000007JZSN','业务类型','Y','busitype','busitype',120,'N','N','N','N','N',20,null,null,null,23,'=','等于@',null,0,null ) 
/

insert into PUB_QUERY_PROPERTY ( SHOWTYPE,RETURNTYPE,DATATYPE,REFNAME,CONTAINLOWER,ISQUERYCONDITION,ISFIXEDCONDITION,ISBEYONDORG,ISNOTMETA,DEFINE1,DEFINE2,DEFINE3,DEFINE4,DEFINE5,ISMULTISELECTEDENABLED,REFCODE,METADATAPROPERTY,DATAVAL,ITEMTYPE,ISUSE,VISIBLEPOSITION,ISDEFINED,CLASSID,PROID,TABLECODE,QUERYTABLENAME,MOBILETITLE,ISRESLABEL,SHOWDATAVAL,SHOWFOCUS,ORGRIGHTS,REFCONDITION,ISCONVERTTIMEZONES,ISGROUPPOWER,SEMANTICSOURCE,NODELETE,ANOTHERLINE,COLUMNNUM,ISFORM,ISBACKFILL,ISDATAPOWERENABLE,DATAPOWEROPERATIONCODE,PK_QUERY_PROPERTY,ONLYLEAFCANSELECT,AREAID,LABEL,DEFAULTSHOW,CODE,METAPATH,WIDTH,VISIBLE,DISABLED,REQUIRED,ISCHECK,USEFUNC,MAXLENGTH,CREATOR,CREATIONTIME,RESID,POSITION,OPERSIGN,OPERSIGNNAME,DEFAULTVALUE,DR,TS ) values  ( 1,'refpk',1,null,'N','Y','N','N','N',null,null,null,null,null,'N',null,null,null,'input','Y',null,'N','c20d2227-2ecd-44d8-bc4f-f5fcafe82248','58af1393-cb6f-4acb-abc5-4583da093d49',null,null,null,null,null,null,null,null,null,null,null,null,null,null,null,null,null,null,'1001A11LCP000007JZTG',null,'1001A11LCP000007JZSN','来源单据id','Y','srcbillid','srcbillid',120,'N','N','N','N','N',50,null,null,null,24,'like@=@left like@right like@','包含@等于@左包含@右包含@',null,0,null ) 
/

insert into PUB_QUERY_PROPERTY ( SHOWTYPE,RETURNTYPE,DATATYPE,REFNAME,CONTAINLOWER,ISQUERYCONDITION,ISFIXEDCONDITION,ISBEYONDORG,ISNOTMETA,DEFINE1,DEFINE2,DEFINE3,DEFINE4,DEFINE5,ISMULTISELECTEDENABLED,REFCODE,METADATAPROPERTY,DATAVAL,ITEMTYPE,ISUSE,VISIBLEPOSITION,ISDEFINED,CLASSID,PROID,TABLECODE,QUERYTABLENAME,MOBILETITLE,ISRESLABEL,SHOWDATAVAL,SHOWFOCUS,ORGRIGHTS,REFCONDITION,ISCONVERTTIMEZONES,ISGROUPPOWER,SEMANTICSOURCE,NODELETE,ANOTHERLINE,COLUMNNUM,ISFORM,ISBACKFILL,ISDATAPOWERENABLE,DATAPOWEROPERATIONCODE,PK_QUERY_PROPERTY,ONLYLEAFCANSELECT,AREAID,LABEL,DEFAULTSHOW,CODE,METAPATH,WIDTH,VISIBLE,DISABLED,REQUIRED,ISCHECK,USEFUNC,MAXLENGTH,CREATOR,CREATIONTIME,RESID,POSITION,OPERSIGN,OPERSIGNNAME,DEFAULTVALUE,DR,TS ) values  ( 1,'refpk',1,null,'N','Y','N','N','N',null,null,null,null,null,'N',null,null,null,'input','Y',null,'N','c20d2227-2ecd-44d8-bc4f-f5fcafe82248','abc26087-7959-483b-beab-83f1f8bf07fe',null,null,null,null,null,null,null,null,null,null,null,null,null,null,null,null,null,null,'1001A11LCP000007JZTH',null,'1001A11LCP000007JZSN','来源单据类型','Y','srcbilltype','srcbilltype',120,'N','N','N','N','N',50,null,null,null,25,'like@=@left like@right like@','包含@等于@左包含@右包含@',null,0,null ) 
/

insert into PUB_FORM_PROPERTY ( PK_FORM_PROPERTY,AREAID,LABEL,CODE,METAPATH,WIDTH,REFCODE,ISNEXTROW,ISREVISE,ISTOTAL,REQUIRED,DISABLED,VISIBLE,MAXLENGTH,TEXTROWS,CREATOR,MODIFIER,CREATIONTIME,MODIFIEDTIME,RESID,POSITION,COLOR,DATATYPE,DATAVAL,SHOWFORMULA,EDITFORMULA,VALIDATEFORMULA,DEFAULTVAR,RELATEMETA,DEFINE1,DEFINE2,DEFINE3,ISMULTISELECTEDENABLED,METADATAPROPERTY,ITEMTYPE,REFNAME,METAID,ISCODE,COLNUM,DEFAULTVALUE,ISDEFINED,CLASSID,PROID,HYPERLINKFLAG,ONLYLEAFCANSELECT,MOBILETITLE,ISLOCK,ISRESLABEL,SHOWDATAVAL,SHOWFOCUS,ISSYNCSIDE,ISSYNCFOLD,ISSYNCLIST,ISDATAPOWERENABLE,ISCONVERTTIMEZONES,REFCONDITION,ISGROUPPOWER,EDITDISABLED,TABSKIP,ALIGNMENT,FROZEN,SHOWASRANGE,ANOTHERLINE,COLUMNNUM,ICONTYPE,COREINDEX,ISCOREDATA,ISHIGHLIGHT,ISBOLD,CONTENTCOLOR,REFENTER,MULTIPLELINES,DR,TS ) values  ( '1001A11LCP000007JZTI','1001A11LCP000007JZSO','pk_group','pk_group','pk_group',120,'uap/refer/riart/groupTreeRef/index',null,null,null,'N','N','N',20,null,null,null,null,null,null,0,null,204,'0001Z010000000000ZKS,code=N',null,null,null,null,null,null,null,null,'N','uap.group.name','refer','集团','3b6dd171-2900-47f3-bfbe-41e4483a2a65',null,null,null,'N','c20d2227-2ecd-44d8-bc4f-f5fcafe82248','c4383a89-28b5-4072-94d3-fd3d7863f301',null,null,null,null,null,null,null,null,null,null,null,null,null,null,null,null,null,null,null,null,null,null,null,null,null,null,null,null,null,0,null ) 
/

insert into PUB_FORM_PROPERTY ( PK_FORM_PROPERTY,AREAID,LABEL,CODE,METAPATH,WIDTH,REFCODE,ISNEXTROW,ISREVISE,ISTOTAL,REQUIRED,DISABLED,VISIBLE,MAXLENGTH,TEXTROWS,CREATOR,MODIFIER,CREATIONTIME,MODIFIEDTIME,RESID,POSITION,COLOR,DATATYPE,DATAVAL,SHOWFORMULA,EDITFORMULA,VALIDATEFORMULA,DEFAULTVAR,RELATEMETA,DEFINE1,DEFINE2,DEFINE3,ISMULTISELECTEDENABLED,METADATAPROPERTY,ITEMTYPE,REFNAME,METAID,ISCODE,COLNUM,DEFAULTVALUE,ISDEFINED,CLASSID,PROID,HYPERLINKFLAG,ONLYLEAFCANSELECT,MOBILETITLE,ISLOCK,ISRESLABEL,SHOWDATAVAL,SHOWFOCUS,ISSYNCSIDE,ISSYNCFOLD,ISSYNCLIST,ISDATAPOWERENABLE,ISCONVERTTIMEZONES,REFCONDITION,ISGROUPPOWER,EDITDISABLED,TABSKIP,ALIGNMENT,FROZEN,SHOWASRANGE,ANOTHERLINE,COLUMNNUM,ICONTYPE,COREINDEX,ISCOREDATA,ISHIGHLIGHT,ISBOLD,CONTENTCOLOR,REFENTER,MULTIPLELINES,DR,TS ) values  ( '1001A11LCP000007JZTJ','1001A11LCP000007JZSO','pk_org','pk_org','pk_org',120,'uapbd/refer/org/OrgWithGlobalAllDataTreeRef/index',null,null,null,'N','N','Y',20,null,null,null,null,null,null,1,null,204,'0001Z01000000001V017,code=N',null,null,null,null,null,null,null,null,'N','uap.org.name','refer','组织（包含全局）(所有)','985be8a4-3a36-4778-8afe-2d8ed3902659',null,null,null,'N','c20d2227-2ecd-44d8-bc4f-f5fcafe82248','00708833-92b5-4b71-ab8e-5b56a054035a',null,null,null,null,null,null,null,null,null,null,null,null,null,null,null,null,null,null,null,null,null,null,null,null,null,null,null,null,null,0,null ) 
/

insert into PUB_FORM_PROPERTY ( PK_FORM_PROPERTY,AREAID,LABEL,CODE,METAPATH,WIDTH,REFCODE,ISNEXTROW,ISREVISE,ISTOTAL,REQUIRED,DISABLED,VISIBLE,MAXLENGTH,TEXTROWS,CREATOR,MODIFIER,CREATIONTIME,MODIFIEDTIME,RESID,POSITION,COLOR,DATATYPE,DATAVAL,SHOWFORMULA,EDITFORMULA,VALIDATEFORMULA,DEFAULTVAR,RELATEMETA,DEFINE1,DEFINE2,DEFINE3,ISMULTISELECTEDENABLED,METADATAPROPERTY,ITEMTYPE,REFNAME,METAID,ISCODE,COLNUM,DEFAULTVALUE,ISDEFINED,CLASSID,PROID,HYPERLINKFLAG,ONLYLEAFCANSELECT,MOBILETITLE,ISLOCK,ISRESLABEL,SHOWDATAVAL,SHOWFOCUS,ISSYNCSIDE,ISSYNCFOLD,ISSYNCLIST,ISDATAPOWERENABLE,ISCONVERTTIMEZONES,REFCONDITION,ISGROUPPOWER,EDITDISABLED,TABSKIP,ALIGNMENT,FROZEN,SHOWASRANGE,ANOTHERLINE,COLUMNNUM,ICONTYPE,COREINDEX,ISCOREDATA,ISHIGHLIGHT,ISBOLD,CONTENTCOLOR,REFENTER,MULTIPLELINES,DR,TS ) values  ( '1001A11LCP000007JZTK','1001A11LCP000007JZSO','code','code','code',120,null,null,null,null,'N','N','Y',50,null,null,null,null,null,null,2,null,1,null,null,null,null,null,null,null,null,null,'N',null,'input',null,null,null,null,null,'N','c20d2227-2ecd-44d8-bc4f-f5fcafe82248','6b28d3dd-6703-4a6e-8ecf-c99f8c814617',null,null,null,null,null,null,null,null,null,null,null,null,null,null,null,null,null,null,null,null,null,null,null,null,null,null,null,null,null,0,null ) 
/

insert into PUB_FORM_PROPERTY ( PK_FORM_PROPERTY,AREAID,LABEL,CODE,METAPATH,WIDTH,REFCODE,ISNEXTROW,ISREVISE,ISTOTAL,REQUIRED,DISABLED,VISIBLE,MAXLENGTH,TEXTROWS,CREATOR,MODIFIER,CREATIONTIME,MODIFIEDTIME,RESID,POSITION,COLOR,DATATYPE,DATAVAL,SHOWFORMULA,EDITFORMULA,VALIDATEFORMULA,DEFAULTVAR,RELATEMETA,DEFINE1,DEFINE2,DEFINE3,ISMULTISELECTEDENABLED,METADATAPROPERTY,ITEMTYPE,REFNAME,METAID,ISCODE,COLNUM,DEFAULTVALUE,ISDEFINED,CLASSID,PROID,HYPERLINKFLAG,ONLYLEAFCANSELECT,MOBILETITLE,ISLOCK,ISRESLABEL,SHOWDATAVAL,SHOWFOCUS,ISSYNCSIDE,ISSYNCFOLD,ISSYNCLIST,ISDATAPOWERENABLE,ISCONVERTTIMEZONES,REFCONDITION,ISGROUPPOWER,EDITDISABLED,TABSKIP,ALIGNMENT,FROZEN,SHOWASRANGE,ANOTHERLINE,COLUMNNUM,ICONTYPE,COREINDEX,ISCOREDATA,ISHIGHLIGHT,ISBOLD,CONTENTCOLOR,REFENTER,MULTIPLELINES,DR,TS ) values  ( '1001A11LCP000007JZTL','1001A11LCP000007JZSO','name','name','name',120,null,null,null,null,'N','N','Y',50,null,null,null,null,null,null,3,null,1,null,null,null,null,null,null,null,null,null,'N',null,'input',null,null,null,null,null,'N','c20d2227-2ecd-44d8-bc4f-f5fcafe82248','1ed5c81f-1a29-49c7-9aa6-636b2cf100ef',null,null,null,null,null,null,null,null,null,null,null,null,null,null,null,null,null,null,null,null,null,null,null,null,null,null,null,null,null,0,null ) 
/

insert into PUB_FORM_PROPERTY ( PK_FORM_PROPERTY,AREAID,LABEL,CODE,METAPATH,WIDTH,REFCODE,ISNEXTROW,ISREVISE,ISTOTAL,REQUIRED,DISABLED,VISIBLE,MAXLENGTH,TEXTROWS,CREATOR,MODIFIER,CREATIONTIME,MODIFIEDTIME,RESID,POSITION,COLOR,DATATYPE,DATAVAL,SHOWFORMULA,EDITFORMULA,VALIDATEFORMULA,DEFAULTVAR,RELATEMETA,DEFINE1,DEFINE2,DEFINE3,ISMULTISELECTEDENABLED,METADATAPROPERTY,ITEMTYPE,REFNAME,METAID,ISCODE,COLNUM,DEFAULTVALUE,ISDEFINED,CLASSID,PROID,HYPERLINKFLAG,ONLYLEAFCANSELECT,MOBILETITLE,ISLOCK,ISRESLABEL,SHOWDATAVAL,SHOWFOCUS,ISSYNCSIDE,ISSYNCFOLD,ISSYNCLIST,ISDATAPOWERENABLE,ISCONVERTTIMEZONES,REFCONDITION,ISGROUPPOWER,EDITDISABLED,TABSKIP,ALIGNMENT,FROZEN,SHOWASRANGE,ANOTHERLINE,COLUMNNUM,ICONTYPE,COREINDEX,ISCOREDATA,ISHIGHLIGHT,ISBOLD,CONTENTCOLOR,REFENTER,MULTIPLELINES,DR,TS ) values  ( '1001A11LCP000007JZTM','1001A11LCP000007JZSO','单据类型','billtype','billtype',120,null,null,null,null,'N','Y','Y',50,null,null,null,null,null,null,4,null,1,null,null,null,null,null,null,null,null,null,'N',null,'input',null,null,null,null,null,'N','c20d2227-2ecd-44d8-bc4f-f5fcafe82248','56e48fd8-1523-49e4-bb92-7907ca0cb858',null,null,null,null,null,null,null,null,null,null,null,null,null,null,null,null,null,null,null,null,null,null,null,null,null,null,null,null,null,0,null ) 
/

insert into PUB_FORM_PROPERTY ( PK_FORM_PROPERTY,AREAID,LABEL,CODE,METAPATH,WIDTH,REFCODE,ISNEXTROW,ISREVISE,ISTOTAL,REQUIRED,DISABLED,VISIBLE,MAXLENGTH,TEXTROWS,CREATOR,MODIFIER,CREATIONTIME,MODIFIEDTIME,RESID,POSITION,COLOR,DATATYPE,DATAVAL,SHOWFORMULA,EDITFORMULA,VALIDATEFORMULA,DEFAULTVAR,RELATEMETA,DEFINE1,DEFINE2,DEFINE3,ISMULTISELECTEDENABLED,METADATAPROPERTY,ITEMTYPE,REFNAME,METAID,ISCODE,COLNUM,DEFAULTVALUE,ISDEFINED,CLASSID,PROID,HYPERLINKFLAG,ONLYLEAFCANSELECT,MOBILETITLE,ISLOCK,ISRESLABEL,SHOWDATAVAL,SHOWFOCUS,ISSYNCSIDE,ISSYNCFOLD,ISSYNCLIST,ISDATAPOWERENABLE,ISCONVERTTIMEZONES,REFCONDITION,ISGROUPPOWER,EDITDISABLED,TABSKIP,ALIGNMENT,FROZEN,SHOWASRANGE,ANOTHERLINE,COLUMNNUM,ICONTYPE,COREINDEX,ISCOREDATA,ISHIGHLIGHT,ISBOLD,CONTENTCOLOR,REFENTER,MULTIPLELINES,DR,TS ) values  ( '1001A11LCP000007JZTN','1001A11LCP000007JZSO','交易类型pk','transtypepk','transtypepk',120,'uap/refer/riart/transtype/index',null,null,null,'N','N','Y',20,null,null,null,null,null,null,5,null,204,'0001Z0100BILLTYPEZJ8,code=N',null,null,null,null,null,null,null,null,'N','uap.BilltypeVO.billtypename','refer','影响因素交 易类型','b0fa41cd-a649-4309-b685-d341a5d1b0ed',null,null,null,'N','c20d2227-2ecd-44d8-bc4f-f5fcafe82248','7e9a71ee-4b06-4e85-8304-c1873c13d95b',null,null,null,null,null,null,null,null,null,null,null,null,null,null,null,null,null,null,null,null,null,null,null,null,null,null,null,null,null,0,null ) 
/

insert into PUB_FORM_PROPERTY ( PK_FORM_PROPERTY,AREAID,LABEL,CODE,METAPATH,WIDTH,REFCODE,ISNEXTROW,ISREVISE,ISTOTAL,REQUIRED,DISABLED,VISIBLE,MAXLENGTH,TEXTROWS,CREATOR,MODIFIER,CREATIONTIME,MODIFIEDTIME,RESID,POSITION,COLOR,DATATYPE,DATAVAL,SHOWFORMULA,EDITFORMULA,VALIDATEFORMULA,DEFAULTVAR,RELATEMETA,DEFINE1,DEFINE2,DEFINE3,ISMULTISELECTEDENABLED,METADATAPROPERTY,ITEMTYPE,REFNAME,METAID,ISCODE,COLNUM,DEFAULTVALUE,ISDEFINED,CLASSID,PROID,HYPERLINKFLAG,ONLYLEAFCANSELECT,MOBILETITLE,ISLOCK,ISRESLABEL,SHOWDATAVAL,SHOWFOCUS,ISSYNCSIDE,ISSYNCFOLD,ISSYNCLIST,ISDATAPOWERENABLE,ISCONVERTTIMEZONES,REFCONDITION,ISGROUPPOWER,EDITDISABLED,TABSKIP,ALIGNMENT,FROZEN,SHOWASRANGE,ANOTHERLINE,COLUMNNUM,ICONTYPE,COREINDEX,ISCOREDATA,ISHIGHLIGHT,ISBOLD,CONTENTCOLOR,REFENTER,MULTIPLELINES,DR,TS ) values  ( '1001A11LCP000007JZTO','1001A11LCP000007JZSO','交易类型','transtype','transtype',120,null,null,null,null,'N','Y','Y',50,null,null,null,null,null,null,6,null,1,null,null,null,null,null,null,null,null,null,'N',null,'input',null,null,null,null,null,'N','c20d2227-2ecd-44d8-bc4f-f5fcafe82248','1865e0e2-0c3b-43f7-ad7d-dff371831908',null,null,null,null,null,null,null,null,null,null,null,null,null,null,null,null,null,null,null,null,null,null,null,null,null,null,null,null,null,0,null ) 
/

insert into PUB_FORM_PROPERTY ( PK_FORM_PROPERTY,AREAID,LABEL,CODE,METAPATH,WIDTH,REFCODE,ISNEXTROW,ISREVISE,ISTOTAL,REQUIRED,DISABLED,VISIBLE,MAXLENGTH,TEXTROWS,CREATOR,MODIFIER,CREATIONTIME,MODIFIEDTIME,RESID,POSITION,COLOR,DATATYPE,DATAVAL,SHOWFORMULA,EDITFORMULA,VALIDATEFORMULA,DEFAULTVAR,RELATEMETA,DEFINE1,DEFINE2,DEFINE3,ISMULTISELECTEDENABLED,METADATAPROPERTY,ITEMTYPE,REFNAME,METAID,ISCODE,COLNUM,DEFAULTVALUE,ISDEFINED,CLASSID,PROID,HYPERLINKFLAG,ONLYLEAFCANSELECT,MOBILETITLE,ISLOCK,ISRESLABEL,SHOWDATAVAL,SHOWFOCUS,ISSYNCSIDE,ISSYNCFOLD,ISSYNCLIST,ISDATAPOWERENABLE,ISCONVERTTIMEZONES,REFCONDITION,ISGROUPPOWER,EDITDISABLED,TABSKIP,ALIGNMENT,FROZEN,SHOWASRANGE,ANOTHERLINE,COLUMNNUM,ICONTYPE,COREINDEX,ISCOREDATA,ISHIGHLIGHT,ISBOLD,CONTENTCOLOR,REFENTER,MULTIPLELINES,DR,TS ) values  ( '1001A11LCP000007JZTP','1001A11LCP000007JZSO','业务类型','busitype','busitype',120,'uap/refer/riart/busitype/index',null,null,null,'N','N','Y',20,null,null,null,null,null,null,7,null,204,'0001Z0100BUSITYPEZJ7,code=N',null,null,null,null,null,null,null,null,'N','uap.BusitypeVO.businame','refer','业务流程','7717f1a3-b777-454e-abb5-ef8705a0f0c2',null,null,null,'N','c20d2227-2ecd-44d8-bc4f-f5fcafe82248','1bd15df1-c2d4-4469-a81b-559dd5e5a62e',null,null,null,null,null,null,null,null,null,null,null,null,null,null,null,null,null,null,null,null,null,null,null,null,null,null,null,null,null,0,null ) 
/

insert into PUB_FORM_PROPERTY ( PK_FORM_PROPERTY,AREAID,LABEL,CODE,METAPATH,WIDTH,REFCODE,ISNEXTROW,ISREVISE,ISTOTAL,REQUIRED,DISABLED,VISIBLE,MAXLENGTH,TEXTROWS,CREATOR,MODIFIER,CREATIONTIME,MODIFIEDTIME,RESID,POSITION,COLOR,DATATYPE,DATAVAL,SHOWFORMULA,EDITFORMULA,VALIDATEFORMULA,DEFAULTVAR,RELATEMETA,DEFINE1,DEFINE2,DEFINE3,ISMULTISELECTEDENABLED,METADATAPROPERTY,ITEMTYPE,REFNAME,METAID,ISCODE,COLNUM,DEFAULTVALUE,ISDEFINED,CLASSID,PROID,HYPERLINKFLAG,ONLYLEAFCANSELECT,MOBILETITLE,ISLOCK,ISRESLABEL,SHOWDATAVAL,SHOWFOCUS,ISSYNCSIDE,ISSYNCFOLD,ISSYNCLIST,ISDATAPOWERENABLE,ISCONVERTTIMEZONES,REFCONDITION,ISGROUPPOWER,EDITDISABLED,TABSKIP,ALIGNMENT,FROZEN,SHOWASRANGE,ANOTHERLINE,COLUMNNUM,ICONTYPE,COREINDEX,ISCOREDATA,ISHIGHLIGHT,ISBOLD,CONTENTCOLOR,REFENTER,MULTIPLELINES,DR,TS ) values  ( '1001A11LCP000007JZTQ','1001A11LCP000007JZSO','来源单据类型','srcbilltype','srcbilltype',120,null,null,null,null,'N','Y','Y',50,null,null,null,null,null,null,8,null,1,null,null,null,null,null,null,null,null,null,'N',null,'input',null,null,null,null,null,'N','c20d2227-2ecd-44d8-bc4f-f5fcafe82248','abc26087-7959-483b-beab-83f1f8bf07fe',null,null,null,null,null,null,null,null,null,null,null,null,null,null,null,null,null,null,null,null,null,null,null,null,null,null,null,null,null,0,null ) 
/

insert into PUB_FORM_PROPERTY ( PK_FORM_PROPERTY,AREAID,LABEL,CODE,METAPATH,WIDTH,REFCODE,ISNEXTROW,ISREVISE,ISTOTAL,REQUIRED,DISABLED,VISIBLE,MAXLENGTH,TEXTROWS,CREATOR,MODIFIER,CREATIONTIME,MODIFIEDTIME,RESID,POSITION,COLOR,DATATYPE,DATAVAL,SHOWFORMULA,EDITFORMULA,VALIDATEFORMULA,DEFAULTVAR,RELATEMETA,DEFINE1,DEFINE2,DEFINE3,ISMULTISELECTEDENABLED,METADATAPROPERTY,ITEMTYPE,REFNAME,METAID,ISCODE,COLNUM,DEFAULTVALUE,ISDEFINED,CLASSID,PROID,HYPERLINKFLAG,ONLYLEAFCANSELECT,MOBILETITLE,ISLOCK,ISRESLABEL,SHOWDATAVAL,SHOWFOCUS,ISSYNCSIDE,ISSYNCFOLD,ISSYNCLIST,ISDATAPOWERENABLE,ISCONVERTTIMEZONES,REFCONDITION,ISGROUPPOWER,EDITDISABLED,TABSKIP,ALIGNMENT,FROZEN,SHOWASRANGE,ANOTHERLINE,COLUMNNUM,ICONTYPE,COREINDEX,ISCOREDATA,ISHIGHLIGHT,ISBOLD,CONTENTCOLOR,REFENTER,MULTIPLELINES,DR,TS ) values  ( '1001A11LCP000007JZTR','1001A11LCP000007JZSO','审批状态','approvestatus','approvestatus',120,null,null,null,null,'N','Y','Y',20,null,null,null,null,null,null,9,null,203,'审批未通过=0,审批通过=1,审批进行中=2,提交=3,自由=-1',null,null,null,null,null,null,null,null,'N',null,'select',null,null,null,null,null,'N','c20d2227-2ecd-44d8-bc4f-f5fcafe82248','0fef04b9-8ba5-44dc-8912-4f14cec12774',null,null,null,null,null,'审批未通过=0,审批通过=1,审批进行中=2,提交=3,自由=-1',null,null,null,null,null,null,null,null,null,null,null,null,null,null,null,null,null,null,null,null,null,null,null,0,null ) 
/

insert into PUB_FORM_PROPERTY ( PK_FORM_PROPERTY,AREAID,LABEL,CODE,METAPATH,WIDTH,REFCODE,ISNEXTROW,ISREVISE,ISTOTAL,REQUIRED,DISABLED,VISIBLE,MAXLENGTH,TEXTROWS,CREATOR,MODIFIER,CREATIONTIME,MODIFIEDTIME,RESID,POSITION,COLOR,DATATYPE,DATAVAL,SHOWFORMULA,EDITFORMULA,VALIDATEFORMULA,DEFAULTVAR,RELATEMETA,DEFINE1,DEFINE2,DEFINE3,ISMULTISELECTEDENABLED,METADATAPROPERTY,ITEMTYPE,REFNAME,METAID,ISCODE,COLNUM,DEFAULTVALUE,ISDEFINED,CLASSID,PROID,HYPERLINKFLAG,ONLYLEAFCANSELECT,MOBILETITLE,ISLOCK,ISRESLABEL,SHOWDATAVAL,SHOWFOCUS,ISSYNCSIDE,ISSYNCFOLD,ISSYNCLIST,ISDATAPOWERENABLE,ISCONVERTTIMEZONES,REFCONDITION,ISGROUPPOWER,EDITDISABLED,TABSKIP,ALIGNMENT,FROZEN,SHOWASRANGE,ANOTHERLINE,COLUMNNUM,ICONTYPE,COREINDEX,ISCOREDATA,ISHIGHLIGHT,ISBOLD,CONTENTCOLOR,REFENTER,MULTIPLELINES,DR,TS ) values  ( '1001A11LCP000007JZTS','1001A11LCP000007JZSO','审批人','approver','approver',120,'uap/refer/riart/userDefaultRefer/index',null,null,null,'N','Y','Y',20,null,null,null,null,null,null,10,null,204,'0001Z01000000001BVPB,code=N',null,null,null,null,null,null,null,null,'N','uap.user.user_name','refer','用户','f6f9a473-56c0-432f-8bc7-fbf8fde54fee',null,null,null,'N','c20d2227-2ecd-44d8-bc4f-f5fcafe82248','1bd2622e-8236-40ee-bca6-55bd4361ed04',null,null,null,null,null,null,null,null,null,null,null,null,null,null,null,null,null,null,null,null,null,null,null,null,null,null,null,null,null,0,null ) 
/

insert into PUB_FORM_PROPERTY ( PK_FORM_PROPERTY,AREAID,LABEL,CODE,METAPATH,WIDTH,REFCODE,ISNEXTROW,ISREVISE,ISTOTAL,REQUIRED,DISABLED,VISIBLE,MAXLENGTH,TEXTROWS,CREATOR,MODIFIER,CREATIONTIME,MODIFIEDTIME,RESID,POSITION,COLOR,DATATYPE,DATAVAL,SHOWFORMULA,EDITFORMULA,VALIDATEFORMULA,DEFAULTVAR,RELATEMETA,DEFINE1,DEFINE2,DEFINE3,ISMULTISELECTEDENABLED,METADATAPROPERTY,ITEMTYPE,REFNAME,METAID,ISCODE,COLNUM,DEFAULTVALUE,ISDEFINED,CLASSID,PROID,HYPERLINKFLAG,ONLYLEAFCANSELECT,MOBILETITLE,ISLOCK,ISRESLABEL,SHOWDATAVAL,SHOWFOCUS,ISSYNCSIDE,ISSYNCFOLD,ISSYNCLIST,ISDATAPOWERENABLE,ISCONVERTTIMEZONES,REFCONDITION,ISGROUPPOWER,EDITDISABLED,TABSKIP,ALIGNMENT,FROZEN,SHOWASRANGE,ANOTHERLINE,COLUMNNUM,ICONTYPE,COREINDEX,ISCOREDATA,ISHIGHLIGHT,ISBOLD,CONTENTCOLOR,REFENTER,MULTIPLELINES,DR,TS ) values  ( '1001A11LCP000007JZTT','1001A11LCP000007JZSO','审批时间','approvedate','approvedate',120,null,null,null,null,'N','Y','Y',19,null,null,null,null,null,null,11,null,34,null,null,null,null,null,null,null,null,null,'N',null,'datetimepicker',null,null,null,null,null,'N','c20d2227-2ecd-44d8-bc4f-f5fcafe82248','1c340ee3-5ab6-4234-9390-e819946b16f3',null,null,null,null,null,null,null,null,null,null,null,null,null,null,null,null,null,null,null,null,null,null,null,null,null,null,null,null,null,0,null ) 
/

insert into PUB_FORM_PROPERTY ( PK_FORM_PROPERTY,AREAID,LABEL,CODE,METAPATH,WIDTH,REFCODE,ISNEXTROW,ISREVISE,ISTOTAL,REQUIRED,DISABLED,VISIBLE,MAXLENGTH,TEXTROWS,CREATOR,MODIFIER,CREATIONTIME,MODIFIEDTIME,RESID,POSITION,COLOR,DATATYPE,DATAVAL,SHOWFORMULA,EDITFORMULA,VALIDATEFORMULA,DEFAULTVAR,RELATEMETA,DEFINE1,DEFINE2,DEFINE3,ISMULTISELECTEDENABLED,METADATAPROPERTY,ITEMTYPE,REFNAME,METAID,ISCODE,COLNUM,DEFAULTVALUE,ISDEFINED,CLASSID,PROID,HYPERLINKFLAG,ONLYLEAFCANSELECT,MOBILETITLE,ISLOCK,ISRESLABEL,SHOWDATAVAL,SHOWFOCUS,ISSYNCSIDE,ISSYNCFOLD,ISSYNCLIST,ISDATAPOWERENABLE,ISCONVERTTIMEZONES,REFCONDITION,ISGROUPPOWER,EDITDISABLED,TABSKIP,ALIGNMENT,FROZEN,SHOWASRANGE,ANOTHERLINE,COLUMNNUM,ICONTYPE,COREINDEX,ISCOREDATA,ISHIGHLIGHT,ISBOLD,CONTENTCOLOR,REFENTER,MULTIPLELINES,DR,TS ) values  ( '1001A11LCP000007JZTU','1001A11LCP000007JZSO','审批批语','approvenote','approvenote',120,null,null,null,null,'N','Y','Y',50,null,null,null,null,null,null,12,null,1,null,null,null,null,null,null,null,null,null,'N',null,'input',null,null,null,null,null,'N','c20d2227-2ecd-44d8-bc4f-f5fcafe82248','78d52b4a-7b02-4d6a-a261-9cb705bad8c8',null,null,null,null,null,null,null,null,null,null,null,null,null,null,null,null,null,null,null,null,null,null,null,null,null,null,null,null,null,0,null ) 
/

insert into PUB_FORM_PROPERTY ( PK_FORM_PROPERTY,AREAID,LABEL,CODE,METAPATH,WIDTH,REFCODE,ISNEXTROW,ISREVISE,ISTOTAL,REQUIRED,DISABLED,VISIBLE,MAXLENGTH,TEXTROWS,CREATOR,MODIFIER,CREATIONTIME,MODIFIEDTIME,RESID,POSITION,COLOR,DATATYPE,DATAVAL,SHOWFORMULA,EDITFORMULA,VALIDATEFORMULA,DEFAULTVAR,RELATEMETA,DEFINE1,DEFINE2,DEFINE3,ISMULTISELECTEDENABLED,METADATAPROPERTY,ITEMTYPE,REFNAME,METAID,ISCODE,COLNUM,DEFAULTVALUE,ISDEFINED,CLASSID,PROID,HYPERLINKFLAG,ONLYLEAFCANSELECT,MOBILETITLE,ISLOCK,ISRESLABEL,SHOWDATAVAL,SHOWFOCUS,ISSYNCSIDE,ISSYNCFOLD,ISSYNCLIST,ISDATAPOWERENABLE,ISCONVERTTIMEZONES,REFCONDITION,ISGROUPPOWER,EDITDISABLED,TABSKIP,ALIGNMENT,FROZEN,SHOWASRANGE,ANOTHERLINE,COLUMNNUM,ICONTYPE,COREINDEX,ISCOREDATA,ISHIGHLIGHT,ISBOLD,CONTENTCOLOR,REFENTER,MULTIPLELINES,DR,TS ) values  ( '1001A11LCP000007JZTV','1001A11LCP000007JZSO','主键','pk_testmdmaster','pk_testmdmaster',120,null,null,null,null,'Y','N','N',20,null,null,null,null,null,null,13,null,51,null,null,null,null,null,null,null,null,null,'N',null,'input',null,null,null,null,null,'N','c20d2227-2ecd-44d8-bc4f-f5fcafe82248','7dc318ff-2837-4af2-b040-ada7efc6d6fa',null,null,null,null,null,null,null,null,null,null,null,null,null,null,null,null,null,null,null,null,null,null,null,null,null,null,null,null,null,0,null ) 
/

insert into PUB_FORM_PROPERTY ( PK_FORM_PROPERTY,AREAID,LABEL,CODE,METAPATH,WIDTH,REFCODE,ISNEXTROW,ISREVISE,ISTOTAL,REQUIRED,DISABLED,VISIBLE,MAXLENGTH,TEXTROWS,CREATOR,MODIFIER,CREATIONTIME,MODIFIEDTIME,RESID,POSITION,COLOR,DATATYPE,DATAVAL,SHOWFORMULA,EDITFORMULA,VALIDATEFORMULA,DEFAULTVAR,RELATEMETA,DEFINE1,DEFINE2,DEFINE3,ISMULTISELECTEDENABLED,METADATAPROPERTY,ITEMTYPE,REFNAME,METAID,ISCODE,COLNUM,DEFAULTVALUE,ISDEFINED,CLASSID,PROID,HYPERLINKFLAG,ONLYLEAFCANSELECT,MOBILETITLE,ISLOCK,ISRESLABEL,SHOWDATAVAL,SHOWFOCUS,ISSYNCSIDE,ISSYNCFOLD,ISSYNCLIST,ISDATAPOWERENABLE,ISCONVERTTIMEZONES,REFCONDITION,ISGROUPPOWER,EDITDISABLED,TABSKIP,ALIGNMENT,FROZEN,SHOWASRANGE,ANOTHERLINE,COLUMNNUM,ICONTYPE,COREINDEX,ISCOREDATA,ISHIGHLIGHT,ISBOLD,CONTENTCOLOR,REFENTER,MULTIPLELINES,DR,TS ) values  ( '1001A11LCP000007JZTW','1001A11LCP000007JZSO','来源单据id','srcbillid','srcbillid',120,null,null,null,null,'N','N','N',50,null,null,null,null,null,null,14,null,1,null,null,null,null,null,null,null,null,null,'N',null,'input',null,null,null,null,null,'N','c20d2227-2ecd-44d8-bc4f-f5fcafe82248','58af1393-cb6f-4acb-abc5-4583da093d49',null,null,null,null,null,null,null,null,null,null,null,null,null,null,null,null,null,null,null,null,null,null,null,null,null,null,null,null,null,0,null ) 
/

insert into PUB_FORM_PROPERTY ( PK_FORM_PROPERTY,AREAID,LABEL,CODE,METAPATH,WIDTH,REFCODE,ISNEXTROW,ISREVISE,ISTOTAL,REQUIRED,DISABLED,VISIBLE,MAXLENGTH,TEXTROWS,CREATOR,MODIFIER,CREATIONTIME,MODIFIEDTIME,RESID,POSITION,COLOR,DATATYPE,DATAVAL,SHOWFORMULA,EDITFORMULA,VALIDATEFORMULA,DEFAULTVAR,RELATEMETA,DEFINE1,DEFINE2,DEFINE3,ISMULTISELECTEDENABLED,METADATAPROPERTY,ITEMTYPE,REFNAME,METAID,ISCODE,COLNUM,DEFAULTVALUE,ISDEFINED,CLASSID,PROID,HYPERLINKFLAG,ONLYLEAFCANSELECT,MOBILETITLE,ISLOCK,ISRESLABEL,SHOWDATAVAL,SHOWFOCUS,ISSYNCSIDE,ISSYNCFOLD,ISSYNCLIST,ISDATAPOWERENABLE,ISCONVERTTIMEZONES,REFCONDITION,ISGROUPPOWER,EDITDISABLED,TABSKIP,ALIGNMENT,FROZEN,SHOWASRANGE,ANOTHERLINE,COLUMNNUM,ICONTYPE,COREINDEX,ISCOREDATA,ISHIGHLIGHT,ISBOLD,CONTENTCOLOR,REFENTER,MULTIPLELINES,DR,TS ) values  ( '1001A11LCP000007JZTX','1001A11LCP000007JZSO','制单人','billmaker','billmaker',120,'uap/refer/riart/userDefaultRefer/index',null,null,null,'N','Y','Y',20,null,null,null,null,null,null,15,null,204,'0001Z01000000001BVPB,code=N',null,null,null,null,null,null,null,null,'N','uap.user.user_name','refer','用户','f6f9a473-56c0-432f-8bc7-fbf8fde54fee',null,null,null,'N','c20d2227-2ecd-44d8-bc4f-f5fcafe82248','ca022d3e-65a2-4778-b0e0-55667456be33',null,null,null,null,null,null,null,null,null,null,null,null,null,null,null,null,null,null,null,null,null,null,null,null,null,null,null,null,null,0,null ) 
/

insert into PUB_FORM_PROPERTY ( PK_FORM_PROPERTY,AREAID,LABEL,CODE,METAPATH,WIDTH,REFCODE,ISNEXTROW,ISREVISE,ISTOTAL,REQUIRED,DISABLED,VISIBLE,MAXLENGTH,TEXTROWS,CREATOR,MODIFIER,CREATIONTIME,MODIFIEDTIME,RESID,POSITION,COLOR,DATATYPE,DATAVAL,SHOWFORMULA,EDITFORMULA,VALIDATEFORMULA,DEFAULTVAR,RELATEMETA,DEFINE1,DEFINE2,DEFINE3,ISMULTISELECTEDENABLED,METADATAPROPERTY,ITEMTYPE,REFNAME,METAID,ISCODE,COLNUM,DEFAULTVALUE,ISDEFINED,CLASSID,PROID,HYPERLINKFLAG,ONLYLEAFCANSELECT,MOBILETITLE,ISLOCK,ISRESLABEL,SHOWDATAVAL,SHOWFOCUS,ISSYNCSIDE,ISSYNCFOLD,ISSYNCLIST,ISDATAPOWERENABLE,ISCONVERTTIMEZONES,REFCONDITION,ISGROUPPOWER,EDITDISABLED,TABSKIP,ALIGNMENT,FROZEN,SHOWASRANGE,ANOTHERLINE,COLUMNNUM,ICONTYPE,COREINDEX,ISCOREDATA,ISHIGHLIGHT,ISBOLD,CONTENTCOLOR,REFENTER,MULTIPLELINES,DR,TS ) values  ( '1001A11LCP000007JZTY','1001A11LCP000007JZSO','单据版本pk','billversionpk','billversionpk',120,null,null,null,null,'N','N','N',50,null,null,null,null,null,null,16,null,1,null,null,null,null,null,null,null,null,null,'N',null,'input',null,null,null,null,null,'N','c20d2227-2ecd-44d8-bc4f-f5fcafe82248','c1ee19b0-bce4-4ac7-8242-ce24a8cc7a0e',null,null,null,null,null,null,null,null,null,null,null,null,null,null,null,null,null,null,null,null,null,null,null,null,null,null,null,null,null,0,null ) 
/

insert into PUB_FORM_PROPERTY ( PK_FORM_PROPERTY,AREAID,LABEL,CODE,METAPATH,WIDTH,REFCODE,ISNEXTROW,ISREVISE,ISTOTAL,REQUIRED,DISABLED,VISIBLE,MAXLENGTH,TEXTROWS,CREATOR,MODIFIER,CREATIONTIME,MODIFIEDTIME,RESID,POSITION,COLOR,DATATYPE,DATAVAL,SHOWFORMULA,EDITFORMULA,VALIDATEFORMULA,DEFAULTVAR,RELATEMETA,DEFINE1,DEFINE2,DEFINE3,ISMULTISELECTEDENABLED,METADATAPROPERTY,ITEMTYPE,REFNAME,METAID,ISCODE,COLNUM,DEFAULTVALUE,ISDEFINED,CLASSID,PROID,HYPERLINKFLAG,ONLYLEAFCANSELECT,MOBILETITLE,ISLOCK,ISRESLABEL,SHOWDATAVAL,SHOWFOCUS,ISSYNCSIDE,ISSYNCFOLD,ISSYNCLIST,ISDATAPOWERENABLE,ISCONVERTTIMEZONES,REFCONDITION,ISGROUPPOWER,EDITDISABLED,TABSKIP,ALIGNMENT,FROZEN,SHOWASRANGE,ANOTHERLINE,COLUMNNUM,ICONTYPE,COREINDEX,ISCOREDATA,ISHIGHLIGHT,ISBOLD,CONTENTCOLOR,REFENTER,MULTIPLELINES,DR,TS ) values  ( '1001A11LCP000007JZTZ','1001A11LCP000007JZSO','制单时间','maketime','maketime',120,null,null,null,null,'N','Y','Y',19,null,null,null,null,null,null,17,null,34,null,null,null,null,null,null,null,null,null,'N',null,'datetimepicker',null,null,null,null,null,'N','c20d2227-2ecd-44d8-bc4f-f5fcafe82248','44304132-72f3-403a-8106-7db8e105f0d0',null,null,null,null,null,null,null,null,null,null,null,null,null,null,null,null,null,null,null,null,null,null,null,null,null,null,null,null,null,0,null ) 
/

insert into PUB_FORM_PROPERTY ( PK_FORM_PROPERTY,AREAID,LABEL,CODE,METAPATH,WIDTH,REFCODE,ISNEXTROW,ISREVISE,ISTOTAL,REQUIRED,DISABLED,VISIBLE,MAXLENGTH,TEXTROWS,CREATOR,MODIFIER,CREATIONTIME,MODIFIEDTIME,RESID,POSITION,COLOR,DATATYPE,DATAVAL,SHOWFORMULA,EDITFORMULA,VALIDATEFORMULA,DEFAULTVAR,RELATEMETA,DEFINE1,DEFINE2,DEFINE3,ISMULTISELECTEDENABLED,METADATAPROPERTY,ITEMTYPE,REFNAME,METAID,ISCODE,COLNUM,DEFAULTVALUE,ISDEFINED,CLASSID,PROID,HYPERLINKFLAG,ONLYLEAFCANSELECT,MOBILETITLE,ISLOCK,ISRESLABEL,SHOWDATAVAL,SHOWFOCUS,ISSYNCSIDE,ISSYNCFOLD,ISSYNCLIST,ISDATAPOWERENABLE,ISCONVERTTIMEZONES,REFCONDITION,ISGROUPPOWER,EDITDISABLED,TABSKIP,ALIGNMENT,FROZEN,SHOWASRANGE,ANOTHERLINE,COLUMNNUM,ICONTYPE,COREINDEX,ISCOREDATA,ISHIGHLIGHT,ISBOLD,CONTENTCOLOR,REFENTER,MULTIPLELINES,DR,TS ) values  ( '1001A11LCP000007JZU0','1001A11LCP000007JZSO','最后修改时间1','lastmaketime','lastmaketime',120,null,null,null,null,'N','Y','Y',19,null,null,null,null,null,null,18,null,34,null,null,null,null,null,null,null,null,null,'N',null,'datetimepicker',null,null,null,null,null,'N','c20d2227-2ecd-44d8-bc4f-f5fcafe82248','b17fd37c-58af-4193-b97e-9d5a54e36b7c',null,null,null,null,null,null,null,null,null,null,null,null,null,null,null,null,null,null,null,null,null,null,null,null,null,null,null,null,null,0,null ) 
/

insert into PUB_FORM_PROPERTY ( PK_FORM_PROPERTY,AREAID,LABEL,CODE,METAPATH,WIDTH,REFCODE,ISNEXTROW,ISREVISE,ISTOTAL,REQUIRED,DISABLED,VISIBLE,MAXLENGTH,TEXTROWS,CREATOR,MODIFIER,CREATIONTIME,MODIFIEDTIME,RESID,POSITION,COLOR,DATATYPE,DATAVAL,SHOWFORMULA,EDITFORMULA,VALIDATEFORMULA,DEFAULTVAR,RELATEMETA,DEFINE1,DEFINE2,DEFINE3,ISMULTISELECTEDENABLED,METADATAPROPERTY,ITEMTYPE,REFNAME,METAID,ISCODE,COLNUM,DEFAULTVALUE,ISDEFINED,CLASSID,PROID,HYPERLINKFLAG,ONLYLEAFCANSELECT,MOBILETITLE,ISLOCK,ISRESLABEL,SHOWDATAVAL,SHOWFOCUS,ISSYNCSIDE,ISSYNCFOLD,ISSYNCLIST,ISDATAPOWERENABLE,ISCONVERTTIMEZONES,REFCONDITION,ISGROUPPOWER,EDITDISABLED,TABSKIP,ALIGNMENT,FROZEN,SHOWASRANGE,ANOTHERLINE,COLUMNNUM,ICONTYPE,COREINDEX,ISCOREDATA,ISHIGHLIGHT,ISBOLD,CONTENTCOLOR,REFENTER,MULTIPLELINES,DR,TS ) values  ( '1001A11LCP000007JZU1','1001A11LCP000007JZSO','组织多版本','pk_org_v','pk_org_v',120,'uapbd/refer/orgv/BusinessUnitVersionTreeRef/index',null,null,null,'N','N','N',20,null,null,null,null,null,null,19,null,204,'0001Z01000000002V000,code=N',null,null,null,null,null,null,null,null,'N','uap.org_v.name','refer','业务单元版本','da7bba89-9a59-42d6-a262-c13ef459dbd9',null,null,null,'N','c20d2227-2ecd-44d8-bc4f-f5fcafe82248','e64e8e75-ed43-4401-bf68-61fb48809f67',null,null,null,null,null,null,null,null,null,null,null,null,null,null,null,null,null,null,null,null,null,null,null,null,null,null,null,null,null,0,null ) 
/

insert into PUB_FORM_PROPERTY ( PK_FORM_PROPERTY,AREAID,LABEL,CODE,METAPATH,WIDTH,REFCODE,ISNEXTROW,ISREVISE,ISTOTAL,REQUIRED,DISABLED,VISIBLE,MAXLENGTH,TEXTROWS,CREATOR,MODIFIER,CREATIONTIME,MODIFIEDTIME,RESID,POSITION,COLOR,DATATYPE,DATAVAL,SHOWFORMULA,EDITFORMULA,VALIDATEFORMULA,DEFAULTVAR,RELATEMETA,DEFINE1,DEFINE2,DEFINE3,ISMULTISELECTEDENABLED,METADATAPROPERTY,ITEMTYPE,REFNAME,METAID,ISCODE,COLNUM,DEFAULTVALUE,ISDEFINED,CLASSID,PROID,HYPERLINKFLAG,ONLYLEAFCANSELECT,MOBILETITLE,ISLOCK,ISRESLABEL,SHOWDATAVAL,SHOWFOCUS,ISSYNCSIDE,ISSYNCFOLD,ISSYNCLIST,ISDATAPOWERENABLE,ISCONVERTTIMEZONES,REFCONDITION,ISGROUPPOWER,EDITDISABLED,TABSKIP,ALIGNMENT,FROZEN,SHOWASRANGE,ANOTHERLINE,COLUMNNUM,ICONTYPE,COREINDEX,ISCOREDATA,ISHIGHLIGHT,ISBOLD,CONTENTCOLOR,REFENTER,MULTIPLELINES,DR,TS ) values  ( '1001A11LCP000007JZU2','1001A11LCP000007JZSO','创建人','creator','creator',120,'uap/refer/riart/userDefaultRefer/index',null,null,null,'N','Y','N',20,null,null,null,null,null,null,20,null,204,'0001Z01000000001BVPB,code=N',null,null,null,null,null,null,null,null,'N','uap.user.user_name','refer','用户','f6f9a473-56c0-432f-8bc7-fbf8fde54fee',null,null,null,'N','c20d2227-2ecd-44d8-bc4f-f5fcafe82248','ee8550c6-dcdd-4f88-96e5-f157e3601a55',null,null,null,null,null,null,null,null,null,null,null,null,null,null,null,null,null,null,null,null,null,null,null,null,null,null,null,null,null,0,null ) 
/

insert into PUB_FORM_PROPERTY ( PK_FORM_PROPERTY,AREAID,LABEL,CODE,METAPATH,WIDTH,REFCODE,ISNEXTROW,ISREVISE,ISTOTAL,REQUIRED,DISABLED,VISIBLE,MAXLENGTH,TEXTROWS,CREATOR,MODIFIER,CREATIONTIME,MODIFIEDTIME,RESID,POSITION,COLOR,DATATYPE,DATAVAL,SHOWFORMULA,EDITFORMULA,VALIDATEFORMULA,DEFAULTVAR,RELATEMETA,DEFINE1,DEFINE2,DEFINE3,ISMULTISELECTEDENABLED,METADATAPROPERTY,ITEMTYPE,REFNAME,METAID,ISCODE,COLNUM,DEFAULTVALUE,ISDEFINED,CLASSID,PROID,HYPERLINKFLAG,ONLYLEAFCANSELECT,MOBILETITLE,ISLOCK,ISRESLABEL,SHOWDATAVAL,SHOWFOCUS,ISSYNCSIDE,ISSYNCFOLD,ISSYNCLIST,ISDATAPOWERENABLE,ISCONVERTTIMEZONES,REFCONDITION,ISGROUPPOWER,EDITDISABLED,TABSKIP,ALIGNMENT,FROZEN,SHOWASRANGE,ANOTHERLINE,COLUMNNUM,ICONTYPE,COREINDEX,ISCOREDATA,ISHIGHLIGHT,ISBOLD,CONTENTCOLOR,REFENTER,MULTIPLELINES,DR,TS ) values  ( '1001A11LCP000007JZU3','1001A11LCP000007JZSO','修订枚举','emendenum','emendenum',120,null,null,null,null,'N','N','N',5,null,null,null,null,null,null,21,null,4,'-2147483648,2147483647',null,null,null,null,null,null,null,null,'N',null,'number',null,null,null,null,null,'N','c20d2227-2ecd-44d8-bc4f-f5fcafe82248','47d51080-8182-4bb6-9bba-3971213dbb79',null,null,null,null,null,null,null,null,null,null,null,null,null,null,null,null,null,null,null,null,null,null,null,null,null,null,null,null,null,0,null ) 
/

insert into PUB_FORM_PROPERTY ( PK_FORM_PROPERTY,AREAID,LABEL,CODE,METAPATH,WIDTH,REFCODE,ISNEXTROW,ISREVISE,ISTOTAL,REQUIRED,DISABLED,VISIBLE,MAXLENGTH,TEXTROWS,CREATOR,MODIFIER,CREATIONTIME,MODIFIEDTIME,RESID,POSITION,COLOR,DATATYPE,DATAVAL,SHOWFORMULA,EDITFORMULA,VALIDATEFORMULA,DEFAULTVAR,RELATEMETA,DEFINE1,DEFINE2,DEFINE3,ISMULTISELECTEDENABLED,METADATAPROPERTY,ITEMTYPE,REFNAME,METAID,ISCODE,COLNUM,DEFAULTVALUE,ISDEFINED,CLASSID,PROID,HYPERLINKFLAG,ONLYLEAFCANSELECT,MOBILETITLE,ISLOCK,ISRESLABEL,SHOWDATAVAL,SHOWFOCUS,ISSYNCSIDE,ISSYNCFOLD,ISSYNCLIST,ISDATAPOWERENABLE,ISCONVERTTIMEZONES,REFCONDITION,ISGROUPPOWER,EDITDISABLED,TABSKIP,ALIGNMENT,FROZEN,SHOWASRANGE,ANOTHERLINE,COLUMNNUM,ICONTYPE,COREINDEX,ISCOREDATA,ISHIGHLIGHT,ISBOLD,CONTENTCOLOR,REFENTER,MULTIPLELINES,DR,TS ) values  ( '1001A11LCP000007JZU4','1001A11LCP000007JZSO','创建时间','creationtime','creationtime',120,null,null,null,null,'N','Y','N',19,null,null,null,null,null,null,21,null,34,null,null,null,null,null,null,null,null,null,'N',null,'datetimepicker',null,null,null,null,null,'N','c20d2227-2ecd-44d8-bc4f-f5fcafe82248','59b1702f-4669-4941-91b0-0cb4de24ea03',null,null,null,null,null,null,null,null,null,null,null,null,null,null,null,null,null,null,null,null,null,null,null,null,null,null,null,null,null,0,null ) 
/

insert into PUB_FORM_PROPERTY ( PK_FORM_PROPERTY,AREAID,LABEL,CODE,METAPATH,WIDTH,REFCODE,ISNEXTROW,ISREVISE,ISTOTAL,REQUIRED,DISABLED,VISIBLE,MAXLENGTH,TEXTROWS,CREATOR,MODIFIER,CREATIONTIME,MODIFIEDTIME,RESID,POSITION,COLOR,DATATYPE,DATAVAL,SHOWFORMULA,EDITFORMULA,VALIDATEFORMULA,DEFAULTVAR,RELATEMETA,DEFINE1,DEFINE2,DEFINE3,ISMULTISELECTEDENABLED,METADATAPROPERTY,ITEMTYPE,REFNAME,METAID,ISCODE,COLNUM,DEFAULTVALUE,ISDEFINED,CLASSID,PROID,HYPERLINKFLAG,ONLYLEAFCANSELECT,MOBILETITLE,ISLOCK,ISRESLABEL,SHOWDATAVAL,SHOWFOCUS,ISSYNCSIDE,ISSYNCFOLD,ISSYNCLIST,ISDATAPOWERENABLE,ISCONVERTTIMEZONES,REFCONDITION,ISGROUPPOWER,EDITDISABLED,TABSKIP,ALIGNMENT,FROZEN,SHOWASRANGE,ANOTHERLINE,COLUMNNUM,ICONTYPE,COREINDEX,ISCOREDATA,ISHIGHLIGHT,ISBOLD,CONTENTCOLOR,REFENTER,MULTIPLELINES,DR,TS ) values  ( '1001A11LCP000007JZU5','1001A11LCP000007JZSO','最后修改人','modifier','modifier',120,'uap/refer/riart/userDefaultRefer/index',null,null,null,'N','Y','N',20,null,null,null,null,null,null,22,null,204,'0001Z01000000001BVPB,code=N',null,null,null,null,null,null,null,null,'N','uap.user.user_name','refer','用户','f6f9a473-56c0-432f-8bc7-fbf8fde54fee',null,null,null,'N','c20d2227-2ecd-44d8-bc4f-f5fcafe82248','d8216a47-88d2-455a-96bb-78f8de12abe9',null,null,null,null,null,null,null,null,null,null,null,null,null,null,null,null,null,null,null,null,null,null,null,null,null,null,null,null,null,0,null ) 
/

insert into PUB_FORM_PROPERTY ( PK_FORM_PROPERTY,AREAID,LABEL,CODE,METAPATH,WIDTH,REFCODE,ISNEXTROW,ISREVISE,ISTOTAL,REQUIRED,DISABLED,VISIBLE,MAXLENGTH,TEXTROWS,CREATOR,MODIFIER,CREATIONTIME,MODIFIEDTIME,RESID,POSITION,COLOR,DATATYPE,DATAVAL,SHOWFORMULA,EDITFORMULA,VALIDATEFORMULA,DEFAULTVAR,RELATEMETA,DEFINE1,DEFINE2,DEFINE3,ISMULTISELECTEDENABLED,METADATAPROPERTY,ITEMTYPE,REFNAME,METAID,ISCODE,COLNUM,DEFAULTVALUE,ISDEFINED,CLASSID,PROID,HYPERLINKFLAG,ONLYLEAFCANSELECT,MOBILETITLE,ISLOCK,ISRESLABEL,SHOWDATAVAL,SHOWFOCUS,ISSYNCSIDE,ISSYNCFOLD,ISSYNCLIST,ISDATAPOWERENABLE,ISCONVERTTIMEZONES,REFCONDITION,ISGROUPPOWER,EDITDISABLED,TABSKIP,ALIGNMENT,FROZEN,SHOWASRANGE,ANOTHERLINE,COLUMNNUM,ICONTYPE,COREINDEX,ISCOREDATA,ISHIGHLIGHT,ISBOLD,CONTENTCOLOR,REFENTER,MULTIPLELINES,DR,TS ) values  ( '1001A11LCP000007JZU6','1001A11LCP000007JZSO','最后修改时间','modifiedtime','modifiedtime',120,null,null,null,null,'N','Y','N',19,null,null,null,null,null,null,23,null,34,null,null,null,null,null,null,null,null,null,'N',null,'datetimepicker',null,null,null,null,null,'N','c20d2227-2ecd-44d8-bc4f-f5fcafe82248','62ea3138-a8df-40f5-8ca9-35a161797955',null,null,null,null,null,null,null,null,null,null,null,null,null,null,null,null,null,null,null,null,null,null,null,null,null,null,null,null,null,0,null ) 
/

insert into PUB_FORM_PROPERTY ( PK_FORM_PROPERTY,AREAID,LABEL,CODE,METAPATH,WIDTH,REFCODE,ISNEXTROW,ISREVISE,ISTOTAL,REQUIRED,DISABLED,VISIBLE,MAXLENGTH,TEXTROWS,CREATOR,MODIFIER,CREATIONTIME,MODIFIEDTIME,RESID,POSITION,COLOR,DATATYPE,DATAVAL,SHOWFORMULA,EDITFORMULA,VALIDATEFORMULA,DEFAULTVAR,RELATEMETA,DEFINE1,DEFINE2,DEFINE3,ISMULTISELECTEDENABLED,METADATAPROPERTY,ITEMTYPE,REFNAME,METAID,ISCODE,COLNUM,DEFAULTVALUE,ISDEFINED,CLASSID,PROID,HYPERLINKFLAG,ONLYLEAFCANSELECT,MOBILETITLE,ISLOCK,ISRESLABEL,SHOWDATAVAL,SHOWFOCUS,ISSYNCSIDE,ISSYNCFOLD,ISSYNCLIST,ISDATAPOWERENABLE,ISCONVERTTIMEZONES,REFCONDITION,ISGROUPPOWER,EDITDISABLED,TABSKIP,ALIGNMENT,FROZEN,SHOWASRANGE,ANOTHERLINE,COLUMNNUM,ICONTYPE,COREINDEX,ISCOREDATA,ISHIGHLIGHT,ISBOLD,CONTENTCOLOR,REFENTER,MULTIPLELINES,DR,TS ) values  ( '1001A11LCP000007JZU7','1001A11LCP000007JZSP','pk_group','pk_group','pk_group',120,'uap/refer/riart/groupTreeRef/index',null,null,null,'N','N','N',20,null,null,null,null,null,null,0,null,204,'0001Z010000000000ZKS,code=N',null,null,null,null,null,null,null,null,'N','uap.group.name','refer','集团','3b6dd171-2900-47f3-bfbe-41e4483a2a65',null,null,null,'N','c20d2227-2ecd-44d8-bc4f-f5fcafe82248','c4383a89-28b5-4072-94d3-fd3d7863f301',null,null,null,null,null,null,null,null,null,null,null,null,null,null,null,null,null,null,null,null,null,null,null,null,null,null,null,null,null,0,null ) 
/

insert into PUB_FORM_PROPERTY ( PK_FORM_PROPERTY,AREAID,LABEL,CODE,METAPATH,WIDTH,REFCODE,ISNEXTROW,ISREVISE,ISTOTAL,REQUIRED,DISABLED,VISIBLE,MAXLENGTH,TEXTROWS,CREATOR,MODIFIER,CREATIONTIME,MODIFIEDTIME,RESID,POSITION,COLOR,DATATYPE,DATAVAL,SHOWFORMULA,EDITFORMULA,VALIDATEFORMULA,DEFAULTVAR,RELATEMETA,DEFINE1,DEFINE2,DEFINE3,ISMULTISELECTEDENABLED,METADATAPROPERTY,ITEMTYPE,REFNAME,METAID,ISCODE,COLNUM,DEFAULTVALUE,ISDEFINED,CLASSID,PROID,HYPERLINKFLAG,ONLYLEAFCANSELECT,MOBILETITLE,ISLOCK,ISRESLABEL,SHOWDATAVAL,SHOWFOCUS,ISSYNCSIDE,ISSYNCFOLD,ISSYNCLIST,ISDATAPOWERENABLE,ISCONVERTTIMEZONES,REFCONDITION,ISGROUPPOWER,EDITDISABLED,TABSKIP,ALIGNMENT,FROZEN,SHOWASRANGE,ANOTHERLINE,COLUMNNUM,ICONTYPE,COREINDEX,ISCOREDATA,ISHIGHLIGHT,ISBOLD,CONTENTCOLOR,REFENTER,MULTIPLELINES,DR,TS ) values  ( '1001A11LCP000007JZU8','1001A11LCP000007JZSP','pk_org','pk_org','pk_org',120,'uapbd/refer/org/OrgWithGlobalAllDataTreeRef/index',null,null,null,'N','N','Y',20,null,null,null,null,null,null,1,null,204,'0001Z01000000001V017,code=N',null,null,null,null,null,null,null,null,'N','uap.org.name','refer','组织（包含全局）(所有)','985be8a4-3a36-4778-8afe-2d8ed3902659',null,null,null,'N','c20d2227-2ecd-44d8-bc4f-f5fcafe82248','00708833-92b5-4b71-ab8e-5b56a054035a',null,null,null,null,null,null,null,null,null,null,null,null,null,null,null,null,null,null,null,null,null,null,null,null,null,null,null,null,null,0,null ) 
/

insert into PUB_FORM_PROPERTY ( PK_FORM_PROPERTY,AREAID,LABEL,CODE,METAPATH,WIDTH,REFCODE,ISNEXTROW,ISREVISE,ISTOTAL,REQUIRED,DISABLED,VISIBLE,MAXLENGTH,TEXTROWS,CREATOR,MODIFIER,CREATIONTIME,MODIFIEDTIME,RESID,POSITION,COLOR,DATATYPE,DATAVAL,SHOWFORMULA,EDITFORMULA,VALIDATEFORMULA,DEFAULTVAR,RELATEMETA,DEFINE1,DEFINE2,DEFINE3,ISMULTISELECTEDENABLED,METADATAPROPERTY,ITEMTYPE,REFNAME,METAID,ISCODE,COLNUM,DEFAULTVALUE,ISDEFINED,CLASSID,PROID,HYPERLINKFLAG,ONLYLEAFCANSELECT,MOBILETITLE,ISLOCK,ISRESLABEL,SHOWDATAVAL,SHOWFOCUS,ISSYNCSIDE,ISSYNCFOLD,ISSYNCLIST,ISDATAPOWERENABLE,ISCONVERTTIMEZONES,REFCONDITION,ISGROUPPOWER,EDITDISABLED,TABSKIP,ALIGNMENT,FROZEN,SHOWASRANGE,ANOTHERLINE,COLUMNNUM,ICONTYPE,COREINDEX,ISCOREDATA,ISHIGHLIGHT,ISBOLD,CONTENTCOLOR,REFENTER,MULTIPLELINES,DR,TS ) values  ( '1001A11LCP000007JZU9','1001A11LCP000007JZSP','code','code','code',120,null,null,null,null,'N','N','Y',50,null,null,null,null,null,null,2,null,1,null,null,null,null,null,null,null,null,null,'N',null,'input',null,null,null,null,null,'N','c20d2227-2ecd-44d8-bc4f-f5fcafe82248','6b28d3dd-6703-4a6e-8ecf-c99f8c814617',null,null,null,null,null,null,null,null,null,null,null,null,null,null,null,null,null,null,null,null,null,null,null,null,null,null,null,null,null,0,null ) 
/

insert into PUB_FORM_PROPERTY ( PK_FORM_PROPERTY,AREAID,LABEL,CODE,METAPATH,WIDTH,REFCODE,ISNEXTROW,ISREVISE,ISTOTAL,REQUIRED,DISABLED,VISIBLE,MAXLENGTH,TEXTROWS,CREATOR,MODIFIER,CREATIONTIME,MODIFIEDTIME,RESID,POSITION,COLOR,DATATYPE,DATAVAL,SHOWFORMULA,EDITFORMULA,VALIDATEFORMULA,DEFAULTVAR,RELATEMETA,DEFINE1,DEFINE2,DEFINE3,ISMULTISELECTEDENABLED,METADATAPROPERTY,ITEMTYPE,REFNAME,METAID,ISCODE,COLNUM,DEFAULTVALUE,ISDEFINED,CLASSID,PROID,HYPERLINKFLAG,ONLYLEAFCANSELECT,MOBILETITLE,ISLOCK,ISRESLABEL,SHOWDATAVAL,SHOWFOCUS,ISSYNCSIDE,ISSYNCFOLD,ISSYNCLIST,ISDATAPOWERENABLE,ISCONVERTTIMEZONES,REFCONDITION,ISGROUPPOWER,EDITDISABLED,TABSKIP,ALIGNMENT,FROZEN,SHOWASRANGE,ANOTHERLINE,COLUMNNUM,ICONTYPE,COREINDEX,ISCOREDATA,ISHIGHLIGHT,ISBOLD,CONTENTCOLOR,REFENTER,MULTIPLELINES,DR,TS ) values  ( '1001A11LCP000007JZUA','1001A11LCP000007JZSP','name','name','name',120,null,null,null,null,'N','N','Y',50,null,null,null,null,null,null,3,null,1,null,null,null,null,null,null,null,null,null,'N',null,'input',null,null,null,null,null,'N','c20d2227-2ecd-44d8-bc4f-f5fcafe82248','1ed5c81f-1a29-49c7-9aa6-636b2cf100ef',null,null,null,null,null,null,null,null,null,null,null,null,null,null,null,null,null,null,null,null,null,null,null,null,null,null,null,null,null,0,null ) 
/

insert into PUB_FORM_PROPERTY ( PK_FORM_PROPERTY,AREAID,LABEL,CODE,METAPATH,WIDTH,REFCODE,ISNEXTROW,ISREVISE,ISTOTAL,REQUIRED,DISABLED,VISIBLE,MAXLENGTH,TEXTROWS,CREATOR,MODIFIER,CREATIONTIME,MODIFIEDTIME,RESID,POSITION,COLOR,DATATYPE,DATAVAL,SHOWFORMULA,EDITFORMULA,VALIDATEFORMULA,DEFAULTVAR,RELATEMETA,DEFINE1,DEFINE2,DEFINE3,ISMULTISELECTEDENABLED,METADATAPROPERTY,ITEMTYPE,REFNAME,METAID,ISCODE,COLNUM,DEFAULTVALUE,ISDEFINED,CLASSID,PROID,HYPERLINKFLAG,ONLYLEAFCANSELECT,MOBILETITLE,ISLOCK,ISRESLABEL,SHOWDATAVAL,SHOWFOCUS,ISSYNCSIDE,ISSYNCFOLD,ISSYNCLIST,ISDATAPOWERENABLE,ISCONVERTTIMEZONES,REFCONDITION,ISGROUPPOWER,EDITDISABLED,TABSKIP,ALIGNMENT,FROZEN,SHOWASRANGE,ANOTHERLINE,COLUMNNUM,ICONTYPE,COREINDEX,ISCOREDATA,ISHIGHLIGHT,ISBOLD,CONTENTCOLOR,REFENTER,MULTIPLELINES,DR,TS ) values  ( '1001A11LCP000007JZUB','1001A11LCP000007JZSP','单据类型','billtype','billtype',120,null,null,null,null,'N','Y','Y',50,null,null,null,null,null,null,4,null,1,null,null,null,null,null,null,null,null,null,'N',null,'input',null,null,null,null,null,'N','c20d2227-2ecd-44d8-bc4f-f5fcafe82248','56e48fd8-1523-49e4-bb92-7907ca0cb858',null,null,null,null,null,null,null,null,null,null,null,null,null,null,null,null,null,null,null,null,null,null,null,null,null,null,null,null,null,0,null ) 
/

insert into PUB_FORM_PROPERTY ( PK_FORM_PROPERTY,AREAID,LABEL,CODE,METAPATH,WIDTH,REFCODE,ISNEXTROW,ISREVISE,ISTOTAL,REQUIRED,DISABLED,VISIBLE,MAXLENGTH,TEXTROWS,CREATOR,MODIFIER,CREATIONTIME,MODIFIEDTIME,RESID,POSITION,COLOR,DATATYPE,DATAVAL,SHOWFORMULA,EDITFORMULA,VALIDATEFORMULA,DEFAULTVAR,RELATEMETA,DEFINE1,DEFINE2,DEFINE3,ISMULTISELECTEDENABLED,METADATAPROPERTY,ITEMTYPE,REFNAME,METAID,ISCODE,COLNUM,DEFAULTVALUE,ISDEFINED,CLASSID,PROID,HYPERLINKFLAG,ONLYLEAFCANSELECT,MOBILETITLE,ISLOCK,ISRESLABEL,SHOWDATAVAL,SHOWFOCUS,ISSYNCSIDE,ISSYNCFOLD,ISSYNCLIST,ISDATAPOWERENABLE,ISCONVERTTIMEZONES,REFCONDITION,ISGROUPPOWER,EDITDISABLED,TABSKIP,ALIGNMENT,FROZEN,SHOWASRANGE,ANOTHERLINE,COLUMNNUM,ICONTYPE,COREINDEX,ISCOREDATA,ISHIGHLIGHT,ISBOLD,CONTENTCOLOR,REFENTER,MULTIPLELINES,DR,TS ) values  ( '1001A11LCP000007JZUC','1001A11LCP000007JZSP','交易类型pk','transtypepk','transtypepk',120,'uap/refer/riart/transtype/index',null,null,null,'N','N','Y',20,null,null,null,null,null,null,5,null,204,'0001Z0100BILLTYPEZJ8,code=N',null,null,null,null,null,null,null,null,'N','uap.BilltypeVO.billtypename','refer','影响因素交 易类型','b0fa41cd-a649-4309-b685-d341a5d1b0ed',null,null,null,'N','c20d2227-2ecd-44d8-bc4f-f5fcafe82248','7e9a71ee-4b06-4e85-8304-c1873c13d95b',null,null,null,null,null,null,null,null,null,null,null,null,null,null,null,null,null,null,null,null,null,null,null,null,null,null,null,null,null,0,null ) 
/

insert into PUB_FORM_PROPERTY ( PK_FORM_PROPERTY,AREAID,LABEL,CODE,METAPATH,WIDTH,REFCODE,ISNEXTROW,ISREVISE,ISTOTAL,REQUIRED,DISABLED,VISIBLE,MAXLENGTH,TEXTROWS,CREATOR,MODIFIER,CREATIONTIME,MODIFIEDTIME,RESID,POSITION,COLOR,DATATYPE,DATAVAL,SHOWFORMULA,EDITFORMULA,VALIDATEFORMULA,DEFAULTVAR,RELATEMETA,DEFINE1,DEFINE2,DEFINE3,ISMULTISELECTEDENABLED,METADATAPROPERTY,ITEMTYPE,REFNAME,METAID,ISCODE,COLNUM,DEFAULTVALUE,ISDEFINED,CLASSID,PROID,HYPERLINKFLAG,ONLYLEAFCANSELECT,MOBILETITLE,ISLOCK,ISRESLABEL,SHOWDATAVAL,SHOWFOCUS,ISSYNCSIDE,ISSYNCFOLD,ISSYNCLIST,ISDATAPOWERENABLE,ISCONVERTTIMEZONES,REFCONDITION,ISGROUPPOWER,EDITDISABLED,TABSKIP,ALIGNMENT,FROZEN,SHOWASRANGE,ANOTHERLINE,COLUMNNUM,ICONTYPE,COREINDEX,ISCOREDATA,ISHIGHLIGHT,ISBOLD,CONTENTCOLOR,REFENTER,MULTIPLELINES,DR,TS ) values  ( '1001A11LCP000007JZUD','1001A11LCP000007JZSP','交易类型','transtype','transtype',120,null,null,null,null,'N','Y','Y',50,null,null,null,null,null,null,6,null,1,null,null,null,null,null,null,null,null,null,'N',null,'input',null,null,null,null,null,'N','c20d2227-2ecd-44d8-bc4f-f5fcafe82248','1865e0e2-0c3b-43f7-ad7d-dff371831908',null,null,null,null,null,null,null,null,null,null,null,null,null,null,null,null,null,null,null,null,null,null,null,null,null,null,null,null,null,0,null ) 
/

insert into PUB_FORM_PROPERTY ( PK_FORM_PROPERTY,AREAID,LABEL,CODE,METAPATH,WIDTH,REFCODE,ISNEXTROW,ISREVISE,ISTOTAL,REQUIRED,DISABLED,VISIBLE,MAXLENGTH,TEXTROWS,CREATOR,MODIFIER,CREATIONTIME,MODIFIEDTIME,RESID,POSITION,COLOR,DATATYPE,DATAVAL,SHOWFORMULA,EDITFORMULA,VALIDATEFORMULA,DEFAULTVAR,RELATEMETA,DEFINE1,DEFINE2,DEFINE3,ISMULTISELECTEDENABLED,METADATAPROPERTY,ITEMTYPE,REFNAME,METAID,ISCODE,COLNUM,DEFAULTVALUE,ISDEFINED,CLASSID,PROID,HYPERLINKFLAG,ONLYLEAFCANSELECT,MOBILETITLE,ISLOCK,ISRESLABEL,SHOWDATAVAL,SHOWFOCUS,ISSYNCSIDE,ISSYNCFOLD,ISSYNCLIST,ISDATAPOWERENABLE,ISCONVERTTIMEZONES,REFCONDITION,ISGROUPPOWER,EDITDISABLED,TABSKIP,ALIGNMENT,FROZEN,SHOWASRANGE,ANOTHERLINE,COLUMNNUM,ICONTYPE,COREINDEX,ISCOREDATA,ISHIGHLIGHT,ISBOLD,CONTENTCOLOR,REFENTER,MULTIPLELINES,DR,TS ) values  ( '1001A11LCP000007JZUE','1001A11LCP000007JZSP','业务类型','busitype','busitype',120,'uap/refer/riart/busitype/index',null,null,null,'N','N','Y',20,null,null,null,null,null,null,7,null,204,'0001Z0100BUSITYPEZJ7,code=N',null,null,null,null,null,null,null,null,'N','uap.BusitypeVO.businame','refer','业务流程','7717f1a3-b777-454e-abb5-ef8705a0f0c2',null,null,null,'N','c20d2227-2ecd-44d8-bc4f-f5fcafe82248','1bd15df1-c2d4-4469-a81b-559dd5e5a62e',null,null,null,null,null,null,null,null,null,null,null,null,null,null,null,null,null,null,null,null,null,null,null,null,null,null,null,null,null,0,null ) 
/

insert into PUB_FORM_PROPERTY ( PK_FORM_PROPERTY,AREAID,LABEL,CODE,METAPATH,WIDTH,REFCODE,ISNEXTROW,ISREVISE,ISTOTAL,REQUIRED,DISABLED,VISIBLE,MAXLENGTH,TEXTROWS,CREATOR,MODIFIER,CREATIONTIME,MODIFIEDTIME,RESID,POSITION,COLOR,DATATYPE,DATAVAL,SHOWFORMULA,EDITFORMULA,VALIDATEFORMULA,DEFAULTVAR,RELATEMETA,DEFINE1,DEFINE2,DEFINE3,ISMULTISELECTEDENABLED,METADATAPROPERTY,ITEMTYPE,REFNAME,METAID,ISCODE,COLNUM,DEFAULTVALUE,ISDEFINED,CLASSID,PROID,HYPERLINKFLAG,ONLYLEAFCANSELECT,MOBILETITLE,ISLOCK,ISRESLABEL,SHOWDATAVAL,SHOWFOCUS,ISSYNCSIDE,ISSYNCFOLD,ISSYNCLIST,ISDATAPOWERENABLE,ISCONVERTTIMEZONES,REFCONDITION,ISGROUPPOWER,EDITDISABLED,TABSKIP,ALIGNMENT,FROZEN,SHOWASRANGE,ANOTHERLINE,COLUMNNUM,ICONTYPE,COREINDEX,ISCOREDATA,ISHIGHLIGHT,ISBOLD,CONTENTCOLOR,REFENTER,MULTIPLELINES,DR,TS ) values  ( '1001A11LCP000007JZUF','1001A11LCP000007JZSP','来源单据类型','srcbilltype','srcbilltype',120,null,null,null,null,'N','Y','Y',50,null,null,null,null,null,null,8,null,1,null,null,null,null,null,null,null,null,null,'N',null,'input',null,null,null,null,null,'N','c20d2227-2ecd-44d8-bc4f-f5fcafe82248','abc26087-7959-483b-beab-83f1f8bf07fe',null,null,null,null,null,null,null,null,null,null,null,null,null,null,null,null,null,null,null,null,null,null,null,null,null,null,null,null,null,0,null ) 
/

insert into PUB_FORM_PROPERTY ( PK_FORM_PROPERTY,AREAID,LABEL,CODE,METAPATH,WIDTH,REFCODE,ISNEXTROW,ISREVISE,ISTOTAL,REQUIRED,DISABLED,VISIBLE,MAXLENGTH,TEXTROWS,CREATOR,MODIFIER,CREATIONTIME,MODIFIEDTIME,RESID,POSITION,COLOR,DATATYPE,DATAVAL,SHOWFORMULA,EDITFORMULA,VALIDATEFORMULA,DEFAULTVAR,RELATEMETA,DEFINE1,DEFINE2,DEFINE3,ISMULTISELECTEDENABLED,METADATAPROPERTY,ITEMTYPE,REFNAME,METAID,ISCODE,COLNUM,DEFAULTVALUE,ISDEFINED,CLASSID,PROID,HYPERLINKFLAG,ONLYLEAFCANSELECT,MOBILETITLE,ISLOCK,ISRESLABEL,SHOWDATAVAL,SHOWFOCUS,ISSYNCSIDE,ISSYNCFOLD,ISSYNCLIST,ISDATAPOWERENABLE,ISCONVERTTIMEZONES,REFCONDITION,ISGROUPPOWER,EDITDISABLED,TABSKIP,ALIGNMENT,FROZEN,SHOWASRANGE,ANOTHERLINE,COLUMNNUM,ICONTYPE,COREINDEX,ISCOREDATA,ISHIGHLIGHT,ISBOLD,CONTENTCOLOR,REFENTER,MULTIPLELINES,DR,TS ) values  ( '1001A11LCP000007JZUG','1001A11LCP000007JZSP','审批状态','approvestatus','approvestatus',120,null,null,null,null,'N','Y','Y',20,null,null,null,null,null,null,9,null,203,'审批未通过=0,审批通过=1,审批进行中=2,提交=3,自由=-1',null,null,null,null,null,null,null,null,'N',null,'select',null,null,null,null,null,'N','c20d2227-2ecd-44d8-bc4f-f5fcafe82248','0fef04b9-8ba5-44dc-8912-4f14cec12774',null,null,null,null,null,'审批未通过=0,审批通过=1,审批进行中=2,提交=3,自由=-1',null,null,null,null,null,null,null,null,null,null,null,null,null,null,null,null,null,null,null,null,null,null,null,0,null ) 
/

insert into PUB_FORM_PROPERTY ( PK_FORM_PROPERTY,AREAID,LABEL,CODE,METAPATH,WIDTH,REFCODE,ISNEXTROW,ISREVISE,ISTOTAL,REQUIRED,DISABLED,VISIBLE,MAXLENGTH,TEXTROWS,CREATOR,MODIFIER,CREATIONTIME,MODIFIEDTIME,RESID,POSITION,COLOR,DATATYPE,DATAVAL,SHOWFORMULA,EDITFORMULA,VALIDATEFORMULA,DEFAULTVAR,RELATEMETA,DEFINE1,DEFINE2,DEFINE3,ISMULTISELECTEDENABLED,METADATAPROPERTY,ITEMTYPE,REFNAME,METAID,ISCODE,COLNUM,DEFAULTVALUE,ISDEFINED,CLASSID,PROID,HYPERLINKFLAG,ONLYLEAFCANSELECT,MOBILETITLE,ISLOCK,ISRESLABEL,SHOWDATAVAL,SHOWFOCUS,ISSYNCSIDE,ISSYNCFOLD,ISSYNCLIST,ISDATAPOWERENABLE,ISCONVERTTIMEZONES,REFCONDITION,ISGROUPPOWER,EDITDISABLED,TABSKIP,ALIGNMENT,FROZEN,SHOWASRANGE,ANOTHERLINE,COLUMNNUM,ICONTYPE,COREINDEX,ISCOREDATA,ISHIGHLIGHT,ISBOLD,CONTENTCOLOR,REFENTER,MULTIPLELINES,DR,TS ) values  ( '1001A11LCP000007JZUH','1001A11LCP000007JZSP','审批人','approver','approver',120,'uap/refer/riart/userDefaultRefer/index',null,null,null,'N','Y','Y',20,null,null,null,null,null,null,10,null,204,'0001Z01000000001BVPB,code=N',null,null,null,null,null,null,null,null,'N','uap.user.user_name','refer','用户','f6f9a473-56c0-432f-8bc7-fbf8fde54fee',null,null,null,'N','c20d2227-2ecd-44d8-bc4f-f5fcafe82248','1bd2622e-8236-40ee-bca6-55bd4361ed04',null,null,null,null,null,null,null,null,null,null,null,null,null,null,null,null,null,null,null,null,null,null,null,null,null,null,null,null,null,0,null ) 
/

insert into PUB_FORM_PROPERTY ( PK_FORM_PROPERTY,AREAID,LABEL,CODE,METAPATH,WIDTH,REFCODE,ISNEXTROW,ISREVISE,ISTOTAL,REQUIRED,DISABLED,VISIBLE,MAXLENGTH,TEXTROWS,CREATOR,MODIFIER,CREATIONTIME,MODIFIEDTIME,RESID,POSITION,COLOR,DATATYPE,DATAVAL,SHOWFORMULA,EDITFORMULA,VALIDATEFORMULA,DEFAULTVAR,RELATEMETA,DEFINE1,DEFINE2,DEFINE3,ISMULTISELECTEDENABLED,METADATAPROPERTY,ITEMTYPE,REFNAME,METAID,ISCODE,COLNUM,DEFAULTVALUE,ISDEFINED,CLASSID,PROID,HYPERLINKFLAG,ONLYLEAFCANSELECT,MOBILETITLE,ISLOCK,ISRESLABEL,SHOWDATAVAL,SHOWFOCUS,ISSYNCSIDE,ISSYNCFOLD,ISSYNCLIST,ISDATAPOWERENABLE,ISCONVERTTIMEZONES,REFCONDITION,ISGROUPPOWER,EDITDISABLED,TABSKIP,ALIGNMENT,FROZEN,SHOWASRANGE,ANOTHERLINE,COLUMNNUM,ICONTYPE,COREINDEX,ISCOREDATA,ISHIGHLIGHT,ISBOLD,CONTENTCOLOR,REFENTER,MULTIPLELINES,DR,TS ) values  ( '1001A11LCP000007JZUI','1001A11LCP000007JZSP','审批时间','approvedate','approvedate',120,null,null,null,null,'N','Y','Y',19,null,null,null,null,null,null,11,null,34,null,null,null,null,null,null,null,null,null,'N',null,'datetimepicker',null,null,null,null,null,'N','c20d2227-2ecd-44d8-bc4f-f5fcafe82248','1c340ee3-5ab6-4234-9390-e819946b16f3',null,null,null,null,null,null,null,null,null,null,null,null,null,null,null,null,null,null,null,null,null,null,null,null,null,null,null,null,null,0,null ) 
/

insert into PUB_FORM_PROPERTY ( PK_FORM_PROPERTY,AREAID,LABEL,CODE,METAPATH,WIDTH,REFCODE,ISNEXTROW,ISREVISE,ISTOTAL,REQUIRED,DISABLED,VISIBLE,MAXLENGTH,TEXTROWS,CREATOR,MODIFIER,CREATIONTIME,MODIFIEDTIME,RESID,POSITION,COLOR,DATATYPE,DATAVAL,SHOWFORMULA,EDITFORMULA,VALIDATEFORMULA,DEFAULTVAR,RELATEMETA,DEFINE1,DEFINE2,DEFINE3,ISMULTISELECTEDENABLED,METADATAPROPERTY,ITEMTYPE,REFNAME,METAID,ISCODE,COLNUM,DEFAULTVALUE,ISDEFINED,CLASSID,PROID,HYPERLINKFLAG,ONLYLEAFCANSELECT,MOBILETITLE,ISLOCK,ISRESLABEL,SHOWDATAVAL,SHOWFOCUS,ISSYNCSIDE,ISSYNCFOLD,ISSYNCLIST,ISDATAPOWERENABLE,ISCONVERTTIMEZONES,REFCONDITION,ISGROUPPOWER,EDITDISABLED,TABSKIP,ALIGNMENT,FROZEN,SHOWASRANGE,ANOTHERLINE,COLUMNNUM,ICONTYPE,COREINDEX,ISCOREDATA,ISHIGHLIGHT,ISBOLD,CONTENTCOLOR,REFENTER,MULTIPLELINES,DR,TS ) values  ( '1001A11LCP000007JZUJ','1001A11LCP000007JZSP','审批批语','approvenote','approvenote',120,null,null,null,null,'N','Y','Y',50,null,null,null,null,null,null,12,null,1,null,null,null,null,null,null,null,null,null,'N',null,'input',null,null,null,null,null,'N','c20d2227-2ecd-44d8-bc4f-f5fcafe82248','78d52b4a-7b02-4d6a-a261-9cb705bad8c8',null,null,null,null,null,null,null,null,null,null,null,null,null,null,null,null,null,null,null,null,null,null,null,null,null,null,null,null,null,0,null ) 
/

insert into PUB_FORM_PROPERTY ( PK_FORM_PROPERTY,AREAID,LABEL,CODE,METAPATH,WIDTH,REFCODE,ISNEXTROW,ISREVISE,ISTOTAL,REQUIRED,DISABLED,VISIBLE,MAXLENGTH,TEXTROWS,CREATOR,MODIFIER,CREATIONTIME,MODIFIEDTIME,RESID,POSITION,COLOR,DATATYPE,DATAVAL,SHOWFORMULA,EDITFORMULA,VALIDATEFORMULA,DEFAULTVAR,RELATEMETA,DEFINE1,DEFINE2,DEFINE3,ISMULTISELECTEDENABLED,METADATAPROPERTY,ITEMTYPE,REFNAME,METAID,ISCODE,COLNUM,DEFAULTVALUE,ISDEFINED,CLASSID,PROID,HYPERLINKFLAG,ONLYLEAFCANSELECT,MOBILETITLE,ISLOCK,ISRESLABEL,SHOWDATAVAL,SHOWFOCUS,ISSYNCSIDE,ISSYNCFOLD,ISSYNCLIST,ISDATAPOWERENABLE,ISCONVERTTIMEZONES,REFCONDITION,ISGROUPPOWER,EDITDISABLED,TABSKIP,ALIGNMENT,FROZEN,SHOWASRANGE,ANOTHERLINE,COLUMNNUM,ICONTYPE,COREINDEX,ISCOREDATA,ISHIGHLIGHT,ISBOLD,CONTENTCOLOR,REFENTER,MULTIPLELINES,DR,TS ) values  ( '1001A11LCP000007JZUK','1001A11LCP000007JZSP','主键','pk_testmdmaster','pk_testmdmaster',120,null,null,null,null,'Y','N','N',20,null,null,null,null,null,null,13,null,51,null,null,null,null,null,null,null,null,null,'N',null,'input',null,null,null,null,null,'N','c20d2227-2ecd-44d8-bc4f-f5fcafe82248','7dc318ff-2837-4af2-b040-ada7efc6d6fa',null,null,null,null,null,null,null,null,null,null,null,null,null,null,null,null,null,null,null,null,null,null,null,null,null,null,null,null,null,0,null ) 
/

insert into PUB_FORM_PROPERTY ( PK_FORM_PROPERTY,AREAID,LABEL,CODE,METAPATH,WIDTH,REFCODE,ISNEXTROW,ISREVISE,ISTOTAL,REQUIRED,DISABLED,VISIBLE,MAXLENGTH,TEXTROWS,CREATOR,MODIFIER,CREATIONTIME,MODIFIEDTIME,RESID,POSITION,COLOR,DATATYPE,DATAVAL,SHOWFORMULA,EDITFORMULA,VALIDATEFORMULA,DEFAULTVAR,RELATEMETA,DEFINE1,DEFINE2,DEFINE3,ISMULTISELECTEDENABLED,METADATAPROPERTY,ITEMTYPE,REFNAME,METAID,ISCODE,COLNUM,DEFAULTVALUE,ISDEFINED,CLASSID,PROID,HYPERLINKFLAG,ONLYLEAFCANSELECT,MOBILETITLE,ISLOCK,ISRESLABEL,SHOWDATAVAL,SHOWFOCUS,ISSYNCSIDE,ISSYNCFOLD,ISSYNCLIST,ISDATAPOWERENABLE,ISCONVERTTIMEZONES,REFCONDITION,ISGROUPPOWER,EDITDISABLED,TABSKIP,ALIGNMENT,FROZEN,SHOWASRANGE,ANOTHERLINE,COLUMNNUM,ICONTYPE,COREINDEX,ISCOREDATA,ISHIGHLIGHT,ISBOLD,CONTENTCOLOR,REFENTER,MULTIPLELINES,DR,TS ) values  ( '1001A11LCP000007JZUL','1001A11LCP000007JZSP','来源单据id','srcbillid','srcbillid',120,null,null,null,null,'N','N','N',50,null,null,null,null,null,null,14,null,1,null,null,null,null,null,null,null,null,null,'N',null,'input',null,null,null,null,null,'N','c20d2227-2ecd-44d8-bc4f-f5fcafe82248','58af1393-cb6f-4acb-abc5-4583da093d49',null,null,null,null,null,null,null,null,null,null,null,null,null,null,null,null,null,null,null,null,null,null,null,null,null,null,null,null,null,0,null ) 
/

insert into PUB_FORM_PROPERTY ( PK_FORM_PROPERTY,AREAID,LABEL,CODE,METAPATH,WIDTH,REFCODE,ISNEXTROW,ISREVISE,ISTOTAL,REQUIRED,DISABLED,VISIBLE,MAXLENGTH,TEXTROWS,CREATOR,MODIFIER,CREATIONTIME,MODIFIEDTIME,RESID,POSITION,COLOR,DATATYPE,DATAVAL,SHOWFORMULA,EDITFORMULA,VALIDATEFORMULA,DEFAULTVAR,RELATEMETA,DEFINE1,DEFINE2,DEFINE3,ISMULTISELECTEDENABLED,METADATAPROPERTY,ITEMTYPE,REFNAME,METAID,ISCODE,COLNUM,DEFAULTVALUE,ISDEFINED,CLASSID,PROID,HYPERLINKFLAG,ONLYLEAFCANSELECT,MOBILETITLE,ISLOCK,ISRESLABEL,SHOWDATAVAL,SHOWFOCUS,ISSYNCSIDE,ISSYNCFOLD,ISSYNCLIST,ISDATAPOWERENABLE,ISCONVERTTIMEZONES,REFCONDITION,ISGROUPPOWER,EDITDISABLED,TABSKIP,ALIGNMENT,FROZEN,SHOWASRANGE,ANOTHERLINE,COLUMNNUM,ICONTYPE,COREINDEX,ISCOREDATA,ISHIGHLIGHT,ISBOLD,CONTENTCOLOR,REFENTER,MULTIPLELINES,DR,TS ) values  ( '1001A11LCP000007JZUM','1001A11LCP000007JZSP','制单人','billmaker','billmaker',120,'uap/refer/riart/userDefaultRefer/index',null,null,null,'N','Y','Y',20,null,null,null,null,null,null,15,null,204,'0001Z01000000001BVPB,code=N',null,null,null,null,null,null,null,null,'N','uap.user.user_name','refer','用户','f6f9a473-56c0-432f-8bc7-fbf8fde54fee',null,null,null,'N','c20d2227-2ecd-44d8-bc4f-f5fcafe82248','ca022d3e-65a2-4778-b0e0-55667456be33',null,null,null,null,null,null,null,null,null,null,null,null,null,null,null,null,null,null,null,null,null,null,null,null,null,null,null,null,null,0,null ) 
/

insert into PUB_FORM_PROPERTY ( PK_FORM_PROPERTY,AREAID,LABEL,CODE,METAPATH,WIDTH,REFCODE,ISNEXTROW,ISREVISE,ISTOTAL,REQUIRED,DISABLED,VISIBLE,MAXLENGTH,TEXTROWS,CREATOR,MODIFIER,CREATIONTIME,MODIFIEDTIME,RESID,POSITION,COLOR,DATATYPE,DATAVAL,SHOWFORMULA,EDITFORMULA,VALIDATEFORMULA,DEFAULTVAR,RELATEMETA,DEFINE1,DEFINE2,DEFINE3,ISMULTISELECTEDENABLED,METADATAPROPERTY,ITEMTYPE,REFNAME,METAID,ISCODE,COLNUM,DEFAULTVALUE,ISDEFINED,CLASSID,PROID,HYPERLINKFLAG,ONLYLEAFCANSELECT,MOBILETITLE,ISLOCK,ISRESLABEL,SHOWDATAVAL,SHOWFOCUS,ISSYNCSIDE,ISSYNCFOLD,ISSYNCLIST,ISDATAPOWERENABLE,ISCONVERTTIMEZONES,REFCONDITION,ISGROUPPOWER,EDITDISABLED,TABSKIP,ALIGNMENT,FROZEN,SHOWASRANGE,ANOTHERLINE,COLUMNNUM,ICONTYPE,COREINDEX,ISCOREDATA,ISHIGHLIGHT,ISBOLD,CONTENTCOLOR,REFENTER,MULTIPLELINES,DR,TS ) values  ( '1001A11LCP000007JZUN','1001A11LCP000007JZSP','单据版本pk','billversionpk','billversionpk',120,null,null,null,null,'N','N','N',50,null,null,null,null,null,null,16,null,1,null,null,null,null,null,null,null,null,null,'N',null,'input',null,null,null,null,null,'N','c20d2227-2ecd-44d8-bc4f-f5fcafe82248','c1ee19b0-bce4-4ac7-8242-ce24a8cc7a0e',null,null,null,null,null,null,null,null,null,null,null,null,null,null,null,null,null,null,null,null,null,null,null,null,null,null,null,null,null,0,null ) 
/

insert into PUB_FORM_PROPERTY ( PK_FORM_PROPERTY,AREAID,LABEL,CODE,METAPATH,WIDTH,REFCODE,ISNEXTROW,ISREVISE,ISTOTAL,REQUIRED,DISABLED,VISIBLE,MAXLENGTH,TEXTROWS,CREATOR,MODIFIER,CREATIONTIME,MODIFIEDTIME,RESID,POSITION,COLOR,DATATYPE,DATAVAL,SHOWFORMULA,EDITFORMULA,VALIDATEFORMULA,DEFAULTVAR,RELATEMETA,DEFINE1,DEFINE2,DEFINE3,ISMULTISELECTEDENABLED,METADATAPROPERTY,ITEMTYPE,REFNAME,METAID,ISCODE,COLNUM,DEFAULTVALUE,ISDEFINED,CLASSID,PROID,HYPERLINKFLAG,ONLYLEAFCANSELECT,MOBILETITLE,ISLOCK,ISRESLABEL,SHOWDATAVAL,SHOWFOCUS,ISSYNCSIDE,ISSYNCFOLD,ISSYNCLIST,ISDATAPOWERENABLE,ISCONVERTTIMEZONES,REFCONDITION,ISGROUPPOWER,EDITDISABLED,TABSKIP,ALIGNMENT,FROZEN,SHOWASRANGE,ANOTHERLINE,COLUMNNUM,ICONTYPE,COREINDEX,ISCOREDATA,ISHIGHLIGHT,ISBOLD,CONTENTCOLOR,REFENTER,MULTIPLELINES,DR,TS ) values  ( '1001A11LCP000007JZUO','1001A11LCP000007JZSP','制单时间','maketime','maketime',120,null,null,null,null,'N','Y','Y',19,null,null,null,null,null,null,17,null,34,null,null,null,null,null,null,null,null,null,'N',null,'datetimepicker',null,null,null,null,null,'N','c20d2227-2ecd-44d8-bc4f-f5fcafe82248','44304132-72f3-403a-8106-7db8e105f0d0',null,null,null,null,null,null,null,null,null,null,null,null,null,null,null,null,null,null,null,null,null,null,null,null,null,null,null,null,null,0,null ) 
/

insert into PUB_FORM_PROPERTY ( PK_FORM_PROPERTY,AREAID,LABEL,CODE,METAPATH,WIDTH,REFCODE,ISNEXTROW,ISREVISE,ISTOTAL,REQUIRED,DISABLED,VISIBLE,MAXLENGTH,TEXTROWS,CREATOR,MODIFIER,CREATIONTIME,MODIFIEDTIME,RESID,POSITION,COLOR,DATATYPE,DATAVAL,SHOWFORMULA,EDITFORMULA,VALIDATEFORMULA,DEFAULTVAR,RELATEMETA,DEFINE1,DEFINE2,DEFINE3,ISMULTISELECTEDENABLED,METADATAPROPERTY,ITEMTYPE,REFNAME,METAID,ISCODE,COLNUM,DEFAULTVALUE,ISDEFINED,CLASSID,PROID,HYPERLINKFLAG,ONLYLEAFCANSELECT,MOBILETITLE,ISLOCK,ISRESLABEL,SHOWDATAVAL,SHOWFOCUS,ISSYNCSIDE,ISSYNCFOLD,ISSYNCLIST,ISDATAPOWERENABLE,ISCONVERTTIMEZONES,REFCONDITION,ISGROUPPOWER,EDITDISABLED,TABSKIP,ALIGNMENT,FROZEN,SHOWASRANGE,ANOTHERLINE,COLUMNNUM,ICONTYPE,COREINDEX,ISCOREDATA,ISHIGHLIGHT,ISBOLD,CONTENTCOLOR,REFENTER,MULTIPLELINES,DR,TS ) values  ( '1001A11LCP000007JZUP','1001A11LCP000007JZSP','最后修改时间1','lastmaketime','lastmaketime',120,null,null,null,null,'N','Y','Y',19,null,null,null,null,null,null,18,null,34,null,null,null,null,null,null,null,null,null,'N',null,'datetimepicker',null,null,null,null,null,'N','c20d2227-2ecd-44d8-bc4f-f5fcafe82248','b17fd37c-58af-4193-b97e-9d5a54e36b7c',null,null,null,null,null,null,null,null,null,null,null,null,null,null,null,null,null,null,null,null,null,null,null,null,null,null,null,null,null,0,null ) 
/

insert into PUB_FORM_PROPERTY ( PK_FORM_PROPERTY,AREAID,LABEL,CODE,METAPATH,WIDTH,REFCODE,ISNEXTROW,ISREVISE,ISTOTAL,REQUIRED,DISABLED,VISIBLE,MAXLENGTH,TEXTROWS,CREATOR,MODIFIER,CREATIONTIME,MODIFIEDTIME,RESID,POSITION,COLOR,DATATYPE,DATAVAL,SHOWFORMULA,EDITFORMULA,VALIDATEFORMULA,DEFAULTVAR,RELATEMETA,DEFINE1,DEFINE2,DEFINE3,ISMULTISELECTEDENABLED,METADATAPROPERTY,ITEMTYPE,REFNAME,METAID,ISCODE,COLNUM,DEFAULTVALUE,ISDEFINED,CLASSID,PROID,HYPERLINKFLAG,ONLYLEAFCANSELECT,MOBILETITLE,ISLOCK,ISRESLABEL,SHOWDATAVAL,SHOWFOCUS,ISSYNCSIDE,ISSYNCFOLD,ISSYNCLIST,ISDATAPOWERENABLE,ISCONVERTTIMEZONES,REFCONDITION,ISGROUPPOWER,EDITDISABLED,TABSKIP,ALIGNMENT,FROZEN,SHOWASRANGE,ANOTHERLINE,COLUMNNUM,ICONTYPE,COREINDEX,ISCOREDATA,ISHIGHLIGHT,ISBOLD,CONTENTCOLOR,REFENTER,MULTIPLELINES,DR,TS ) values  ( '1001A11LCP000007JZUQ','1001A11LCP000007JZSP','修订枚举','emendenum','emendenum',120,null,null,null,null,'N','N','N',5,null,null,null,null,null,null,18,null,4,'-2147483648,2147483647',null,null,null,null,null,null,null,null,'N',null,'number',null,null,null,null,null,'N','c20d2227-2ecd-44d8-bc4f-f5fcafe82248','47d51080-8182-4bb6-9bba-3971213dbb79',null,null,null,null,null,null,null,null,null,null,null,null,null,null,null,null,null,null,null,null,null,null,null,null,null,null,null,null,null,0,null ) 
/

insert into PUB_FORM_PROPERTY ( PK_FORM_PROPERTY,AREAID,LABEL,CODE,METAPATH,WIDTH,REFCODE,ISNEXTROW,ISREVISE,ISTOTAL,REQUIRED,DISABLED,VISIBLE,MAXLENGTH,TEXTROWS,CREATOR,MODIFIER,CREATIONTIME,MODIFIEDTIME,RESID,POSITION,COLOR,DATATYPE,DATAVAL,SHOWFORMULA,EDITFORMULA,VALIDATEFORMULA,DEFAULTVAR,RELATEMETA,DEFINE1,DEFINE2,DEFINE3,ISMULTISELECTEDENABLED,METADATAPROPERTY,ITEMTYPE,REFNAME,METAID,ISCODE,COLNUM,DEFAULTVALUE,ISDEFINED,CLASSID,PROID,HYPERLINKFLAG,ONLYLEAFCANSELECT,MOBILETITLE,ISLOCK,ISRESLABEL,SHOWDATAVAL,SHOWFOCUS,ISSYNCSIDE,ISSYNCFOLD,ISSYNCLIST,ISDATAPOWERENABLE,ISCONVERTTIMEZONES,REFCONDITION,ISGROUPPOWER,EDITDISABLED,TABSKIP,ALIGNMENT,FROZEN,SHOWASRANGE,ANOTHERLINE,COLUMNNUM,ICONTYPE,COREINDEX,ISCOREDATA,ISHIGHLIGHT,ISBOLD,CONTENTCOLOR,REFENTER,MULTIPLELINES,DR,TS ) values  ( '1001A11LCP000007JZUR','1001A11LCP000007JZSP','组织多版本','pk_org_v','pk_org_v',120,'uapbd/refer/orgv/BusinessUnitVersionTreeRef/index',null,null,null,'N','N','N',20,null,null,null,null,null,null,19,null,204,'0001Z01000000002V000,code=N',null,null,null,null,null,null,null,null,'N','uap.org_v.name','refer','业务单元版本','da7bba89-9a59-42d6-a262-c13ef459dbd9',null,null,null,'N','c20d2227-2ecd-44d8-bc4f-f5fcafe82248','e64e8e75-ed43-4401-bf68-61fb48809f67',null,null,null,null,null,null,null,null,null,null,null,null,null,null,null,null,null,null,null,null,null,null,null,null,null,null,null,null,null,0,null ) 
/

insert into PUB_FORM_PROPERTY ( PK_FORM_PROPERTY,AREAID,LABEL,CODE,METAPATH,WIDTH,REFCODE,ISNEXTROW,ISREVISE,ISTOTAL,REQUIRED,DISABLED,VISIBLE,MAXLENGTH,TEXTROWS,CREATOR,MODIFIER,CREATIONTIME,MODIFIEDTIME,RESID,POSITION,COLOR,DATATYPE,DATAVAL,SHOWFORMULA,EDITFORMULA,VALIDATEFORMULA,DEFAULTVAR,RELATEMETA,DEFINE1,DEFINE2,DEFINE3,ISMULTISELECTEDENABLED,METADATAPROPERTY,ITEMTYPE,REFNAME,METAID,ISCODE,COLNUM,DEFAULTVALUE,ISDEFINED,CLASSID,PROID,HYPERLINKFLAG,ONLYLEAFCANSELECT,MOBILETITLE,ISLOCK,ISRESLABEL,SHOWDATAVAL,SHOWFOCUS,ISSYNCSIDE,ISSYNCFOLD,ISSYNCLIST,ISDATAPOWERENABLE,ISCONVERTTIMEZONES,REFCONDITION,ISGROUPPOWER,EDITDISABLED,TABSKIP,ALIGNMENT,FROZEN,SHOWASRANGE,ANOTHERLINE,COLUMNNUM,ICONTYPE,COREINDEX,ISCOREDATA,ISHIGHLIGHT,ISBOLD,CONTENTCOLOR,REFENTER,MULTIPLELINES,DR,TS ) values  ( '1001A11LCP000007JZUS','1001A11LCP000007JZSQ','创建人','creator','creator',120,'uap/refer/riart/userDefaultRefer/index',null,null,null,'N','Y','Y',20,null,null,null,null,null,null,0,null,204,'0001Z01000000001BVPB,code=N',null,null,null,null,null,null,null,null,'N','uap.user.user_name','refer','用户','f6f9a473-56c0-432f-8bc7-fbf8fde54fee',null,null,null,'N','c20d2227-2ecd-44d8-bc4f-f5fcafe82248','ee8550c6-dcdd-4f88-96e5-f157e3601a55',null,null,null,null,null,null,null,null,null,null,null,null,null,null,null,null,null,null,null,null,null,null,null,null,null,null,null,null,null,0,null ) 
/

insert into PUB_FORM_PROPERTY ( PK_FORM_PROPERTY,AREAID,LABEL,CODE,METAPATH,WIDTH,REFCODE,ISNEXTROW,ISREVISE,ISTOTAL,REQUIRED,DISABLED,VISIBLE,MAXLENGTH,TEXTROWS,CREATOR,MODIFIER,CREATIONTIME,MODIFIEDTIME,RESID,POSITION,COLOR,DATATYPE,DATAVAL,SHOWFORMULA,EDITFORMULA,VALIDATEFORMULA,DEFAULTVAR,RELATEMETA,DEFINE1,DEFINE2,DEFINE3,ISMULTISELECTEDENABLED,METADATAPROPERTY,ITEMTYPE,REFNAME,METAID,ISCODE,COLNUM,DEFAULTVALUE,ISDEFINED,CLASSID,PROID,HYPERLINKFLAG,ONLYLEAFCANSELECT,MOBILETITLE,ISLOCK,ISRESLABEL,SHOWDATAVAL,SHOWFOCUS,ISSYNCSIDE,ISSYNCFOLD,ISSYNCLIST,ISDATAPOWERENABLE,ISCONVERTTIMEZONES,REFCONDITION,ISGROUPPOWER,EDITDISABLED,TABSKIP,ALIGNMENT,FROZEN,SHOWASRANGE,ANOTHERLINE,COLUMNNUM,ICONTYPE,COREINDEX,ISCOREDATA,ISHIGHLIGHT,ISBOLD,CONTENTCOLOR,REFENTER,MULTIPLELINES,DR,TS ) values  ( '1001A11LCP000007JZUT','1001A11LCP000007JZSQ','创建时间','creationtime','creationtime',120,null,null,null,null,'N','Y','Y',19,null,null,null,null,null,null,1,null,34,null,null,null,null,null,null,null,null,null,'N',null,'datetimepicker',null,null,null,null,null,'N','c20d2227-2ecd-44d8-bc4f-f5fcafe82248','59b1702f-4669-4941-91b0-0cb4de24ea03',null,null,null,null,null,null,null,null,null,null,null,null,null,null,null,null,null,null,null,null,null,null,null,null,null,null,null,null,null,0,null ) 
/

insert into PUB_FORM_PROPERTY ( PK_FORM_PROPERTY,AREAID,LABEL,CODE,METAPATH,WIDTH,REFCODE,ISNEXTROW,ISREVISE,ISTOTAL,REQUIRED,DISABLED,VISIBLE,MAXLENGTH,TEXTROWS,CREATOR,MODIFIER,CREATIONTIME,MODIFIEDTIME,RESID,POSITION,COLOR,DATATYPE,DATAVAL,SHOWFORMULA,EDITFORMULA,VALIDATEFORMULA,DEFAULTVAR,RELATEMETA,DEFINE1,DEFINE2,DEFINE3,ISMULTISELECTEDENABLED,METADATAPROPERTY,ITEMTYPE,REFNAME,METAID,ISCODE,COLNUM,DEFAULTVALUE,ISDEFINED,CLASSID,PROID,HYPERLINKFLAG,ONLYLEAFCANSELECT,MOBILETITLE,ISLOCK,ISRESLABEL,SHOWDATAVAL,SHOWFOCUS,ISSYNCSIDE,ISSYNCFOLD,ISSYNCLIST,ISDATAPOWERENABLE,ISCONVERTTIMEZONES,REFCONDITION,ISGROUPPOWER,EDITDISABLED,TABSKIP,ALIGNMENT,FROZEN,SHOWASRANGE,ANOTHERLINE,COLUMNNUM,ICONTYPE,COREINDEX,ISCOREDATA,ISHIGHLIGHT,ISBOLD,CONTENTCOLOR,REFENTER,MULTIPLELINES,DR,TS ) values  ( '1001A11LCP000007JZUU','1001A11LCP000007JZSQ','最后修改人','modifier','modifier',120,'uap/refer/riart/userDefaultRefer/index',null,null,null,'N','Y','Y',20,null,null,null,null,null,null,2,null,204,'0001Z01000000001BVPB,code=N',null,null,null,null,null,null,null,null,'N','uap.user.user_name','refer','用户','f6f9a473-56c0-432f-8bc7-fbf8fde54fee',null,null,null,'N','c20d2227-2ecd-44d8-bc4f-f5fcafe82248','d8216a47-88d2-455a-96bb-78f8de12abe9',null,null,null,null,null,null,null,null,null,null,null,null,null,null,null,null,null,null,null,null,null,null,null,null,null,null,null,null,null,0,null ) 
/

insert into PUB_FORM_PROPERTY ( PK_FORM_PROPERTY,AREAID,LABEL,CODE,METAPATH,WIDTH,REFCODE,ISNEXTROW,ISREVISE,ISTOTAL,REQUIRED,DISABLED,VISIBLE,MAXLENGTH,TEXTROWS,CREATOR,MODIFIER,CREATIONTIME,MODIFIEDTIME,RESID,POSITION,COLOR,DATATYPE,DATAVAL,SHOWFORMULA,EDITFORMULA,VALIDATEFORMULA,DEFAULTVAR,RELATEMETA,DEFINE1,DEFINE2,DEFINE3,ISMULTISELECTEDENABLED,METADATAPROPERTY,ITEMTYPE,REFNAME,METAID,ISCODE,COLNUM,DEFAULTVALUE,ISDEFINED,CLASSID,PROID,HYPERLINKFLAG,ONLYLEAFCANSELECT,MOBILETITLE,ISLOCK,ISRESLABEL,SHOWDATAVAL,SHOWFOCUS,ISSYNCSIDE,ISSYNCFOLD,ISSYNCLIST,ISDATAPOWERENABLE,ISCONVERTTIMEZONES,REFCONDITION,ISGROUPPOWER,EDITDISABLED,TABSKIP,ALIGNMENT,FROZEN,SHOWASRANGE,ANOTHERLINE,COLUMNNUM,ICONTYPE,COREINDEX,ISCOREDATA,ISHIGHLIGHT,ISBOLD,CONTENTCOLOR,REFENTER,MULTIPLELINES,DR,TS ) values  ( '1001A11LCP000007JZUV','1001A11LCP000007JZSQ','最后修改时间','modifiedtime','modifiedtime',120,null,null,null,null,'N','Y','Y',19,null,null,null,null,null,null,3,null,34,null,null,null,null,null,null,null,null,null,'N',null,'datetimepicker',null,null,null,null,null,'N','c20d2227-2ecd-44d8-bc4f-f5fcafe82248','62ea3138-a8df-40f5-8ca9-35a161797955',null,null,null,null,null,null,null,null,null,null,null,null,null,null,null,null,null,null,null,null,null,null,null,null,null,null,null,null,null,0,null ) 
/

insert into PUB_FORM_PROPERTY ( PK_FORM_PROPERTY,AREAID,LABEL,CODE,METAPATH,WIDTH,REFCODE,ISNEXTROW,ISREVISE,ISTOTAL,REQUIRED,DISABLED,VISIBLE,MAXLENGTH,TEXTROWS,CREATOR,MODIFIER,CREATIONTIME,MODIFIEDTIME,RESID,POSITION,COLOR,DATATYPE,DATAVAL,SHOWFORMULA,EDITFORMULA,VALIDATEFORMULA,DEFAULTVAR,RELATEMETA,DEFINE1,DEFINE2,DEFINE3,ISMULTISELECTEDENABLED,METADATAPROPERTY,ITEMTYPE,REFNAME,METAID,ISCODE,COLNUM,DEFAULTVALUE,ISDEFINED,CLASSID,PROID,HYPERLINKFLAG,ONLYLEAFCANSELECT,MOBILETITLE,ISLOCK,ISRESLABEL,SHOWDATAVAL,SHOWFOCUS,ISSYNCSIDE,ISSYNCFOLD,ISSYNCLIST,ISDATAPOWERENABLE,ISCONVERTTIMEZONES,REFCONDITION,ISGROUPPOWER,EDITDISABLED,TABSKIP,ALIGNMENT,FROZEN,SHOWASRANGE,ANOTHERLINE,COLUMNNUM,ICONTYPE,COREINDEX,ISCOREDATA,ISHIGHLIGHT,ISBOLD,CONTENTCOLOR,REFENTER,MULTIPLELINES,DR,TS ) values  ( '1001A11LCP000007JZUW','1001A11LCP000007JZSR','行号','rowno','rowno',120,null,null,null,null,'N','N','Y',50,null,null,null,null,null,null,0,null,1,null,null,null,null,null,null,null,null,null,'N',null,'input',null,null,null,null,null,'N','8ac0927f-d8fe-4c7a-b892-ba25a16495d0','d15a27ac-71d8-4fee-a010-3c09684dc17a',null,null,null,null,null,null,null,null,null,null,null,null,null,null,null,null,null,null,null,null,null,null,null,null,null,null,null,null,null,0,null ) 
/

insert into PUB_FORM_PROPERTY ( PK_FORM_PROPERTY,AREAID,LABEL,CODE,METAPATH,WIDTH,REFCODE,ISNEXTROW,ISREVISE,ISTOTAL,REQUIRED,DISABLED,VISIBLE,MAXLENGTH,TEXTROWS,CREATOR,MODIFIER,CREATIONTIME,MODIFIEDTIME,RESID,POSITION,COLOR,DATATYPE,DATAVAL,SHOWFORMULA,EDITFORMULA,VALIDATEFORMULA,DEFAULTVAR,RELATEMETA,DEFINE1,DEFINE2,DEFINE3,ISMULTISELECTEDENABLED,METADATAPROPERTY,ITEMTYPE,REFNAME,METAID,ISCODE,COLNUM,DEFAULTVALUE,ISDEFINED,CLASSID,PROID,HYPERLINKFLAG,ONLYLEAFCANSELECT,MOBILETITLE,ISLOCK,ISRESLABEL,SHOWDATAVAL,SHOWFOCUS,ISSYNCSIDE,ISSYNCFOLD,ISSYNCLIST,ISDATAPOWERENABLE,ISCONVERTTIMEZONES,REFCONDITION,ISGROUPPOWER,EDITDISABLED,TABSKIP,ALIGNMENT,FROZEN,SHOWASRANGE,ANOTHERLINE,COLUMNNUM,ICONTYPE,COREINDEX,ISCOREDATA,ISHIGHLIGHT,ISBOLD,CONTENTCOLOR,REFENTER,MULTIPLELINES,DR,TS ) values  ( '1001A11LCP000007JZUX','1001A11LCP000007JZSR','主键','pk_testmdslave0','pk_testmdslave0',120,null,null,null,null,'Y','N','N',20,null,null,null,null,null,null,1,null,51,null,null,null,null,null,null,null,null,null,'N',null,'input',null,null,null,null,null,'N','8ac0927f-d8fe-4c7a-b892-ba25a16495d0','f8e84a0f-71c8-4fdf-8a0e-9f796f7f6e4a',null,null,null,null,null,null,null,null,null,null,null,null,null,null,null,null,null,null,null,null,null,null,null,null,null,null,null,null,null,0,null ) 
/

insert into PUB_FORM_PROPERTY ( PK_FORM_PROPERTY,AREAID,LABEL,CODE,METAPATH,WIDTH,REFCODE,ISNEXTROW,ISREVISE,ISTOTAL,REQUIRED,DISABLED,VISIBLE,MAXLENGTH,TEXTROWS,CREATOR,MODIFIER,CREATIONTIME,MODIFIEDTIME,RESID,POSITION,COLOR,DATATYPE,DATAVAL,SHOWFORMULA,EDITFORMULA,VALIDATEFORMULA,DEFAULTVAR,RELATEMETA,DEFINE1,DEFINE2,DEFINE3,ISMULTISELECTEDENABLED,METADATAPROPERTY,ITEMTYPE,REFNAME,METAID,ISCODE,COLNUM,DEFAULTVALUE,ISDEFINED,CLASSID,PROID,HYPERLINKFLAG,ONLYLEAFCANSELECT,MOBILETITLE,ISLOCK,ISRESLABEL,SHOWDATAVAL,SHOWFOCUS,ISSYNCSIDE,ISSYNCFOLD,ISSYNCLIST,ISDATAPOWERENABLE,ISCONVERTTIMEZONES,REFCONDITION,ISGROUPPOWER,EDITDISABLED,TABSKIP,ALIGNMENT,FROZEN,SHOWASRANGE,ANOTHERLINE,COLUMNNUM,ICONTYPE,COREINDEX,ISCOREDATA,ISHIGHLIGHT,ISBOLD,CONTENTCOLOR,REFENTER,MULTIPLELINES,DR,TS ) values  ( '1001A11LCP000007JZUY','1001A11LCP000007JZSR','来源行号','srcrowno','srcrowno',120,null,null,null,null,'N','N','N',50,null,null,null,null,null,null,2,null,1,null,null,null,null,null,null,null,null,null,'N',null,'input',null,null,null,null,null,'N','8ac0927f-d8fe-4c7a-b892-ba25a16495d0','d67ee7e6-d930-4246-a53e-bc47215275ff',null,null,null,null,null,null,null,null,null,null,null,null,null,null,null,null,null,null,null,null,null,null,null,null,null,null,null,null,null,0,null ) 
/

insert into PUB_FORM_PROPERTY ( PK_FORM_PROPERTY,AREAID,LABEL,CODE,METAPATH,WIDTH,REFCODE,ISNEXTROW,ISREVISE,ISTOTAL,REQUIRED,DISABLED,VISIBLE,MAXLENGTH,TEXTROWS,CREATOR,MODIFIER,CREATIONTIME,MODIFIEDTIME,RESID,POSITION,COLOR,DATATYPE,DATAVAL,SHOWFORMULA,EDITFORMULA,VALIDATEFORMULA,DEFAULTVAR,RELATEMETA,DEFINE1,DEFINE2,DEFINE3,ISMULTISELECTEDENABLED,METADATAPROPERTY,ITEMTYPE,REFNAME,METAID,ISCODE,COLNUM,DEFAULTVALUE,ISDEFINED,CLASSID,PROID,HYPERLINKFLAG,ONLYLEAFCANSELECT,MOBILETITLE,ISLOCK,ISRESLABEL,SHOWDATAVAL,SHOWFOCUS,ISSYNCSIDE,ISSYNCFOLD,ISSYNCLIST,ISDATAPOWERENABLE,ISCONVERTTIMEZONES,REFCONDITION,ISGROUPPOWER,EDITDISABLED,TABSKIP,ALIGNMENT,FROZEN,SHOWASRANGE,ANOTHERLINE,COLUMNNUM,ICONTYPE,COREINDEX,ISCOREDATA,ISHIGHLIGHT,ISBOLD,CONTENTCOLOR,REFENTER,MULTIPLELINES,DR,TS ) values  ( '1001A11LCP000007JZUZ','1001A11LCP000007JZSS','行号','rowno','rowno',120,null,null,null,null,'N','N','Y',50,null,null,null,null,null,null,0,null,1,null,null,null,null,null,null,null,null,null,'N',null,'input',null,null,null,null,null,'N','8ac0927f-d8fe-4c7a-b892-ba25a16495d0','d15a27ac-71d8-4fee-a010-3c09684dc17a',null,null,null,null,null,null,null,null,null,null,null,null,null,null,null,null,null,null,null,null,null,null,null,null,null,null,null,null,null,0,null ) 
/

insert into PUB_FORM_PROPERTY ( PK_FORM_PROPERTY,AREAID,LABEL,CODE,METAPATH,WIDTH,REFCODE,ISNEXTROW,ISREVISE,ISTOTAL,REQUIRED,DISABLED,VISIBLE,MAXLENGTH,TEXTROWS,CREATOR,MODIFIER,CREATIONTIME,MODIFIEDTIME,RESID,POSITION,COLOR,DATATYPE,DATAVAL,SHOWFORMULA,EDITFORMULA,VALIDATEFORMULA,DEFAULTVAR,RELATEMETA,DEFINE1,DEFINE2,DEFINE3,ISMULTISELECTEDENABLED,METADATAPROPERTY,ITEMTYPE,REFNAME,METAID,ISCODE,COLNUM,DEFAULTVALUE,ISDEFINED,CLASSID,PROID,HYPERLINKFLAG,ONLYLEAFCANSELECT,MOBILETITLE,ISLOCK,ISRESLABEL,SHOWDATAVAL,SHOWFOCUS,ISSYNCSIDE,ISSYNCFOLD,ISSYNCLIST,ISDATAPOWERENABLE,ISCONVERTTIMEZONES,REFCONDITION,ISGROUPPOWER,EDITDISABLED,TABSKIP,ALIGNMENT,FROZEN,SHOWASRANGE,ANOTHERLINE,COLUMNNUM,ICONTYPE,COREINDEX,ISCOREDATA,ISHIGHLIGHT,ISBOLD,CONTENTCOLOR,REFENTER,MULTIPLELINES,DR,TS ) values  ( '1001A11LCP000007JZV0','1001A11LCP000007JZSS','主键','pk_testmdslave0','pk_testmdslave0',120,null,null,null,null,'Y','N','N',20,null,null,null,null,null,null,1,null,51,null,null,null,null,null,null,null,null,null,'N',null,'input',null,null,null,null,null,'N','8ac0927f-d8fe-4c7a-b892-ba25a16495d0','f8e84a0f-71c8-4fdf-8a0e-9f796f7f6e4a',null,null,null,null,null,null,null,null,null,null,null,null,null,null,null,null,null,null,null,null,null,null,null,null,null,null,null,null,null,0,null ) 
/

insert into PUB_FORM_PROPERTY ( PK_FORM_PROPERTY,AREAID,LABEL,CODE,METAPATH,WIDTH,REFCODE,ISNEXTROW,ISREVISE,ISTOTAL,REQUIRED,DISABLED,VISIBLE,MAXLENGTH,TEXTROWS,CREATOR,MODIFIER,CREATIONTIME,MODIFIEDTIME,RESID,POSITION,COLOR,DATATYPE,DATAVAL,SHOWFORMULA,EDITFORMULA,VALIDATEFORMULA,DEFAULTVAR,RELATEMETA,DEFINE1,DEFINE2,DEFINE3,ISMULTISELECTEDENABLED,METADATAPROPERTY,ITEMTYPE,REFNAME,METAID,ISCODE,COLNUM,DEFAULTVALUE,ISDEFINED,CLASSID,PROID,HYPERLINKFLAG,ONLYLEAFCANSELECT,MOBILETITLE,ISLOCK,ISRESLABEL,SHOWDATAVAL,SHOWFOCUS,ISSYNCSIDE,ISSYNCFOLD,ISSYNCLIST,ISDATAPOWERENABLE,ISCONVERTTIMEZONES,REFCONDITION,ISGROUPPOWER,EDITDISABLED,TABSKIP,ALIGNMENT,FROZEN,SHOWASRANGE,ANOTHERLINE,COLUMNNUM,ICONTYPE,COREINDEX,ISCOREDATA,ISHIGHLIGHT,ISBOLD,CONTENTCOLOR,REFENTER,MULTIPLELINES,DR,TS ) values  ( '1001A11LCP000007JZV1','1001A11LCP000007JZSS','来源行号','srcrowno','srcrowno',120,null,null,null,null,'N','N','N',50,null,null,null,null,null,null,2,null,1,null,null,null,null,null,null,null,null,null,'N',null,'input',null,null,null,null,null,'N','8ac0927f-d8fe-4c7a-b892-ba25a16495d0','d67ee7e6-d930-4246-a53e-bc47215275ff',null,null,null,null,null,null,null,null,null,null,null,null,null,null,null,null,null,null,null,null,null,null,null,null,null,null,null,null,null,0,null ) 
/

insert into PUB_FORM_PROPERTY ( PK_FORM_PROPERTY,AREAID,LABEL,CODE,METAPATH,WIDTH,REFCODE,ISNEXTROW,ISREVISE,ISTOTAL,REQUIRED,DISABLED,VISIBLE,MAXLENGTH,TEXTROWS,CREATOR,MODIFIER,CREATIONTIME,MODIFIEDTIME,RESID,POSITION,COLOR,DATATYPE,DATAVAL,SHOWFORMULA,EDITFORMULA,VALIDATEFORMULA,DEFAULTVAR,RELATEMETA,DEFINE1,DEFINE2,DEFINE3,ISMULTISELECTEDENABLED,METADATAPROPERTY,ITEMTYPE,REFNAME,METAID,ISCODE,COLNUM,DEFAULTVALUE,ISDEFINED,CLASSID,PROID,HYPERLINKFLAG,ONLYLEAFCANSELECT,MOBILETITLE,ISLOCK,ISRESLABEL,SHOWDATAVAL,SHOWFOCUS,ISSYNCSIDE,ISSYNCFOLD,ISSYNCLIST,ISDATAPOWERENABLE,ISCONVERTTIMEZONES,REFCONDITION,ISGROUPPOWER,EDITDISABLED,TABSKIP,ALIGNMENT,FROZEN,SHOWASRANGE,ANOTHERLINE,COLUMNNUM,ICONTYPE,COREINDEX,ISCOREDATA,ISHIGHLIGHT,ISBOLD,CONTENTCOLOR,REFENTER,MULTIPLELINES,DR,TS ) values  ( '1001A11LCP000007JZV2','1001A11LCP000007JZST','行号','rowno','rowno',120,null,null,null,null,'N','N','Y',50,null,null,null,null,null,null,0,null,1,null,null,null,null,null,null,null,null,null,'N',null,'input',null,null,null,null,null,'N','8ac0927f-d8fe-4c7a-b892-ba25a16495d0','d15a27ac-71d8-4fee-a010-3c09684dc17a',null,null,null,null,null,null,null,null,null,null,null,null,null,null,null,null,null,null,null,null,null,null,null,null,null,null,null,null,null,0,null ) 
/

insert into PUB_FORM_PROPERTY ( PK_FORM_PROPERTY,AREAID,LABEL,CODE,METAPATH,WIDTH,REFCODE,ISNEXTROW,ISREVISE,ISTOTAL,REQUIRED,DISABLED,VISIBLE,MAXLENGTH,TEXTROWS,CREATOR,MODIFIER,CREATIONTIME,MODIFIEDTIME,RESID,POSITION,COLOR,DATATYPE,DATAVAL,SHOWFORMULA,EDITFORMULA,VALIDATEFORMULA,DEFAULTVAR,RELATEMETA,DEFINE1,DEFINE2,DEFINE3,ISMULTISELECTEDENABLED,METADATAPROPERTY,ITEMTYPE,REFNAME,METAID,ISCODE,COLNUM,DEFAULTVALUE,ISDEFINED,CLASSID,PROID,HYPERLINKFLAG,ONLYLEAFCANSELECT,MOBILETITLE,ISLOCK,ISRESLABEL,SHOWDATAVAL,SHOWFOCUS,ISSYNCSIDE,ISSYNCFOLD,ISSYNCLIST,ISDATAPOWERENABLE,ISCONVERTTIMEZONES,REFCONDITION,ISGROUPPOWER,EDITDISABLED,TABSKIP,ALIGNMENT,FROZEN,SHOWASRANGE,ANOTHERLINE,COLUMNNUM,ICONTYPE,COREINDEX,ISCOREDATA,ISHIGHLIGHT,ISBOLD,CONTENTCOLOR,REFENTER,MULTIPLELINES,DR,TS ) values  ( '1001A11LCP000007JZV3','1001A11LCP000007JZST','主键','pk_testmdslave0','pk_testmdslave0',120,null,null,null,null,'Y','N','N',20,null,null,null,null,null,null,1,null,51,null,null,null,null,null,null,null,null,null,'N',null,'input',null,null,null,null,null,'N','8ac0927f-d8fe-4c7a-b892-ba25a16495d0','f8e84a0f-71c8-4fdf-8a0e-9f796f7f6e4a',null,null,null,null,null,null,null,null,null,null,null,null,null,null,null,null,null,null,null,null,null,null,null,null,null,null,null,null,null,0,null ) 
/

insert into PUB_FORM_PROPERTY ( PK_FORM_PROPERTY,AREAID,LABEL,CODE,METAPATH,WIDTH,REFCODE,ISNEXTROW,ISREVISE,ISTOTAL,REQUIRED,DISABLED,VISIBLE,MAXLENGTH,TEXTROWS,CREATOR,MODIFIER,CREATIONTIME,MODIFIEDTIME,RESID,POSITION,COLOR,DATATYPE,DATAVAL,SHOWFORMULA,EDITFORMULA,VALIDATEFORMULA,DEFAULTVAR,RELATEMETA,DEFINE1,DEFINE2,DEFINE3,ISMULTISELECTEDENABLED,METADATAPROPERTY,ITEMTYPE,REFNAME,METAID,ISCODE,COLNUM,DEFAULTVALUE,ISDEFINED,CLASSID,PROID,HYPERLINKFLAG,ONLYLEAFCANSELECT,MOBILETITLE,ISLOCK,ISRESLABEL,SHOWDATAVAL,SHOWFOCUS,ISSYNCSIDE,ISSYNCFOLD,ISSYNCLIST,ISDATAPOWERENABLE,ISCONVERTTIMEZONES,REFCONDITION,ISGROUPPOWER,EDITDISABLED,TABSKIP,ALIGNMENT,FROZEN,SHOWASRANGE,ANOTHERLINE,COLUMNNUM,ICONTYPE,COREINDEX,ISCOREDATA,ISHIGHLIGHT,ISBOLD,CONTENTCOLOR,REFENTER,MULTIPLELINES,DR,TS ) values  ( '1001A11LCP000007JZV4','1001A11LCP000007JZST','来源行号','srcrowno','srcrowno',120,null,null,null,null,'N','N','N',50,null,null,null,null,null,null,2,null,1,null,null,null,null,null,null,null,null,null,'N',null,'input',null,null,null,null,null,'N','8ac0927f-d8fe-4c7a-b892-ba25a16495d0','d67ee7e6-d930-4246-a53e-bc47215275ff',null,null,null,null,null,null,null,null,null,null,null,null,null,null,null,null,null,null,null,null,null,null,null,null,null,null,null,null,null,0,null ) 
/

insert into PUB_AREA ( PK_AREA,CODE,NAME,AREATYPE,ASSOCIATEDTABLAYOUT,TEMPLETID,CREATOR,MODIFIER,CREATIONTIME,MODIFIEDTIME,RESID,RELATIONCODE,AREASTATUS,PAGINATION,CLAZZ,METAID,METANAME,ASSOCIATEDTAB,POSITION,METASPACE,AREADESC,TABHEADCODE,ISUNFOLD,ISGRANDSON,AREAHIDE,ISCLOSEQUICKQUERY,PAGESIZE,MAINNESTAREACODE,COLUMNNUM,ICONTYPE,DR,TS ) values  ( '1001A11LCP000007JZSN','testmdMasterQuery','主实体_查询区',0,'horizontal','1001A11LCP000007JZSM',null,null,null,null,null,null,'browse','','nc.vo.testmd.testmd.TestmdMasterVO','c20d2227-2ecd-44d8-bc4f-f5fcafe82248','主实体',null,0,'testmd.testmdMaster',null,null,null,'N',null,null,null,null,null,null,0,'2023-06-25 10:25:05' ) 
/

insert into PUB_AREA ( PK_AREA,CODE,NAME,AREATYPE,ASSOCIATEDTABLAYOUT,TEMPLETID,CREATOR,MODIFIER,CREATIONTIME,MODIFIEDTIME,RESID,RELATIONCODE,AREASTATUS,PAGINATION,CLAZZ,METAID,METANAME,ASSOCIATEDTAB,POSITION,METASPACE,AREADESC,TABHEADCODE,ISUNFOLD,ISGRANDSON,AREAHIDE,ISCLOSEQUICKQUERY,PAGESIZE,MAINNESTAREACODE,COLUMNNUM,ICONTYPE,DR,TS ) values  ( '1001A11LCP000007JZSO','testmdMasterList','主实体',2,'horizontal','1001A11LCP000007JZSM',null,null,null,null,null,null,'browse','true','nc.vo.testmd.testmd.TestmdMasterVO','c20d2227-2ecd-44d8-bc4f-f5fcafe82248','主实体',null,1,'testmd.testmdMaster',null,null,null,'N',null,null,null,null,null,null,0,'2023-06-25 10:25:05' ) 
/

insert into PUB_AREA ( PK_AREA,CODE,NAME,AREATYPE,ASSOCIATEDTABLAYOUT,TEMPLETID,CREATOR,MODIFIER,CREATIONTIME,MODIFIEDTIME,RESID,RELATIONCODE,AREASTATUS,PAGINATION,CLAZZ,METAID,METANAME,ASSOCIATEDTAB,POSITION,METASPACE,AREADESC,TABHEADCODE,ISUNFOLD,ISGRANDSON,AREAHIDE,ISCLOSEQUICKQUERY,PAGESIZE,MAINNESTAREACODE,COLUMNNUM,ICONTYPE,DR,TS ) values  ( '1001A11LCP000007JZSP','testmdMasterForm','主实体_主表单',1,'horizontal','1001A11LCP000007JZSM',null,null,null,null,null,null,'browse','','nc.vo.testmd.testmd.TestmdMasterVO','c20d2227-2ecd-44d8-bc4f-f5fcafe82248','主实体',null,2,'testmd.testmdMaster',null,null,null,'N',null,null,null,null,null,null,0,'2023-06-25 10:25:05' ) 
/

insert into PUB_AREA ( PK_AREA,CODE,NAME,AREATYPE,ASSOCIATEDTABLAYOUT,TEMPLETID,CREATOR,MODIFIER,CREATIONTIME,MODIFIEDTIME,RESID,RELATIONCODE,AREASTATUS,PAGINATION,CLAZZ,METAID,METANAME,ASSOCIATEDTAB,POSITION,METASPACE,AREADESC,TABHEADCODE,ISUNFOLD,ISGRANDSON,AREAHIDE,ISCLOSEQUICKQUERY,PAGESIZE,MAINNESTAREACODE,COLUMNNUM,ICONTYPE,DR,TS ) values  ( '1001A11LCP000007JZSQ','testmdMasterAudit','操作信息',1,'horizontal','1001A11LCP000007JZSM',null,null,null,null,null,'testmdMasterForm','browse','','nc.vo.testmd.testmd.TestmdMasterVO','c20d2227-2ecd-44d8-bc4f-f5fcafe82248','主实体',null,3,'testmd.testmdMaster',null,null,null,'N',null,null,null,null,null,null,0,'2023-06-25 10:25:05' ) 
/

insert into PUB_AREA ( PK_AREA,CODE,NAME,AREATYPE,ASSOCIATEDTABLAYOUT,TEMPLETID,CREATOR,MODIFIER,CREATIONTIME,MODIFIEDTIME,RESID,RELATIONCODE,AREASTATUS,PAGINATION,CLAZZ,METAID,METANAME,ASSOCIATEDTAB,POSITION,METASPACE,AREADESC,TABHEADCODE,ISUNFOLD,ISGRANDSON,AREAHIDE,ISCLOSEQUICKQUERY,PAGESIZE,MAINNESTAREACODE,COLUMNNUM,ICONTYPE,DR,TS ) values  ( '1001A11LCP000007JZSR','testmdSlave0Sub','子实体0',2,'horizontal','1001A11LCP000007JZSM',null,null,null,null,null,null,'browse','','nc.vo.testmd.testmd.TestmdSlave0VO','8ac0927f-d8fe-4c7a-b892-ba25a16495d0','子实体0',null,4,'testmd.testmdSlave0',null,null,null,'N',null,null,null,null,null,null,0,'2023-06-25 10:25:05' ) 
/

insert into PUB_AREA ( PK_AREA,CODE,NAME,AREATYPE,ASSOCIATEDTABLAYOUT,TEMPLETID,CREATOR,MODIFIER,CREATIONTIME,MODIFIEDTIME,RESID,RELATIONCODE,AREASTATUS,PAGINATION,CLAZZ,METAID,METANAME,ASSOCIATEDTAB,POSITION,METASPACE,AREADESC,TABHEADCODE,ISUNFOLD,ISGRANDSON,AREAHIDE,ISCLOSEQUICKQUERY,PAGESIZE,MAINNESTAREACODE,COLUMNNUM,ICONTYPE,DR,TS ) values  ( '1001A11LCP000007JZSS','testmdSlave0Eside','子实体0',1,'horizontal','1001A11LCP000007JZSM',null,null,null,null,null,'testmdSlave0Sub','edit','','nc.vo.testmd.testmd.TestmdSlave0VO','8ac0927f-d8fe-4c7a-b892-ba25a16495d0','子实体0',null,5,'testmd.testmdSlave0',null,null,null,'N',null,null,null,null,null,null,0,'2023-06-25 10:25:05' ) 
/

insert into PUB_AREA ( PK_AREA,CODE,NAME,AREATYPE,ASSOCIATEDTABLAYOUT,TEMPLETID,CREATOR,MODIFIER,CREATIONTIME,MODIFIEDTIME,RESID,RELATIONCODE,AREASTATUS,PAGINATION,CLAZZ,METAID,METANAME,ASSOCIATEDTAB,POSITION,METASPACE,AREADESC,TABHEADCODE,ISUNFOLD,ISGRANDSON,AREAHIDE,ISCLOSEQUICKQUERY,PAGESIZE,MAINNESTAREACODE,COLUMNNUM,ICONTYPE,DR,TS ) values  ( '1001A11LCP000007JZST','testmdSlave0Ecard','子实体0',1,'horizontal','1001A11LCP000007JZSM',null,null,null,null,null,'testmdSlave0Sub','browse','','nc.vo.testmd.testmd.TestmdSlave0VO','8ac0927f-d8fe-4c7a-b892-ba25a16495d0','子实体0',null,6,'testmd.testmdSlave0',null,null,null,'N',null,null,null,null,null,null,0,'2023-06-25 10:25:05' ) 
/

insert into PUB_QUERY_PROPERTY ( SHOWTYPE,RETURNTYPE,DATATYPE,REFNAME,CONTAINLOWER,ISQUERYCONDITION,ISFIXEDCONDITION,ISBEYONDORG,ISNOTMETA,DEFINE1,DEFINE2,DEFINE3,DEFINE4,DEFINE5,ISMULTISELECTEDENABLED,REFCODE,METADATAPROPERTY,DATAVAL,ITEMTYPE,ISUSE,VISIBLEPOSITION,ISDEFINED,CLASSID,PROID,TABLECODE,QUERYTABLENAME,MOBILETITLE,ISRESLABEL,SHOWDATAVAL,SHOWFOCUS,ORGRIGHTS,REFCONDITION,ISCONVERTTIMEZONES,ISGROUPPOWER,SEMANTICSOURCE,NODELETE,ANOTHERLINE,COLUMNNUM,ISFORM,ISBACKFILL,ISDATAPOWERENABLE,DATAPOWEROPERATIONCODE,PK_QUERY_PROPERTY,ONLYLEAFCANSELECT,AREAID,LABEL,DEFAULTSHOW,CODE,METAPATH,WIDTH,VISIBLE,DISABLED,REQUIRED,ISCHECK,USEFUNC,MAXLENGTH,CREATOR,CREATIONTIME,RESID,POSITION,OPERSIGN,OPERSIGNNAME,DEFAULTVALUE,DR,TS ) values  ( 1,'refpk',204,'业务单元','Y','Y','N','N','N',null,null,null,null,null,'N','uapbd/refer/org/BusinessUnitTreeRef/index','uap.org.name','0001Z01000000001BVPU,code=N','refer','Y',null,'N','6d6d4a15-d9bb-4b0c-9da3-80760872bf87','6ada16d5-8788-42a3-983e-71e87755786b',null,null,null,null,null,null,null,null,null,null,null,null,null,null,null,null,null,null,'1001A11LCP000007JZY7',null,'1001A11LCP000007JZY4','申请组织','Y','pk_org','pk_org',120,'Y','N','N','N','N',20,null,null,'2custpf-000000',1,'=','等于@',null,0,null ) 
/

insert into PUB_QUERY_PROPERTY ( SHOWTYPE,RETURNTYPE,DATATYPE,REFNAME,CONTAINLOWER,ISQUERYCONDITION,ISFIXEDCONDITION,ISBEYONDORG,ISNOTMETA,DEFINE1,DEFINE2,DEFINE3,DEFINE4,DEFINE5,ISMULTISELECTEDENABLED,REFCODE,METADATAPROPERTY,DATAVAL,ITEMTYPE,ISUSE,VISIBLEPOSITION,ISDEFINED,CLASSID,PROID,TABLECODE,QUERYTABLENAME,MOBILETITLE,ISRESLABEL,SHOWDATAVAL,SHOWFOCUS,ORGRIGHTS,REFCONDITION,ISCONVERTTIMEZONES,ISGROUPPOWER,SEMANTICSOURCE,NODELETE,ANOTHERLINE,COLUMNNUM,ISFORM,ISBACKFILL,ISDATAPOWERENABLE,DATAPOWEROPERATIONCODE,PK_QUERY_PROPERTY,ONLYLEAFCANSELECT,AREAID,LABEL,DEFAULTSHOW,CODE,METAPATH,WIDTH,VISIBLE,DISABLED,REQUIRED,ISCHECK,USEFUNC,MAXLENGTH,CREATOR,CREATIONTIME,RESID,POSITION,OPERSIGN,OPERSIGNNAME,DEFAULTVALUE,DR,TS ) values  ( 1,'refpk',1,null,'N','Y','N','N','N',null,null,null,null,null,'N',null,null,null,'input','Y',null,'N','6d6d4a15-d9bb-4b0c-9da3-80760872bf87','b106f944-04b9-49c0-b398-adad29aeade2',null,null,null,null,null,null,null,null,null,null,null,null,null,null,null,null,null,null,'1001A11LCP000007JZY8',null,'1001A11LCP000007JZY4','单据号','Y','billnumber','billnumber',120,'Y','N','N','N','N',50,null,null,'2UC000-000186',2,'like@=@left like@right like@','包含@等于@左包含@右包含@',null,0,null ) 
/

insert into PUB_QUERY_PROPERTY ( SHOWTYPE,RETURNTYPE,DATATYPE,REFNAME,CONTAINLOWER,ISQUERYCONDITION,ISFIXEDCONDITION,ISBEYONDORG,ISNOTMETA,DEFINE1,DEFINE2,DEFINE3,DEFINE4,DEFINE5,ISMULTISELECTEDENABLED,REFCODE,METADATAPROPERTY,DATAVAL,ITEMTYPE,ISUSE,VISIBLEPOSITION,ISDEFINED,CLASSID,PROID,TABLECODE,QUERYTABLENAME,MOBILETITLE,ISRESLABEL,SHOWDATAVAL,SHOWFOCUS,ORGRIGHTS,REFCONDITION,ISCONVERTTIMEZONES,ISGROUPPOWER,SEMANTICSOURCE,NODELETE,ANOTHERLINE,COLUMNNUM,ISFORM,ISBACKFILL,ISDATAPOWERENABLE,DATAPOWEROPERATIONCODE,PK_QUERY_PROPERTY,ONLYLEAFCANSELECT,AREAID,LABEL,DEFAULTSHOW,CODE,METAPATH,WIDTH,VISIBLE,DISABLED,REQUIRED,ISCHECK,USEFUNC,MAXLENGTH,CREATOR,CREATIONTIME,RESID,POSITION,OPERSIGN,OPERSIGNNAME,DEFAULTVALUE,DR,TS ) values  ( 1,'refpk',204,'用户','Y','Y','N','N','N',null,null,null,null,null,'N','uap/refer/riart/userDefaultRefer/index','uap.user.user_name','0001Z01000000001BVPB,code=N','refer','Y',null,'N','6d6d4a15-d9bb-4b0c-9da3-80760872bf87','9f8f4019-0120-4be0-abc8-892729077a49',null,null,null,null,null,null,null,null,null,null,null,null,null,null,null,null,null,null,'1001A11LCP000007JZY9',null,'1001A11LCP000007JZY4','申请人','Y','proposer','proposer',120,'Y','N','N','N','N',20,null,null,'2UC000-000646',3,'=','等于@',null,0,null ) 
/

insert into PUB_QUERY_PROPERTY ( SHOWTYPE,RETURNTYPE,DATATYPE,REFNAME,CONTAINLOWER,ISQUERYCONDITION,ISFIXEDCONDITION,ISBEYONDORG,ISNOTMETA,DEFINE1,DEFINE2,DEFINE3,DEFINE4,DEFINE5,ISMULTISELECTEDENABLED,REFCODE,METADATAPROPERTY,DATAVAL,ITEMTYPE,ISUSE,VISIBLEPOSITION,ISDEFINED,CLASSID,PROID,TABLECODE,QUERYTABLENAME,MOBILETITLE,ISRESLABEL,SHOWDATAVAL,SHOWFOCUS,ORGRIGHTS,REFCONDITION,ISCONVERTTIMEZONES,ISGROUPPOWER,SEMANTICSOURCE,NODELETE,ANOTHERLINE,COLUMNNUM,ISFORM,ISBACKFILL,ISDATAPOWERENABLE,DATAPOWEROPERATIONCODE,PK_QUERY_PROPERTY,ONLYLEAFCANSELECT,AREAID,LABEL,DEFAULTSHOW,CODE,METAPATH,WIDTH,VISIBLE,DISABLED,REQUIRED,ISCHECK,USEFUNC,MAXLENGTH,CREATOR,CREATIONTIME,RESID,POSITION,OPERSIGN,OPERSIGNNAME,DEFAULTVALUE,DR,TS ) values  ( 1,'refpk',203,null,'N','Y','N','N','N',null,null,null,null,null,'N',null,null,'审批未通过=0,审批通过=1,审批进行中=2,提交=3,自由=-1','select','Y',null,'N','6d6d4a15-d9bb-4b0c-9da3-80760872bf87','52bd2156-b119-4f99-923c-ea718c5eed22',null,null,null,null,'审批未通过=0,审批通过=1,审批进行中=2,提交=3,自由=-1',null,null,null,null,null,null,null,null,null,null,null,null,null,'1001A11LCP000007JZYA',null,'1001A11LCP000007JZY4','审批状态','Y','approvestate','approvestate',120,'Y','N','N','N','N',0,null,null,'2UC000-000276',4,'=@<>@','等于@不等于@',null,0,null ) 
/

insert into PUB_QUERY_PROPERTY ( SHOWTYPE,RETURNTYPE,DATATYPE,REFNAME,CONTAINLOWER,ISQUERYCONDITION,ISFIXEDCONDITION,ISBEYONDORG,ISNOTMETA,DEFINE1,DEFINE2,DEFINE3,DEFINE4,DEFINE5,ISMULTISELECTEDENABLED,REFCODE,METADATAPROPERTY,DATAVAL,ITEMTYPE,ISUSE,VISIBLEPOSITION,ISDEFINED,CLASSID,PROID,TABLECODE,QUERYTABLENAME,MOBILETITLE,ISRESLABEL,SHOWDATAVAL,SHOWFOCUS,ORGRIGHTS,REFCONDITION,ISCONVERTTIMEZONES,ISGROUPPOWER,SEMANTICSOURCE,NODELETE,ANOTHERLINE,COLUMNNUM,ISFORM,ISBACKFILL,ISDATAPOWERENABLE,DATAPOWEROPERATIONCODE,PK_QUERY_PROPERTY,ONLYLEAFCANSELECT,AREAID,LABEL,DEFAULTSHOW,CODE,METAPATH,WIDTH,VISIBLE,DISABLED,REQUIRED,ISCHECK,USEFUNC,MAXLENGTH,CREATOR,CREATIONTIME,RESID,POSITION,OPERSIGN,OPERSIGNNAME,DEFAULTVALUE,DR,TS ) values  ( 1,'refpk',34,null,'N','Y','N','N','N',null,null,null,null,null,'N',null,null,null,'datetimepicker','Y',null,'N','6d6d4a15-d9bb-4b0c-9da3-80760872bf87','781d60b4-043f-45f8-9dcb-04fa907da05d',null,null,null,null,null,null,null,null,null,null,null,null,null,null,null,null,null,null,'1001A11LCP000007JZYB',null,'1001A11LCP000007JZY4','创建时间','Y','creationtime','creationtime',120,'N','N','N','N','Y',19,null,null,'2UC000-000157',1,'between@=@>@>=@<@<=@','介于@等于@大于@大于等于@小于@小于等于@',null,0,null ) 
/

insert into PUB_QUERY_PROPERTY ( SHOWTYPE,RETURNTYPE,DATATYPE,REFNAME,CONTAINLOWER,ISQUERYCONDITION,ISFIXEDCONDITION,ISBEYONDORG,ISNOTMETA,DEFINE1,DEFINE2,DEFINE3,DEFINE4,DEFINE5,ISMULTISELECTEDENABLED,REFCODE,METADATAPROPERTY,DATAVAL,ITEMTYPE,ISUSE,VISIBLEPOSITION,ISDEFINED,CLASSID,PROID,TABLECODE,QUERYTABLENAME,MOBILETITLE,ISRESLABEL,SHOWDATAVAL,SHOWFOCUS,ORGRIGHTS,REFCONDITION,ISCONVERTTIMEZONES,ISGROUPPOWER,SEMANTICSOURCE,NODELETE,ANOTHERLINE,COLUMNNUM,ISFORM,ISBACKFILL,ISDATAPOWERENABLE,DATAPOWEROPERATIONCODE,PK_QUERY_PROPERTY,ONLYLEAFCANSELECT,AREAID,LABEL,DEFAULTSHOW,CODE,METAPATH,WIDTH,VISIBLE,DISABLED,REQUIRED,ISCHECK,USEFUNC,MAXLENGTH,CREATOR,CREATIONTIME,RESID,POSITION,OPERSIGN,OPERSIGNNAME,DEFAULTVALUE,DR,TS ) values  ( 1,'refpk',204,'用户','Y','Y','N','N','N',null,null,null,null,null,'N','uap/refer/riart/userDefaultRefer/index','uap.user.user_name','0001Z01000000001BVPB,code=N','refer','Y',null,'N','6d6d4a15-d9bb-4b0c-9da3-80760872bf87','b7d19b34-82f2-471f-838d-00e4fe0e021e',null,null,null,null,null,null,null,null,null,null,null,null,null,null,null,null,null,null,'1001A11LCP000007JZYC',null,'1001A11LCP000007JZY4','最后修改人','Y','modifier','modifier',120,'N','N','N','N','N',20,null,null,'2UC000-000490',2,'=','等于@',null,0,null ) 
/

insert into PUB_QUERY_PROPERTY ( SHOWTYPE,RETURNTYPE,DATATYPE,REFNAME,CONTAINLOWER,ISQUERYCONDITION,ISFIXEDCONDITION,ISBEYONDORG,ISNOTMETA,DEFINE1,DEFINE2,DEFINE3,DEFINE4,DEFINE5,ISMULTISELECTEDENABLED,REFCODE,METADATAPROPERTY,DATAVAL,ITEMTYPE,ISUSE,VISIBLEPOSITION,ISDEFINED,CLASSID,PROID,TABLECODE,QUERYTABLENAME,MOBILETITLE,ISRESLABEL,SHOWDATAVAL,SHOWFOCUS,ORGRIGHTS,REFCONDITION,ISCONVERTTIMEZONES,ISGROUPPOWER,SEMANTICSOURCE,NODELETE,ANOTHERLINE,COLUMNNUM,ISFORM,ISBACKFILL,ISDATAPOWERENABLE,DATAPOWEROPERATIONCODE,PK_QUERY_PROPERTY,ONLYLEAFCANSELECT,AREAID,LABEL,DEFAULTSHOW,CODE,METAPATH,WIDTH,VISIBLE,DISABLED,REQUIRED,ISCHECK,USEFUNC,MAXLENGTH,CREATOR,CREATIONTIME,RESID,POSITION,OPERSIGN,OPERSIGNNAME,DEFAULTVALUE,DR,TS ) values  ( 1,'refpk',34,null,'N','Y','N','N','N',null,null,null,null,null,'N',null,null,null,'datetimepicker','Y',null,'N','6d6d4a15-d9bb-4b0c-9da3-80760872bf87','7b760543-0f30-40bc-a679-85240ff9be81',null,null,null,null,null,null,null,null,null,null,null,null,null,null,null,null,null,null,'1001A11LCP000007JZYD',null,'1001A11LCP000007JZY4','最后修改时间','Y','modifiedtime','modifiedtime',120,'N','N','N','N','Y',19,null,null,'2UC000-000491',3,'between@=@>@>=@<@<=@','介于@等于@大于@大于等于@小于@小于等于@',null,0,null ) 
/

insert into PUB_QUERY_PROPERTY ( SHOWTYPE,RETURNTYPE,DATATYPE,REFNAME,CONTAINLOWER,ISQUERYCONDITION,ISFIXEDCONDITION,ISBEYONDORG,ISNOTMETA,DEFINE1,DEFINE2,DEFINE3,DEFINE4,DEFINE5,ISMULTISELECTEDENABLED,REFCODE,METADATAPROPERTY,DATAVAL,ITEMTYPE,ISUSE,VISIBLEPOSITION,ISDEFINED,CLASSID,PROID,TABLECODE,QUERYTABLENAME,MOBILETITLE,ISRESLABEL,SHOWDATAVAL,SHOWFOCUS,ORGRIGHTS,REFCONDITION,ISCONVERTTIMEZONES,ISGROUPPOWER,SEMANTICSOURCE,NODELETE,ANOTHERLINE,COLUMNNUM,ISFORM,ISBACKFILL,ISDATAPOWERENABLE,DATAPOWEROPERATIONCODE,PK_QUERY_PROPERTY,ONLYLEAFCANSELECT,AREAID,LABEL,DEFAULTSHOW,CODE,METAPATH,WIDTH,VISIBLE,DISABLED,REQUIRED,ISCHECK,USEFUNC,MAXLENGTH,CREATOR,CREATIONTIME,RESID,POSITION,OPERSIGN,OPERSIGNNAME,DEFAULTVALUE,DR,TS ) values  ( 1,'refpk',30,null,'N','Y','N','N','N',null,null,null,null,null,'N',null,null,null,'textarea','Y',null,'N','6d6d4a15-d9bb-4b0c-9da3-80760872bf87','a3112a3f-f938-4d90-bbee-275f66bf13b3',null,null,null,null,null,null,null,null,null,null,null,null,null,null,null,null,null,null,'1001A11LCP000007JZYE',null,'1001A11LCP000007JZY4','备注','Y','remark','remark',120,'N','N','N','N','N',1024,null,null,'2UC000-000258',4,'=@','等于@',null,0,null ) 
/

insert into PUB_QUERY_PROPERTY ( SHOWTYPE,RETURNTYPE,DATATYPE,REFNAME,CONTAINLOWER,ISQUERYCONDITION,ISFIXEDCONDITION,ISBEYONDORG,ISNOTMETA,DEFINE1,DEFINE2,DEFINE3,DEFINE4,DEFINE5,ISMULTISELECTEDENABLED,REFCODE,METADATAPROPERTY,DATAVAL,ITEMTYPE,ISUSE,VISIBLEPOSITION,ISDEFINED,CLASSID,PROID,TABLECODE,QUERYTABLENAME,MOBILETITLE,ISRESLABEL,SHOWDATAVAL,SHOWFOCUS,ORGRIGHTS,REFCONDITION,ISCONVERTTIMEZONES,ISGROUPPOWER,SEMANTICSOURCE,NODELETE,ANOTHERLINE,COLUMNNUM,ISFORM,ISBACKFILL,ISDATAPOWERENABLE,DATAPOWEROPERATIONCODE,PK_QUERY_PROPERTY,ONLYLEAFCANSELECT,AREAID,LABEL,DEFAULTSHOW,CODE,METAPATH,WIDTH,VISIBLE,DISABLED,REQUIRED,ISCHECK,USEFUNC,MAXLENGTH,CREATOR,CREATIONTIME,RESID,POSITION,OPERSIGN,OPERSIGNNAME,DEFAULTVALUE,DR,TS ) values  ( 1,'refpk',204,'客户档案','Y','Y','N','N','N',null,null,null,null,null,'N','uapbd/refer/customer/CustomerDefaultTreeGridRef/index','uap.customer.name','0001Z01000000001BVPK,code=N','refer','Y',null,'N','6d6d4a15-d9bb-4b0c-9da3-80760872bf87','acbcea80-e489-42e7-ad62-2e0d48b4a13f',null,null,null,null,null,null,null,null,null,null,null,null,null,null,null,null,null,null,'1001A11LCP000007JZYF',null,'1001A11LCP000007JZY4','修改客户','Y','update_cust','update_cust',120,'N','N','N','N','N',20,null,null,null,5,'=','等于@',null,0,null ) 
/

insert into PUB_QUERY_PROPERTY ( SHOWTYPE,RETURNTYPE,DATATYPE,REFNAME,CONTAINLOWER,ISQUERYCONDITION,ISFIXEDCONDITION,ISBEYONDORG,ISNOTMETA,DEFINE1,DEFINE2,DEFINE3,DEFINE4,DEFINE5,ISMULTISELECTEDENABLED,REFCODE,METADATAPROPERTY,DATAVAL,ITEMTYPE,ISUSE,VISIBLEPOSITION,ISDEFINED,CLASSID,PROID,TABLECODE,QUERYTABLENAME,MOBILETITLE,ISRESLABEL,SHOWDATAVAL,SHOWFOCUS,ORGRIGHTS,REFCONDITION,ISCONVERTTIMEZONES,ISGROUPPOWER,SEMANTICSOURCE,NODELETE,ANOTHERLINE,COLUMNNUM,ISFORM,ISBACKFILL,ISDATAPOWERENABLE,DATAPOWEROPERATIONCODE,PK_QUERY_PROPERTY,ONLYLEAFCANSELECT,AREAID,LABEL,DEFAULTSHOW,CODE,METAPATH,WIDTH,VISIBLE,DISABLED,REQUIRED,ISCHECK,USEFUNC,MAXLENGTH,CREATOR,CREATIONTIME,RESID,POSITION,OPERSIGN,OPERSIGNNAME,DEFAULTVALUE,DR,TS ) values  ( 1,'refpk',203,null,'N','Y','N','N','N',null,null,null,null,null,'N',null,null,'新增=1,修改=2,启用=3,停用=4,创建新版本=5','select','Y',null,'N','6d6d4a15-d9bb-4b0c-9da3-80760872bf87','d1144c5c-e5b4-4332-b4db-4e59378674b6',null,null,null,null,'新增=1,修改=2,启用=3,停用=4,创建新版本=5',null,null,null,null,null,null,null,null,null,null,null,null,null,'1001A11LCP000007JZYG',null,'1001A11LCP000007JZY4','申请类型','Y','apply_type','apply_type',120,'N','N','N','N','N',0,null,null,null,6,'=@<>@','等于@不等于@',null,0,null ) 
/

insert into PUB_QUERY_PROPERTY ( SHOWTYPE,RETURNTYPE,DATATYPE,REFNAME,CONTAINLOWER,ISQUERYCONDITION,ISFIXEDCONDITION,ISBEYONDORG,ISNOTMETA,DEFINE1,DEFINE2,DEFINE3,DEFINE4,DEFINE5,ISMULTISELECTEDENABLED,REFCODE,METADATAPROPERTY,DATAVAL,ITEMTYPE,ISUSE,VISIBLEPOSITION,ISDEFINED,CLASSID,PROID,TABLECODE,QUERYTABLENAME,MOBILETITLE,ISRESLABEL,SHOWDATAVAL,SHOWFOCUS,ORGRIGHTS,REFCONDITION,ISCONVERTTIMEZONES,ISGROUPPOWER,SEMANTICSOURCE,NODELETE,ANOTHERLINE,COLUMNNUM,ISFORM,ISBACKFILL,ISDATAPOWERENABLE,DATAPOWEROPERATIONCODE,PK_QUERY_PROPERTY,ONLYLEAFCANSELECT,AREAID,LABEL,DEFAULTSHOW,CODE,METAPATH,WIDTH,VISIBLE,DISABLED,REQUIRED,ISCHECK,USEFUNC,MAXLENGTH,CREATOR,CREATIONTIME,RESID,POSITION,OPERSIGN,OPERSIGNNAME,DEFAULTVALUE,DR,TS ) values  ( 1,'refpk',204,'交易类型','Y','Y','N','N','N',null,null,null,null,null,'N','uap/refer/riart/transtype/index','riart.transtype.billtypename','0001Z0100BILLTYPEZJJ,code=N','refer','Y',null,'N','6d6d4a15-d9bb-4b0c-9da3-80760872bf87','08e0fd79-87e7-4dfa-96f3-690d53d2c7d1',null,null,null,null,null,null,null,null,null,null,null,null,null,null,null,null,null,null,'1001A11LCP000007JZYH',null,'1001A11LCP000007JZY4','交易类型','Y','pk_transtype','pk_transtype',120,'N','N','N','N','N',20,null,null,null,7,'=','等于@',null,0,null ) 
/

insert into PUB_QUERY_PROPERTY ( SHOWTYPE,RETURNTYPE,DATATYPE,REFNAME,CONTAINLOWER,ISQUERYCONDITION,ISFIXEDCONDITION,ISBEYONDORG,ISNOTMETA,DEFINE1,DEFINE2,DEFINE3,DEFINE4,DEFINE5,ISMULTISELECTEDENABLED,REFCODE,METADATAPROPERTY,DATAVAL,ITEMTYPE,ISUSE,VISIBLEPOSITION,ISDEFINED,CLASSID,PROID,TABLECODE,QUERYTABLENAME,MOBILETITLE,ISRESLABEL,SHOWDATAVAL,SHOWFOCUS,ORGRIGHTS,REFCONDITION,ISCONVERTTIMEZONES,ISGROUPPOWER,SEMANTICSOURCE,NODELETE,ANOTHERLINE,COLUMNNUM,ISFORM,ISBACKFILL,ISDATAPOWERENABLE,DATAPOWEROPERATIONCODE,PK_QUERY_PROPERTY,ONLYLEAFCANSELECT,AREAID,LABEL,DEFAULTSHOW,CODE,METAPATH,WIDTH,VISIBLE,DISABLED,REQUIRED,ISCHECK,USEFUNC,MAXLENGTH,CREATOR,CREATIONTIME,RESID,POSITION,OPERSIGN,OPERSIGNNAME,DEFAULTVALUE,DR,TS ) values  ( 1,'refpk',56,null,'N','Y','N','N','N',null,null,null,null,null,'N',null,null,null,'input','Y',null,'Y','6d6d4a15-d9bb-4b0c-9da3-80760872bf87','a2d3d81b-b9a0-40e4-b443-42c3709e49d6',null,null,null,null,null,null,null,null,null,null,null,null,null,null,null,null,null,null,'1001A11LCP000007JZYI',null,'1001A11LCP000007JZY4','自定义项1','Y','def1','def1',120,'N','N','N','N','N',101,null,null,'2UC000-000749',8,'=@like@left like@right like@','等于@包含@左包含@右包含@',null,0,null ) 
/

insert into PUB_QUERY_PROPERTY ( SHOWTYPE,RETURNTYPE,DATATYPE,REFNAME,CONTAINLOWER,ISQUERYCONDITION,ISFIXEDCONDITION,ISBEYONDORG,ISNOTMETA,DEFINE1,DEFINE2,DEFINE3,DEFINE4,DEFINE5,ISMULTISELECTEDENABLED,REFCODE,METADATAPROPERTY,DATAVAL,ITEMTYPE,ISUSE,VISIBLEPOSITION,ISDEFINED,CLASSID,PROID,TABLECODE,QUERYTABLENAME,MOBILETITLE,ISRESLABEL,SHOWDATAVAL,SHOWFOCUS,ORGRIGHTS,REFCONDITION,ISCONVERTTIMEZONES,ISGROUPPOWER,SEMANTICSOURCE,NODELETE,ANOTHERLINE,COLUMNNUM,ISFORM,ISBACKFILL,ISDATAPOWERENABLE,DATAPOWEROPERATIONCODE,PK_QUERY_PROPERTY,ONLYLEAFCANSELECT,AREAID,LABEL,DEFAULTSHOW,CODE,METAPATH,WIDTH,VISIBLE,DISABLED,REQUIRED,ISCHECK,USEFUNC,MAXLENGTH,CREATOR,CREATIONTIME,RESID,POSITION,OPERSIGN,OPERSIGNNAME,DEFAULTVALUE,DR,TS ) values  ( 1,'refpk',56,null,'N','Y','N','N','N',null,null,null,null,null,'N',null,null,null,'input','Y',null,'Y','6d6d4a15-d9bb-4b0c-9da3-80760872bf87','c9376c31-bd53-4c4a-bed0-f91463def15e',null,null,null,null,null,null,null,null,null,null,null,null,null,null,null,null,null,null,'1001A11LCP000007JZYJ',null,'1001A11LCP000007JZY4','自定义项2','Y','def2','def2',120,'N','N','N','N','N',101,null,null,'2UC000-000760',9,'=@like@left like@right like@','等于@包含@左包含@右包含@',null,0,null ) 
/

insert into PUB_QUERY_PROPERTY ( SHOWTYPE,RETURNTYPE,DATATYPE,REFNAME,CONTAINLOWER,ISQUERYCONDITION,ISFIXEDCONDITION,ISBEYONDORG,ISNOTMETA,DEFINE1,DEFINE2,DEFINE3,DEFINE4,DEFINE5,ISMULTISELECTEDENABLED,REFCODE,METADATAPROPERTY,DATAVAL,ITEMTYPE,ISUSE,VISIBLEPOSITION,ISDEFINED,CLASSID,PROID,TABLECODE,QUERYTABLENAME,MOBILETITLE,ISRESLABEL,SHOWDATAVAL,SHOWFOCUS,ORGRIGHTS,REFCONDITION,ISCONVERTTIMEZONES,ISGROUPPOWER,SEMANTICSOURCE,NODELETE,ANOTHERLINE,COLUMNNUM,ISFORM,ISBACKFILL,ISDATAPOWERENABLE,DATAPOWEROPERATIONCODE,PK_QUERY_PROPERTY,ONLYLEAFCANSELECT,AREAID,LABEL,DEFAULTSHOW,CODE,METAPATH,WIDTH,VISIBLE,DISABLED,REQUIRED,ISCHECK,USEFUNC,MAXLENGTH,CREATOR,CREATIONTIME,RESID,POSITION,OPERSIGN,OPERSIGNNAME,DEFAULTVALUE,DR,TS ) values  ( 1,'refpk',56,null,'N','Y','N','N','N',null,null,null,null,null,'N',null,null,null,'input','Y',null,'Y','6d6d4a15-d9bb-4b0c-9da3-80760872bf87','a738161e-d272-40f5-86bc-e4861270475e',null,null,null,null,null,null,null,null,null,null,null,null,null,null,null,null,null,null,'1001A11LCP000007JZYK',null,'1001A11LCP000007JZY4','自定义项3','Y','def3','def3',120,'N','N','N','N','N',101,null,null,'2UC000-000771',10,'=@like@left like@right like@','等于@包含@左包含@右包含@',null,0,null ) 
/

insert into PUB_QUERY_PROPERTY ( SHOWTYPE,RETURNTYPE,DATATYPE,REFNAME,CONTAINLOWER,ISQUERYCONDITION,ISFIXEDCONDITION,ISBEYONDORG,ISNOTMETA,DEFINE1,DEFINE2,DEFINE3,DEFINE4,DEFINE5,ISMULTISELECTEDENABLED,REFCODE,METADATAPROPERTY,DATAVAL,ITEMTYPE,ISUSE,VISIBLEPOSITION,ISDEFINED,CLASSID,PROID,TABLECODE,QUERYTABLENAME,MOBILETITLE,ISRESLABEL,SHOWDATAVAL,SHOWFOCUS,ORGRIGHTS,REFCONDITION,ISCONVERTTIMEZONES,ISGROUPPOWER,SEMANTICSOURCE,NODELETE,ANOTHERLINE,COLUMNNUM,ISFORM,ISBACKFILL,ISDATAPOWERENABLE,DATAPOWEROPERATIONCODE,PK_QUERY_PROPERTY,ONLYLEAFCANSELECT,AREAID,LABEL,DEFAULTSHOW,CODE,METAPATH,WIDTH,VISIBLE,DISABLED,REQUIRED,ISCHECK,USEFUNC,MAXLENGTH,CREATOR,CREATIONTIME,RESID,POSITION,OPERSIGN,OPERSIGNNAME,DEFAULTVALUE,DR,TS ) values  ( 1,'refpk',56,null,'N','Y','N','N','N',null,null,null,null,null,'N',null,null,null,'input','Y',null,'Y','6d6d4a15-d9bb-4b0c-9da3-80760872bf87','bc46758b-4581-4c02-8c37-605916d86f9e',null,null,null,null,null,null,null,null,null,null,null,null,null,null,null,null,null,null,'1001A11LCP000007JZYL',null,'1001A11LCP000007JZY4','自定义项4','Y','def4','def4',120,'N','N','N','N','N',101,null,null,'2UC000-000782',11,'=@like@left like@right like@','等于@包含@左包含@右包含@',null,0,null ) 
/

insert into PUB_QUERY_PROPERTY ( SHOWTYPE,RETURNTYPE,DATATYPE,REFNAME,CONTAINLOWER,ISQUERYCONDITION,ISFIXEDCONDITION,ISBEYONDORG,ISNOTMETA,DEFINE1,DEFINE2,DEFINE3,DEFINE4,DEFINE5,ISMULTISELECTEDENABLED,REFCODE,METADATAPROPERTY,DATAVAL,ITEMTYPE,ISUSE,VISIBLEPOSITION,ISDEFINED,CLASSID,PROID,TABLECODE,QUERYTABLENAME,MOBILETITLE,ISRESLABEL,SHOWDATAVAL,SHOWFOCUS,ORGRIGHTS,REFCONDITION,ISCONVERTTIMEZONES,ISGROUPPOWER,SEMANTICSOURCE,NODELETE,ANOTHERLINE,COLUMNNUM,ISFORM,ISBACKFILL,ISDATAPOWERENABLE,DATAPOWEROPERATIONCODE,PK_QUERY_PROPERTY,ONLYLEAFCANSELECT,AREAID,LABEL,DEFAULTSHOW,CODE,METAPATH,WIDTH,VISIBLE,DISABLED,REQUIRED,ISCHECK,USEFUNC,MAXLENGTH,CREATOR,CREATIONTIME,RESID,POSITION,OPERSIGN,OPERSIGNNAME,DEFAULTVALUE,DR,TS ) values  ( 1,'refpk',56,null,'N','Y','N','N','N',null,null,null,null,null,'N',null,null,null,'input','Y',null,'Y','6d6d4a15-d9bb-4b0c-9da3-80760872bf87','84591656-4464-4b1b-bf96-3cfd8fe87b51',null,null,null,null,null,null,null,null,null,null,null,null,null,null,null,null,null,null,'1001A11LCP000007JZYM',null,'1001A11LCP000007JZY4','自定义项5','Y','def5','def5',120,'N','N','N','N','N',101,null,null,'2UC000-000784',12,'=@like@left like@right like@','等于@包含@左包含@右包含@',null,0,null ) 
/

insert into PUB_QUERY_PROPERTY ( SHOWTYPE,RETURNTYPE,DATATYPE,REFNAME,CONTAINLOWER,ISQUERYCONDITION,ISFIXEDCONDITION,ISBEYONDORG,ISNOTMETA,DEFINE1,DEFINE2,DEFINE3,DEFINE4,DEFINE5,ISMULTISELECTEDENABLED,REFCODE,METADATAPROPERTY,DATAVAL,ITEMTYPE,ISUSE,VISIBLEPOSITION,ISDEFINED,CLASSID,PROID,TABLECODE,QUERYTABLENAME,MOBILETITLE,ISRESLABEL,SHOWDATAVAL,SHOWFOCUS,ORGRIGHTS,REFCONDITION,ISCONVERTTIMEZONES,ISGROUPPOWER,SEMANTICSOURCE,NODELETE,ANOTHERLINE,COLUMNNUM,ISFORM,ISBACKFILL,ISDATAPOWERENABLE,DATAPOWEROPERATIONCODE,PK_QUERY_PROPERTY,ONLYLEAFCANSELECT,AREAID,LABEL,DEFAULTSHOW,CODE,METAPATH,WIDTH,VISIBLE,DISABLED,REQUIRED,ISCHECK,USEFUNC,MAXLENGTH,CREATOR,CREATIONTIME,RESID,POSITION,OPERSIGN,OPERSIGNNAME,DEFAULTVALUE,DR,TS ) values  ( 1,'refpk',56,null,'N','Y','N','N','N',null,null,null,null,null,'N',null,null,null,'input','Y',null,'Y','6d6d4a15-d9bb-4b0c-9da3-80760872bf87','ad14d379-26ab-4f74-be8b-a52605a93595',null,null,null,null,null,null,null,null,null,null,null,null,null,null,null,null,null,null,'1001A11LCP000007JZYN',null,'1001A11LCP000007JZY4','自定义项6','Y','def6','def6',120,'N','N','N','N','N',101,null,null,'2UC000-000785',13,'=@like@left like@right like@','等于@包含@左包含@右包含@',null,0,null ) 
/

insert into PUB_QUERY_PROPERTY ( SHOWTYPE,RETURNTYPE,DATATYPE,REFNAME,CONTAINLOWER,ISQUERYCONDITION,ISFIXEDCONDITION,ISBEYONDORG,ISNOTMETA,DEFINE1,DEFINE2,DEFINE3,DEFINE4,DEFINE5,ISMULTISELECTEDENABLED,REFCODE,METADATAPROPERTY,DATAVAL,ITEMTYPE,ISUSE,VISIBLEPOSITION,ISDEFINED,CLASSID,PROID,TABLECODE,QUERYTABLENAME,MOBILETITLE,ISRESLABEL,SHOWDATAVAL,SHOWFOCUS,ORGRIGHTS,REFCONDITION,ISCONVERTTIMEZONES,ISGROUPPOWER,SEMANTICSOURCE,NODELETE,ANOTHERLINE,COLUMNNUM,ISFORM,ISBACKFILL,ISDATAPOWERENABLE,DATAPOWEROPERATIONCODE,PK_QUERY_PROPERTY,ONLYLEAFCANSELECT,AREAID,LABEL,DEFAULTSHOW,CODE,METAPATH,WIDTH,VISIBLE,DISABLED,REQUIRED,ISCHECK,USEFUNC,MAXLENGTH,CREATOR,CREATIONTIME,RESID,POSITION,OPERSIGN,OPERSIGNNAME,DEFAULTVALUE,DR,TS ) values  ( 1,'refpk',56,null,'N','Y','N','N','N',null,null,null,null,null,'N',null,null,null,'input','Y',null,'Y','6d6d4a15-d9bb-4b0c-9da3-80760872bf87','2cb03bce-514b-4ac8-8d06-e79a290a309c',null,null,null,null,null,null,null,null,null,null,null,null,null,null,null,null,null,null,'1001A11LCP000007JZYO',null,'1001A11LCP000007JZY4','自定义项7','Y','def7','def7',120,'N','N','N','N','N',101,null,null,'2UC000-000786',14,'=@like@left like@right like@','等于@包含@左包含@右包含@',null,0,null ) 
/

insert into PUB_QUERY_PROPERTY ( SHOWTYPE,RETURNTYPE,DATATYPE,REFNAME,CONTAINLOWER,ISQUERYCONDITION,ISFIXEDCONDITION,ISBEYONDORG,ISNOTMETA,DEFINE1,DEFINE2,DEFINE3,DEFINE4,DEFINE5,ISMULTISELECTEDENABLED,REFCODE,METADATAPROPERTY,DATAVAL,ITEMTYPE,ISUSE,VISIBLEPOSITION,ISDEFINED,CLASSID,PROID,TABLECODE,QUERYTABLENAME,MOBILETITLE,ISRESLABEL,SHOWDATAVAL,SHOWFOCUS,ORGRIGHTS,REFCONDITION,ISCONVERTTIMEZONES,ISGROUPPOWER,SEMANTICSOURCE,NODELETE,ANOTHERLINE,COLUMNNUM,ISFORM,ISBACKFILL,ISDATAPOWERENABLE,DATAPOWEROPERATIONCODE,PK_QUERY_PROPERTY,ONLYLEAFCANSELECT,AREAID,LABEL,DEFAULTSHOW,CODE,METAPATH,WIDTH,VISIBLE,DISABLED,REQUIRED,ISCHECK,USEFUNC,MAXLENGTH,CREATOR,CREATIONTIME,RESID,POSITION,OPERSIGN,OPERSIGNNAME,DEFAULTVALUE,DR,TS ) values  ( 1,'refpk',56,null,'N','Y','N','N','N',null,null,null,null,null,'N',null,null,null,'input','Y',null,'Y','6d6d4a15-d9bb-4b0c-9da3-80760872bf87','37bc7d32-6564-4630-82f3-58d5f4956b3c',null,null,null,null,null,null,null,null,null,null,null,null,null,null,null,null,null,null,'1001A11LCP000007JZYP',null,'1001A11LCP000007JZY4','自定义项8','Y','def8','def8',120,'N','N','N','N','N',101,null,null,'2UC000-000787',15,'=@like@left like@right like@','等于@包含@左包含@右包含@',null,0,null ) 
/

insert into PUB_QUERY_PROPERTY ( SHOWTYPE,RETURNTYPE,DATATYPE,REFNAME,CONTAINLOWER,ISQUERYCONDITION,ISFIXEDCONDITION,ISBEYONDORG,ISNOTMETA,DEFINE1,DEFINE2,DEFINE3,DEFINE4,DEFINE5,ISMULTISELECTEDENABLED,REFCODE,METADATAPROPERTY,DATAVAL,ITEMTYPE,ISUSE,VISIBLEPOSITION,ISDEFINED,CLASSID,PROID,TABLECODE,QUERYTABLENAME,MOBILETITLE,ISRESLABEL,SHOWDATAVAL,SHOWFOCUS,ORGRIGHTS,REFCONDITION,ISCONVERTTIMEZONES,ISGROUPPOWER,SEMANTICSOURCE,NODELETE,ANOTHERLINE,COLUMNNUM,ISFORM,ISBACKFILL,ISDATAPOWERENABLE,DATAPOWEROPERATIONCODE,PK_QUERY_PROPERTY,ONLYLEAFCANSELECT,AREAID,LABEL,DEFAULTSHOW,CODE,METAPATH,WIDTH,VISIBLE,DISABLED,REQUIRED,ISCHECK,USEFUNC,MAXLENGTH,CREATOR,CREATIONTIME,RESID,POSITION,OPERSIGN,OPERSIGNNAME,DEFAULTVALUE,DR,TS ) values  ( 1,'refpk',56,null,'N','Y','N','N','N',null,null,null,null,null,'N',null,null,null,'input','Y',null,'Y','6d6d4a15-d9bb-4b0c-9da3-80760872bf87','485d5652-5cb7-4a26-96ac-c1d1cb72431b',null,null,null,null,null,null,null,null,null,null,null,null,null,null,null,null,null,null,'1001A11LCP000007JZYQ',null,'1001A11LCP000007JZY4','自定义项9','Y','def9','def9',120,'N','N','N','N','N',101,null,null,'2UC000-000788',16,'=@like@left like@right like@','等于@包含@左包含@右包含@',null,0,null ) 
/

insert into PUB_QUERY_PROPERTY ( SHOWTYPE,RETURNTYPE,DATATYPE,REFNAME,CONTAINLOWER,ISQUERYCONDITION,ISFIXEDCONDITION,ISBEYONDORG,ISNOTMETA,DEFINE1,DEFINE2,DEFINE3,DEFINE4,DEFINE5,ISMULTISELECTEDENABLED,REFCODE,METADATAPROPERTY,DATAVAL,ITEMTYPE,ISUSE,VISIBLEPOSITION,ISDEFINED,CLASSID,PROID,TABLECODE,QUERYTABLENAME,MOBILETITLE,ISRESLABEL,SHOWDATAVAL,SHOWFOCUS,ORGRIGHTS,REFCONDITION,ISCONVERTTIMEZONES,ISGROUPPOWER,SEMANTICSOURCE,NODELETE,ANOTHERLINE,COLUMNNUM,ISFORM,ISBACKFILL,ISDATAPOWERENABLE,DATAPOWEROPERATIONCODE,PK_QUERY_PROPERTY,ONLYLEAFCANSELECT,AREAID,LABEL,DEFAULTSHOW,CODE,METAPATH,WIDTH,VISIBLE,DISABLED,REQUIRED,ISCHECK,USEFUNC,MAXLENGTH,CREATOR,CREATIONTIME,RESID,POSITION,OPERSIGN,OPERSIGNNAME,DEFAULTVALUE,DR,TS ) values  ( 1,'refpk',56,null,'N','Y','N','N','N',null,null,null,null,null,'N',null,null,null,'input','Y',null,'Y','6d6d4a15-d9bb-4b0c-9da3-80760872bf87','c16bd83f-685e-45a7-bb9b-161887a4ad19',null,null,null,null,null,null,null,null,null,null,null,null,null,null,null,null,null,null,'1001A11LCP000007JZYR',null,'1001A11LCP000007JZY4','自定义项10','Y','def10','def10',120,'N','N','N','N','N',101,null,null,'2UC000-000750',17,'=@like@left like@right like@','等于@包含@左包含@右包含@',null,0,null ) 
/

insert into PUB_QUERY_PROPERTY ( SHOWTYPE,RETURNTYPE,DATATYPE,REFNAME,CONTAINLOWER,ISQUERYCONDITION,ISFIXEDCONDITION,ISBEYONDORG,ISNOTMETA,DEFINE1,DEFINE2,DEFINE3,DEFINE4,DEFINE5,ISMULTISELECTEDENABLED,REFCODE,METADATAPROPERTY,DATAVAL,ITEMTYPE,ISUSE,VISIBLEPOSITION,ISDEFINED,CLASSID,PROID,TABLECODE,QUERYTABLENAME,MOBILETITLE,ISRESLABEL,SHOWDATAVAL,SHOWFOCUS,ORGRIGHTS,REFCONDITION,ISCONVERTTIMEZONES,ISGROUPPOWER,SEMANTICSOURCE,NODELETE,ANOTHERLINE,COLUMNNUM,ISFORM,ISBACKFILL,ISDATAPOWERENABLE,DATAPOWEROPERATIONCODE,PK_QUERY_PROPERTY,ONLYLEAFCANSELECT,AREAID,LABEL,DEFAULTSHOW,CODE,METAPATH,WIDTH,VISIBLE,DISABLED,REQUIRED,ISCHECK,USEFUNC,MAXLENGTH,CREATOR,CREATIONTIME,RESID,POSITION,OPERSIGN,OPERSIGNNAME,DEFAULTVALUE,DR,TS ) values  ( 1,'refpk',204,'集团','Y','Y','N','N','N',null,null,null,null,null,'N','uap/refer/riart/groupTreeRef/index','uap.group.name','0001Z010000000000ZKS,code=N','refer','Y',null,'N','6d6d4a15-d9bb-4b0c-9da3-80760872bf87','92b5bc3e-93e7-4e4a-992f-a387ea9b7d82',null,null,null,null,null,null,null,null,null,null,null,null,null,null,null,null,null,null,'1001A11LCP000007JZYS',null,'1001A11LCP000007JZY4','申请集团','Y','pk_group','pk_group',120,'N','N','N','N','N',20,null,null,'2custpf-000006',23,'=','等于@',null,0,null ) 
/

insert into PUB_QUERY_PROPERTY ( SHOWTYPE,RETURNTYPE,DATATYPE,REFNAME,CONTAINLOWER,ISQUERYCONDITION,ISFIXEDCONDITION,ISBEYONDORG,ISNOTMETA,DEFINE1,DEFINE2,DEFINE3,DEFINE4,DEFINE5,ISMULTISELECTEDENABLED,REFCODE,METADATAPROPERTY,DATAVAL,ITEMTYPE,ISUSE,VISIBLEPOSITION,ISDEFINED,CLASSID,PROID,TABLECODE,QUERYTABLENAME,MOBILETITLE,ISRESLABEL,SHOWDATAVAL,SHOWFOCUS,ORGRIGHTS,REFCONDITION,ISCONVERTTIMEZONES,ISGROUPPOWER,SEMANTICSOURCE,NODELETE,ANOTHERLINE,COLUMNNUM,ISFORM,ISBACKFILL,ISDATAPOWERENABLE,DATAPOWEROPERATIONCODE,PK_QUERY_PROPERTY,ONLYLEAFCANSELECT,AREAID,LABEL,DEFAULTSHOW,CODE,METAPATH,WIDTH,VISIBLE,DISABLED,REQUIRED,ISCHECK,USEFUNC,MAXLENGTH,CREATOR,CREATIONTIME,RESID,POSITION,OPERSIGN,OPERSIGNNAME,DEFAULTVALUE,DR,TS ) values  ( 1,'refpk',203,null,'N','Y','N','N','N',null,null,null,null,null,'N',null,null,'本组织=0,集团=1,全局=2','select','Y',null,'N','6d6d4a15-d9bb-4b0c-9da3-80760872bf87','ad3e1c7e-b210-41aa-b554-0c1d2abc9b9d',null,null,null,null,'本组织=0,集团=1,全局=2',null,null,null,null,null,null,null,null,null,null,null,null,null,'1001A11LCP000007JZYT',null,'1001A11LCP000007JZY4','目的组织','Y','destorg','destorg',120,'N','N','N','N','N',0,null,null,'2UC000-000656',26,'=@<>@','等于@不等于@',null,0,null ) 
/

insert into PUB_QUERY_PROPERTY ( SHOWTYPE,RETURNTYPE,DATATYPE,REFNAME,CONTAINLOWER,ISQUERYCONDITION,ISFIXEDCONDITION,ISBEYONDORG,ISNOTMETA,DEFINE1,DEFINE2,DEFINE3,DEFINE4,DEFINE5,ISMULTISELECTEDENABLED,REFCODE,METADATAPROPERTY,DATAVAL,ITEMTYPE,ISUSE,VISIBLEPOSITION,ISDEFINED,CLASSID,PROID,TABLECODE,QUERYTABLENAME,MOBILETITLE,ISRESLABEL,SHOWDATAVAL,SHOWFOCUS,ORGRIGHTS,REFCONDITION,ISCONVERTTIMEZONES,ISGROUPPOWER,SEMANTICSOURCE,NODELETE,ANOTHERLINE,COLUMNNUM,ISFORM,ISBACKFILL,ISDATAPOWERENABLE,DATAPOWEROPERATIONCODE,PK_QUERY_PROPERTY,ONLYLEAFCANSELECT,AREAID,LABEL,DEFAULTSHOW,CODE,METAPATH,WIDTH,VISIBLE,DISABLED,REQUIRED,ISCHECK,USEFUNC,MAXLENGTH,CREATOR,CREATIONTIME,RESID,POSITION,OPERSIGN,OPERSIGNNAME,DEFAULTVALUE,DR,TS ) values  ( 1,'refpk',204,'影响因素单据类型','Y','Y','N','N','N',null,null,null,null,null,'N','uap/refer/riart/billtype/index','uap.BilltypeVO.billtypename','0001Z0100BILLTYPEZJ7,code=N','refer','Y',null,'N','6d6d4a15-d9bb-4b0c-9da3-80760872bf87','8737f7b1-b880-4a46-adb8-a001da6bff6f',null,null,null,null,null,null,null,null,null,null,null,null,null,null,null,null,null,null,'1001A11LCP000007JZYU',null,'1001A11LCP000007JZY4','单据类型','Y','pk_billtype','pk_billtype',120,'N','N','N','N','N',20,null,null,'2UC000-000194',27,'=','等于@',null,0,null ) 
/

insert into PUB_QUERY_PROPERTY ( SHOWTYPE,RETURNTYPE,DATATYPE,REFNAME,CONTAINLOWER,ISQUERYCONDITION,ISFIXEDCONDITION,ISBEYONDORG,ISNOTMETA,DEFINE1,DEFINE2,DEFINE3,DEFINE4,DEFINE5,ISMULTISELECTEDENABLED,REFCODE,METADATAPROPERTY,DATAVAL,ITEMTYPE,ISUSE,VISIBLEPOSITION,ISDEFINED,CLASSID,PROID,TABLECODE,QUERYTABLENAME,MOBILETITLE,ISRESLABEL,SHOWDATAVAL,SHOWFOCUS,ORGRIGHTS,REFCONDITION,ISCONVERTTIMEZONES,ISGROUPPOWER,SEMANTICSOURCE,NODELETE,ANOTHERLINE,COLUMNNUM,ISFORM,ISBACKFILL,ISDATAPOWERENABLE,DATAPOWEROPERATIONCODE,PK_QUERY_PROPERTY,ONLYLEAFCANSELECT,AREAID,LABEL,DEFAULTSHOW,CODE,METAPATH,WIDTH,VISIBLE,DISABLED,REQUIRED,ISCHECK,USEFUNC,MAXLENGTH,CREATOR,CREATIONTIME,RESID,POSITION,OPERSIGN,OPERSIGNNAME,DEFAULTVALUE,DR,TS ) values  ( 1,'refpk',34,null,'N','Y','N','N','N',null,null,null,null,null,'N',null,null,null,'datetimepicker','Y',null,'N','6d6d4a15-d9bb-4b0c-9da3-80760872bf87','bdfabc23-0daa-4ab6-b631-3077b6f252fb',null,null,null,null,null,null,null,null,null,null,null,null,null,null,null,null,null,null,'1001A11LCP000007JZYV',null,'1001A11LCP000007JZY4','申请时间','Y','proposetime','proposetime',120,'N','N','N','N','Y',19,null,null,'2UC000-000649',29,'between@=@>@>=@<@<=@','介于@等于@大于@大于等于@小于@小于等于@',null,0,null ) 
/

insert into PUB_QUERY_PROPERTY ( SHOWTYPE,RETURNTYPE,DATATYPE,REFNAME,CONTAINLOWER,ISQUERYCONDITION,ISFIXEDCONDITION,ISBEYONDORG,ISNOTMETA,DEFINE1,DEFINE2,DEFINE3,DEFINE4,DEFINE5,ISMULTISELECTEDENABLED,REFCODE,METADATAPROPERTY,DATAVAL,ITEMTYPE,ISUSE,VISIBLEPOSITION,ISDEFINED,CLASSID,PROID,TABLECODE,QUERYTABLENAME,MOBILETITLE,ISRESLABEL,SHOWDATAVAL,SHOWFOCUS,ORGRIGHTS,REFCONDITION,ISCONVERTTIMEZONES,ISGROUPPOWER,SEMANTICSOURCE,NODELETE,ANOTHERLINE,COLUMNNUM,ISFORM,ISBACKFILL,ISDATAPOWERENABLE,DATAPOWEROPERATIONCODE,PK_QUERY_PROPERTY,ONLYLEAFCANSELECT,AREAID,LABEL,DEFAULTSHOW,CODE,METAPATH,WIDTH,VISIBLE,DISABLED,REQUIRED,ISCHECK,USEFUNC,MAXLENGTH,CREATOR,CREATIONTIME,RESID,POSITION,OPERSIGN,OPERSIGNNAME,DEFAULTVALUE,DR,TS ) values  ( 1,'refpk',204,'用户','Y','Y','N','N','N',null,null,null,null,null,'N','uap/refer/riart/userDefaultRefer/index','uap.user.user_name','0001Z01000000001BVPB,code=N','refer','Y',null,'N','6d6d4a15-d9bb-4b0c-9da3-80760872bf87','2d297a79-c23f-4e0a-a750-7f3ac34f8b23',null,null,null,null,null,null,null,null,null,null,null,null,null,null,null,null,null,null,'1001A11LCP000007JZYW',null,'1001A11LCP000007JZY4','最后审批人','Y','approver','approver',120,'N','N','N','N','N',20,null,null,'2custpf-000002',30,'=','等于@',null,0,null ) 
/

insert into PUB_QUERY_PROPERTY ( SHOWTYPE,RETURNTYPE,DATATYPE,REFNAME,CONTAINLOWER,ISQUERYCONDITION,ISFIXEDCONDITION,ISBEYONDORG,ISNOTMETA,DEFINE1,DEFINE2,DEFINE3,DEFINE4,DEFINE5,ISMULTISELECTEDENABLED,REFCODE,METADATAPROPERTY,DATAVAL,ITEMTYPE,ISUSE,VISIBLEPOSITION,ISDEFINED,CLASSID,PROID,TABLECODE,QUERYTABLENAME,MOBILETITLE,ISRESLABEL,SHOWDATAVAL,SHOWFOCUS,ORGRIGHTS,REFCONDITION,ISCONVERTTIMEZONES,ISGROUPPOWER,SEMANTICSOURCE,NODELETE,ANOTHERLINE,COLUMNNUM,ISFORM,ISBACKFILL,ISDATAPOWERENABLE,DATAPOWEROPERATIONCODE,PK_QUERY_PROPERTY,ONLYLEAFCANSELECT,AREAID,LABEL,DEFAULTSHOW,CODE,METAPATH,WIDTH,VISIBLE,DISABLED,REQUIRED,ISCHECK,USEFUNC,MAXLENGTH,CREATOR,CREATIONTIME,RESID,POSITION,OPERSIGN,OPERSIGNNAME,DEFAULTVALUE,DR,TS ) values  ( 1,'refpk',34,null,'N','Y','N','N','N',null,null,null,null,null,'N',null,null,null,'datetimepicker','Y',null,'N','6d6d4a15-d9bb-4b0c-9da3-80760872bf87','5ec38571-ce0a-4fbc-a115-607c351d3055',null,null,null,null,null,null,null,null,null,null,null,null,null,null,null,null,null,null,'1001A11LCP000007JZYX',null,'1001A11LCP000007JZY4','最后审批时间','Y','approvetime','approvetime',120,'N','N','N','N','Y',19,null,null,'2custpf-000005',31,'between@=@>@>=@<@<=@','介于@等于@大于@大于等于@小于@小于等于@',null,0,null ) 
/

insert into PUB_QUERY_PROPERTY ( SHOWTYPE,RETURNTYPE,DATATYPE,REFNAME,CONTAINLOWER,ISQUERYCONDITION,ISFIXEDCONDITION,ISBEYONDORG,ISNOTMETA,DEFINE1,DEFINE2,DEFINE3,DEFINE4,DEFINE5,ISMULTISELECTEDENABLED,REFCODE,METADATAPROPERTY,DATAVAL,ITEMTYPE,ISUSE,VISIBLEPOSITION,ISDEFINED,CLASSID,PROID,TABLECODE,QUERYTABLENAME,MOBILETITLE,ISRESLABEL,SHOWDATAVAL,SHOWFOCUS,ORGRIGHTS,REFCONDITION,ISCONVERTTIMEZONES,ISGROUPPOWER,SEMANTICSOURCE,NODELETE,ANOTHERLINE,COLUMNNUM,ISFORM,ISBACKFILL,ISDATAPOWERENABLE,DATAPOWEROPERATIONCODE,PK_QUERY_PROPERTY,ONLYLEAFCANSELECT,AREAID,LABEL,DEFAULTSHOW,CODE,METAPATH,WIDTH,VISIBLE,DISABLED,REQUIRED,ISCHECK,USEFUNC,MAXLENGTH,CREATOR,CREATIONTIME,RESID,POSITION,OPERSIGN,OPERSIGNNAME,DEFAULTVALUE,DR,TS ) values  ( 1,'refpk',204,'业务单元','Y','Y','N','N','N',null,null,null,null,null,'N','uapbd/refer/org/BusinessUnitTreeRef/index','uap.org.name','0001Z01000000001BVPU,code=N','refer','Y',null,'N','6d6d4a15-d9bb-4b0c-9da3-80760872bf87','519c502f-31ae-4d39-bb31-2678898f5d4f',null,null,null,null,null,null,null,null,null,null,null,null,null,null,null,null,null,null,'1001A11LCP000007JZYY',null,'1001A11LCP000007JZY4','客户所属组织','Y','customerorg','customerorg',120,'N','N','N','N','N',20,null,null,'2custpf-000007',32,'=','等于@',null,0,null ) 
/

insert into PUB_QUERY_PROPERTY ( SHOWTYPE,RETURNTYPE,DATATYPE,REFNAME,CONTAINLOWER,ISQUERYCONDITION,ISFIXEDCONDITION,ISBEYONDORG,ISNOTMETA,DEFINE1,DEFINE2,DEFINE3,DEFINE4,DEFINE5,ISMULTISELECTEDENABLED,REFCODE,METADATAPROPERTY,DATAVAL,ITEMTYPE,ISUSE,VISIBLEPOSITION,ISDEFINED,CLASSID,PROID,TABLECODE,QUERYTABLENAME,MOBILETITLE,ISRESLABEL,SHOWDATAVAL,SHOWFOCUS,ORGRIGHTS,REFCONDITION,ISCONVERTTIMEZONES,ISGROUPPOWER,SEMANTICSOURCE,NODELETE,ANOTHERLINE,COLUMNNUM,ISFORM,ISBACKFILL,ISDATAPOWERENABLE,DATAPOWEROPERATIONCODE,PK_QUERY_PROPERTY,ONLYLEAFCANSELECT,AREAID,LABEL,DEFAULTSHOW,CODE,METAPATH,WIDTH,VISIBLE,DISABLED,REQUIRED,ISCHECK,USEFUNC,MAXLENGTH,CREATOR,CREATIONTIME,RESID,POSITION,OPERSIGN,OPERSIGNNAME,DEFAULTVALUE,DR,TS ) values  ( 1,'refpk',1,null,'N','Y','N','N','N',null,null,null,null,null,'N',null,null,null,'input','Y',null,'N','6d6d4a15-d9bb-4b0c-9da3-80760872bf87','b74411e1-5401-41d9-a4fa-eba3228e09fe',null,null,null,null,null,null,null,null,null,null,null,null,null,null,null,null,null,null,'1001A11LCP000007JZYZ',null,'1001A11LCP000007JZY4','客户编码','Y','customercode','customercode',120,'N','N','N','N','N',40,null,null,'2custpf-000009',33,'like@=@left like@right like@','包含@等于@左包含@右包含@',null,0,null ) 
/

insert into PUB_QUERY_PROPERTY ( SHOWTYPE,RETURNTYPE,DATATYPE,REFNAME,CONTAINLOWER,ISQUERYCONDITION,ISFIXEDCONDITION,ISBEYONDORG,ISNOTMETA,DEFINE1,DEFINE2,DEFINE3,DEFINE4,DEFINE5,ISMULTISELECTEDENABLED,REFCODE,METADATAPROPERTY,DATAVAL,ITEMTYPE,ISUSE,VISIBLEPOSITION,ISDEFINED,CLASSID,PROID,TABLECODE,QUERYTABLENAME,MOBILETITLE,ISRESLABEL,SHOWDATAVAL,SHOWFOCUS,ORGRIGHTS,REFCONDITION,ISCONVERTTIMEZONES,ISGROUPPOWER,SEMANTICSOURCE,NODELETE,ANOTHERLINE,COLUMNNUM,ISFORM,ISBACKFILL,ISDATAPOWERENABLE,DATAPOWEROPERATIONCODE,PK_QUERY_PROPERTY,ONLYLEAFCANSELECT,AREAID,LABEL,DEFAULTSHOW,CODE,METAPATH,WIDTH,VISIBLE,DISABLED,REQUIRED,ISCHECK,USEFUNC,MAXLENGTH,CREATOR,CREATIONTIME,RESID,POSITION,OPERSIGN,OPERSIGNNAME,DEFAULTVALUE,DR,TS ) values  ( 1,'refpk',58,null,'N','Y','N','N','N',null,null,null,null,null,'N',null,null,null,'residtxt','Y',null,'N','6d6d4a15-d9bb-4b0c-9da3-80760872bf87','51ed8b94-caae-47e8-83ab-8c4d6bf09686',null,null,null,null,null,null,null,null,null,null,null,null,null,null,null,null,null,null,'1001A11LCP000007JZZ0',null,'1001A11LCP000007JZY4','客户名称','Y','customername','customername',120,'N','N','N','N','N',133,null,null,'2UC000-000285',34,'like@=@left like@right like@','包含@等于@左包含@右包含@',null,0,null ) 
/

insert into PUB_QUERY_PROPERTY ( SHOWTYPE,RETURNTYPE,DATATYPE,REFNAME,CONTAINLOWER,ISQUERYCONDITION,ISFIXEDCONDITION,ISBEYONDORG,ISNOTMETA,DEFINE1,DEFINE2,DEFINE3,DEFINE4,DEFINE5,ISMULTISELECTEDENABLED,REFCODE,METADATAPROPERTY,DATAVAL,ITEMTYPE,ISUSE,VISIBLEPOSITION,ISDEFINED,CLASSID,PROID,TABLECODE,QUERYTABLENAME,MOBILETITLE,ISRESLABEL,SHOWDATAVAL,SHOWFOCUS,ORGRIGHTS,REFCONDITION,ISCONVERTTIMEZONES,ISGROUPPOWER,SEMANTICSOURCE,NODELETE,ANOTHERLINE,COLUMNNUM,ISFORM,ISBACKFILL,ISDATAPOWERENABLE,DATAPOWEROPERATIONCODE,PK_QUERY_PROPERTY,ONLYLEAFCANSELECT,AREAID,LABEL,DEFAULTSHOW,CODE,METAPATH,WIDTH,VISIBLE,DISABLED,REQUIRED,ISCHECK,USEFUNC,MAXLENGTH,CREATOR,CREATIONTIME,RESID,POSITION,OPERSIGN,OPERSIGNNAME,DEFAULTVALUE,DR,TS ) values  ( 1,'refpk',204,'客户基本分类','Y','Y','N','N','N',null,null,null,null,null,'N','uapbd/refer/customer/CustClassDefaultTreeRef/index','uap.custclass.name','0001Z01000000001BVPL,code=N','refer','Y',null,'N','6d6d4a15-d9bb-4b0c-9da3-80760872bf87','72db616f-e6be-491b-9ea1-c14613ccda7e',null,null,null,null,null,null,null,null,null,null,null,null,null,null,null,null,null,null,'1001A11LCP000007JZZ1',null,'1001A11LCP000007JZY4','客户基本分类','Y','pk_custclass','pk_custclass',120,'N','N','N','N','N',20,null,null,'2custpf-000004',35,'=','等于@',null,0,null ) 
/

insert into PUB_QUERY_PROPERTY ( SHOWTYPE,RETURNTYPE,DATATYPE,REFNAME,CONTAINLOWER,ISQUERYCONDITION,ISFIXEDCONDITION,ISBEYONDORG,ISNOTMETA,DEFINE1,DEFINE2,DEFINE3,DEFINE4,DEFINE5,ISMULTISELECTEDENABLED,REFCODE,METADATAPROPERTY,DATAVAL,ITEMTYPE,ISUSE,VISIBLEPOSITION,ISDEFINED,CLASSID,PROID,TABLECODE,QUERYTABLENAME,MOBILETITLE,ISRESLABEL,SHOWDATAVAL,SHOWFOCUS,ORGRIGHTS,REFCONDITION,ISCONVERTTIMEZONES,ISGROUPPOWER,SEMANTICSOURCE,NODELETE,ANOTHERLINE,COLUMNNUM,ISFORM,ISBACKFILL,ISDATAPOWERENABLE,DATAPOWEROPERATIONCODE,PK_QUERY_PROPERTY,ONLYLEAFCANSELECT,AREAID,LABEL,DEFAULTSHOW,CODE,METAPATH,WIDTH,VISIBLE,DISABLED,REQUIRED,ISCHECK,USEFUNC,MAXLENGTH,CREATOR,CREATIONTIME,RESID,POSITION,OPERSIGN,OPERSIGNNAME,DEFAULTVALUE,DR,TS ) values  ( 1,'refpk',1,null,'N','Y','N','N','N',null,null,null,null,null,'N',null,null,null,'input','Y',null,'N','6d6d4a15-d9bb-4b0c-9da3-80760872bf87','060781e6-42a5-4af7-8da9-4caf75d365f7',null,null,null,null,null,null,null,null,null,null,null,null,null,null,null,null,null,null,'1001A11LCP000007JZZ2',null,'1001A11LCP000007JZY4','审批批语','Y','approvenote','approvenote',120,'N','N','N','N','N',1024,null,null,'2UC000-000273',36,'like@=@left like@right like@','包含@等于@左包含@右包含@',null,0,null ) 
/

insert into PUB_QUERY_PROPERTY ( SHOWTYPE,RETURNTYPE,DATATYPE,REFNAME,CONTAINLOWER,ISQUERYCONDITION,ISFIXEDCONDITION,ISBEYONDORG,ISNOTMETA,DEFINE1,DEFINE2,DEFINE3,DEFINE4,DEFINE5,ISMULTISELECTEDENABLED,REFCODE,METADATAPROPERTY,DATAVAL,ITEMTYPE,ISUSE,VISIBLEPOSITION,ISDEFINED,CLASSID,PROID,TABLECODE,QUERYTABLENAME,MOBILETITLE,ISRESLABEL,SHOWDATAVAL,SHOWFOCUS,ORGRIGHTS,REFCONDITION,ISCONVERTTIMEZONES,ISGROUPPOWER,SEMANTICSOURCE,NODELETE,ANOTHERLINE,COLUMNNUM,ISFORM,ISBACKFILL,ISDATAPOWERENABLE,DATAPOWEROPERATIONCODE,PK_QUERY_PROPERTY,ONLYLEAFCANSELECT,AREAID,LABEL,DEFAULTSHOW,CODE,METAPATH,WIDTH,VISIBLE,DISABLED,REQUIRED,ISCHECK,USEFUNC,MAXLENGTH,CREATOR,CREATIONTIME,RESID,POSITION,OPERSIGN,OPERSIGNNAME,DEFAULTVALUE,DR,TS ) values  ( 1,'refpk',30,null,'N','Y','N','N','N',null,null,null,null,null,'N',null,null,null,'textarea','Y',null,'N','6d6d4a15-d9bb-4b0c-9da3-80760872bf87','0efad2df-3114-4917-8187-6cbad7e25c32',null,null,null,null,null,null,null,null,null,null,null,null,null,null,null,null,null,null,'1001A11LCP000007JZZ3',null,'1001A11LCP000007JZY4','异常信息','Y','memo','memo',120,'N','N','N','N','N',1024,null,null,'2custpf-000010',38,'=@','等于@',null,0,null ) 
/

insert into PUB_QUERY_PROPERTY ( SHOWTYPE,RETURNTYPE,DATATYPE,REFNAME,CONTAINLOWER,ISQUERYCONDITION,ISFIXEDCONDITION,ISBEYONDORG,ISNOTMETA,DEFINE1,DEFINE2,DEFINE3,DEFINE4,DEFINE5,ISMULTISELECTEDENABLED,REFCODE,METADATAPROPERTY,DATAVAL,ITEMTYPE,ISUSE,VISIBLEPOSITION,ISDEFINED,CLASSID,PROID,TABLECODE,QUERYTABLENAME,MOBILETITLE,ISRESLABEL,SHOWDATAVAL,SHOWFOCUS,ORGRIGHTS,REFCONDITION,ISCONVERTTIMEZONES,ISGROUPPOWER,SEMANTICSOURCE,NODELETE,ANOTHERLINE,COLUMNNUM,ISFORM,ISBACKFILL,ISDATAPOWERENABLE,DATAPOWEROPERATIONCODE,PK_QUERY_PROPERTY,ONLYLEAFCANSELECT,AREAID,LABEL,DEFAULTSHOW,CODE,METAPATH,WIDTH,VISIBLE,DISABLED,REQUIRED,ISCHECK,USEFUNC,MAXLENGTH,CREATOR,CREATIONTIME,RESID,POSITION,OPERSIGN,OPERSIGNNAME,DEFAULTVALUE,DR,TS ) values  ( 1,'refpk',204,'用户','Y','Y','N','N','N',null,null,null,null,null,'N','uap/refer/riart/userDefaultRefer/index','uap.user.user_name','0001Z01000000001BVPB,code=N','refer','Y',null,'N','6d6d4a15-d9bb-4b0c-9da3-80760872bf87','ee28a463-6c21-44c4-9549-5e9e73914fd7',null,null,null,null,null,null,null,null,null,null,null,null,null,null,null,null,null,null,'1001A11LCP000007JZZ4',null,'1001A11LCP000007JZY4','创建人','Y','creator','creator',120,'N','N','N','N','N',20,null,null,'2UC000-000155',39,'=','等于@',null,0,null ) 
/

insert into PUB_FORM_PROPERTY ( PK_FORM_PROPERTY,AREAID,LABEL,CODE,METAPATH,WIDTH,REFCODE,ISNEXTROW,ISREVISE,ISTOTAL,REQUIRED,DISABLED,VISIBLE,MAXLENGTH,TEXTROWS,CREATOR,MODIFIER,CREATIONTIME,MODIFIEDTIME,RESID,POSITION,COLOR,DATATYPE,DATAVAL,SHOWFORMULA,EDITFORMULA,VALIDATEFORMULA,DEFAULTVAR,RELATEMETA,DEFINE1,DEFINE2,DEFINE3,ISMULTISELECTEDENABLED,METADATAPROPERTY,ITEMTYPE,REFNAME,METAID,ISCODE,COLNUM,DEFAULTVALUE,ISDEFINED,CLASSID,PROID,HYPERLINKFLAG,ONLYLEAFCANSELECT,MOBILETITLE,ISLOCK,ISRESLABEL,SHOWDATAVAL,SHOWFOCUS,ISSYNCSIDE,ISSYNCFOLD,ISSYNCLIST,ISDATAPOWERENABLE,ISCONVERTTIMEZONES,REFCONDITION,ISGROUPPOWER,EDITDISABLED,TABSKIP,ALIGNMENT,FROZEN,SHOWASRANGE,ANOTHERLINE,COLUMNNUM,ICONTYPE,COREINDEX,ISCOREDATA,ISHIGHLIGHT,ISBOLD,CONTENTCOLOR,REFENTER,MULTIPLELINES,DR,TS ) values  ( '1001A11LCP000007JZZ5','1001A11LCP000007JZY6','申请集团','pk_group','pk_group',120,'uap/refer/riart/groupTreeRef/index',null,null,null,'Y','Y','Y',20,null,null,null,null,null,'2custpf-000006',0,null,204,'0001Z010000000000ZKS,code=N',null,null,null,null,null,null,null,null,'N','uap.group.name','refer','集团','3b6dd171-2900-47f3-bfbe-41e4483a2a65',null,null,null,'N','6d6d4a15-d9bb-4b0c-9da3-80760872bf87','92b5bc3e-93e7-4e4a-992f-a387ea9b7d82',null,null,null,null,null,null,null,null,null,null,null,null,null,null,null,null,null,null,null,null,null,null,null,null,null,null,null,null,null,0,null ) 
/

insert into PUB_FORM_PROPERTY ( PK_FORM_PROPERTY,AREAID,LABEL,CODE,METAPATH,WIDTH,REFCODE,ISNEXTROW,ISREVISE,ISTOTAL,REQUIRED,DISABLED,VISIBLE,MAXLENGTH,TEXTROWS,CREATOR,MODIFIER,CREATIONTIME,MODIFIEDTIME,RESID,POSITION,COLOR,DATATYPE,DATAVAL,SHOWFORMULA,EDITFORMULA,VALIDATEFORMULA,DEFAULTVAR,RELATEMETA,DEFINE1,DEFINE2,DEFINE3,ISMULTISELECTEDENABLED,METADATAPROPERTY,ITEMTYPE,REFNAME,METAID,ISCODE,COLNUM,DEFAULTVALUE,ISDEFINED,CLASSID,PROID,HYPERLINKFLAG,ONLYLEAFCANSELECT,MOBILETITLE,ISLOCK,ISRESLABEL,SHOWDATAVAL,SHOWFOCUS,ISSYNCSIDE,ISSYNCFOLD,ISSYNCLIST,ISDATAPOWERENABLE,ISCONVERTTIMEZONES,REFCONDITION,ISGROUPPOWER,EDITDISABLED,TABSKIP,ALIGNMENT,FROZEN,SHOWASRANGE,ANOTHERLINE,COLUMNNUM,ICONTYPE,COREINDEX,ISCOREDATA,ISHIGHLIGHT,ISBOLD,CONTENTCOLOR,REFENTER,MULTIPLELINES,DR,TS ) values  ( '1001A11LCP000007JZZ6','1001A11LCP000007JZY6','申请组织','pk_org','pk_org',120,'uapbd/refer/org/BusinessUnitTreeRef/index',null,null,null,'Y','N','Y',20,null,null,null,null,null,'2custpf-000000',1,null,204,'0001Z01000000001BVPU,code=N',null,null,null,null,null,null,null,null,'N','uap.org.name','refer','业务单元','985be8a4-3a36-4778-8afe-2d8ed3902659',null,null,null,'N','6d6d4a15-d9bb-4b0c-9da3-80760872bf87','6ada16d5-8788-42a3-983e-71e87755786b',null,null,null,null,null,null,null,null,null,null,null,null,null,null,null,null,null,null,null,null,null,null,null,null,null,null,null,null,null,0,null ) 
/

insert into PUB_FORM_PROPERTY ( PK_FORM_PROPERTY,AREAID,LABEL,CODE,METAPATH,WIDTH,REFCODE,ISNEXTROW,ISREVISE,ISTOTAL,REQUIRED,DISABLED,VISIBLE,MAXLENGTH,TEXTROWS,CREATOR,MODIFIER,CREATIONTIME,MODIFIEDTIME,RESID,POSITION,COLOR,DATATYPE,DATAVAL,SHOWFORMULA,EDITFORMULA,VALIDATEFORMULA,DEFAULTVAR,RELATEMETA,DEFINE1,DEFINE2,DEFINE3,ISMULTISELECTEDENABLED,METADATAPROPERTY,ITEMTYPE,REFNAME,METAID,ISCODE,COLNUM,DEFAULTVALUE,ISDEFINED,CLASSID,PROID,HYPERLINKFLAG,ONLYLEAFCANSELECT,MOBILETITLE,ISLOCK,ISRESLABEL,SHOWDATAVAL,SHOWFOCUS,ISSYNCSIDE,ISSYNCFOLD,ISSYNCLIST,ISDATAPOWERENABLE,ISCONVERTTIMEZONES,REFCONDITION,ISGROUPPOWER,EDITDISABLED,TABSKIP,ALIGNMENT,FROZEN,SHOWASRANGE,ANOTHERLINE,COLUMNNUM,ICONTYPE,COREINDEX,ISCOREDATA,ISHIGHLIGHT,ISBOLD,CONTENTCOLOR,REFENTER,MULTIPLELINES,DR,TS ) values  ( '1001A11LCP000007JZZ7','1001A11LCP000007JZY6','单据号','billnumber','billnumber',120,null,null,null,null,'Y','N','Y',50,null,null,null,null,null,'2UC000-000186',2,null,1,null,null,null,null,null,null,null,null,null,'N',null,'input',null,null,null,null,null,'N','6d6d4a15-d9bb-4b0c-9da3-80760872bf87','b106f944-04b9-49c0-b398-adad29aeade2',null,null,null,null,null,null,null,null,null,null,null,null,null,null,null,null,null,null,null,null,null,null,null,null,null,null,null,null,null,0,null ) 
/

insert into PUB_FORM_PROPERTY ( PK_FORM_PROPERTY,AREAID,LABEL,CODE,METAPATH,WIDTH,REFCODE,ISNEXTROW,ISREVISE,ISTOTAL,REQUIRED,DISABLED,VISIBLE,MAXLENGTH,TEXTROWS,CREATOR,MODIFIER,CREATIONTIME,MODIFIEDTIME,RESID,POSITION,COLOR,DATATYPE,DATAVAL,SHOWFORMULA,EDITFORMULA,VALIDATEFORMULA,DEFAULTVAR,RELATEMETA,DEFINE1,DEFINE2,DEFINE3,ISMULTISELECTEDENABLED,METADATAPROPERTY,ITEMTYPE,REFNAME,METAID,ISCODE,COLNUM,DEFAULTVALUE,ISDEFINED,CLASSID,PROID,HYPERLINKFLAG,ONLYLEAFCANSELECT,MOBILETITLE,ISLOCK,ISRESLABEL,SHOWDATAVAL,SHOWFOCUS,ISSYNCSIDE,ISSYNCFOLD,ISSYNCLIST,ISDATAPOWERENABLE,ISCONVERTTIMEZONES,REFCONDITION,ISGROUPPOWER,EDITDISABLED,TABSKIP,ALIGNMENT,FROZEN,SHOWASRANGE,ANOTHERLINE,COLUMNNUM,ICONTYPE,COREINDEX,ISCOREDATA,ISHIGHLIGHT,ISBOLD,CONTENTCOLOR,REFENTER,MULTIPLELINES,DR,TS ) values  ( '1001A11LCP000007JZZ8','1001A11LCP000007JZY6','创建时间','creationtime','creationtime',120,null,null,null,null,'N','N','Y',19,null,null,null,null,null,'2UC000-000157',3,null,34,null,null,null,null,null,null,null,null,null,'N',null,'datetimepicker',null,null,null,null,null,'N','6d6d4a15-d9bb-4b0c-9da3-80760872bf87','781d60b4-043f-45f8-9dcb-04fa907da05d',null,null,null,null,null,null,null,null,null,null,null,null,null,null,null,null,null,null,null,null,null,null,null,null,null,null,null,null,null,0,null ) 
/

insert into PUB_FORM_PROPERTY ( PK_FORM_PROPERTY,AREAID,LABEL,CODE,METAPATH,WIDTH,REFCODE,ISNEXTROW,ISREVISE,ISTOTAL,REQUIRED,DISABLED,VISIBLE,MAXLENGTH,TEXTROWS,CREATOR,MODIFIER,CREATIONTIME,MODIFIEDTIME,RESID,POSITION,COLOR,DATATYPE,DATAVAL,SHOWFORMULA,EDITFORMULA,VALIDATEFORMULA,DEFAULTVAR,RELATEMETA,DEFINE1,DEFINE2,DEFINE3,ISMULTISELECTEDENABLED,METADATAPROPERTY,ITEMTYPE,REFNAME,METAID,ISCODE,COLNUM,DEFAULTVALUE,ISDEFINED,CLASSID,PROID,HYPERLINKFLAG,ONLYLEAFCANSELECT,MOBILETITLE,ISLOCK,ISRESLABEL,SHOWDATAVAL,SHOWFOCUS,ISSYNCSIDE,ISSYNCFOLD,ISSYNCLIST,ISDATAPOWERENABLE,ISCONVERTTIMEZONES,REFCONDITION,ISGROUPPOWER,EDITDISABLED,TABSKIP,ALIGNMENT,FROZEN,SHOWASRANGE,ANOTHERLINE,COLUMNNUM,ICONTYPE,COREINDEX,ISCOREDATA,ISHIGHLIGHT,ISBOLD,CONTENTCOLOR,REFENTER,MULTIPLELINES,DR,TS ) values  ( '1001A11LCP000007JZZ9','1001A11LCP000007JZY6','最后修改人','modifier','modifier',120,'uap/refer/riart/userDefaultRefer/index',null,null,null,'N','N','Y',20,null,null,null,null,null,'2UC000-000490',4,null,204,'0001Z01000000001BVPB,code=N',null,null,null,null,null,null,null,null,'N','uap.user.user_name','refer','用户','f6f9a473-56c0-432f-8bc7-fbf8fde54fee',null,null,null,'N','6d6d4a15-d9bb-4b0c-9da3-80760872bf87','b7d19b34-82f2-471f-838d-00e4fe0e021e',null,null,null,null,null,null,null,null,null,null,null,null,null,null,null,null,null,null,null,null,null,null,null,null,null,null,null,null,null,0,null ) 
/

insert into PUB_FORM_PROPERTY ( PK_FORM_PROPERTY,AREAID,LABEL,CODE,METAPATH,WIDTH,REFCODE,ISNEXTROW,ISREVISE,ISTOTAL,REQUIRED,DISABLED,VISIBLE,MAXLENGTH,TEXTROWS,CREATOR,MODIFIER,CREATIONTIME,MODIFIEDTIME,RESID,POSITION,COLOR,DATATYPE,DATAVAL,SHOWFORMULA,EDITFORMULA,VALIDATEFORMULA,DEFAULTVAR,RELATEMETA,DEFINE1,DEFINE2,DEFINE3,ISMULTISELECTEDENABLED,METADATAPROPERTY,ITEMTYPE,REFNAME,METAID,ISCODE,COLNUM,DEFAULTVALUE,ISDEFINED,CLASSID,PROID,HYPERLINKFLAG,ONLYLEAFCANSELECT,MOBILETITLE,ISLOCK,ISRESLABEL,SHOWDATAVAL,SHOWFOCUS,ISSYNCSIDE,ISSYNCFOLD,ISSYNCLIST,ISDATAPOWERENABLE,ISCONVERTTIMEZONES,REFCONDITION,ISGROUPPOWER,EDITDISABLED,TABSKIP,ALIGNMENT,FROZEN,SHOWASRANGE,ANOTHERLINE,COLUMNNUM,ICONTYPE,COREINDEX,ISCOREDATA,ISHIGHLIGHT,ISBOLD,CONTENTCOLOR,REFENTER,MULTIPLELINES,DR,TS ) values  ( '1001A11LCP000007JZZA','1001A11LCP000007JZY6','最后修改时间','modifiedtime','modifiedtime',120,null,null,null,null,'N','N','Y',19,null,null,null,null,null,'2UC000-000491',5,null,34,null,null,null,null,null,null,null,null,null,'N',null,'datetimepicker',null,null,null,null,null,'N','6d6d4a15-d9bb-4b0c-9da3-80760872bf87','7b760543-0f30-40bc-a679-85240ff9be81',null,null,null,null,null,null,null,null,null,null,null,null,null,null,null,null,null,null,null,null,null,null,null,null,null,null,null,null,null,0,null ) 
/

insert into PUB_FORM_PROPERTY ( PK_FORM_PROPERTY,AREAID,LABEL,CODE,METAPATH,WIDTH,REFCODE,ISNEXTROW,ISREVISE,ISTOTAL,REQUIRED,DISABLED,VISIBLE,MAXLENGTH,TEXTROWS,CREATOR,MODIFIER,CREATIONTIME,MODIFIEDTIME,RESID,POSITION,COLOR,DATATYPE,DATAVAL,SHOWFORMULA,EDITFORMULA,VALIDATEFORMULA,DEFAULTVAR,RELATEMETA,DEFINE1,DEFINE2,DEFINE3,ISMULTISELECTEDENABLED,METADATAPROPERTY,ITEMTYPE,REFNAME,METAID,ISCODE,COLNUM,DEFAULTVALUE,ISDEFINED,CLASSID,PROID,HYPERLINKFLAG,ONLYLEAFCANSELECT,MOBILETITLE,ISLOCK,ISRESLABEL,SHOWDATAVAL,SHOWFOCUS,ISSYNCSIDE,ISSYNCFOLD,ISSYNCLIST,ISDATAPOWERENABLE,ISCONVERTTIMEZONES,REFCONDITION,ISGROUPPOWER,EDITDISABLED,TABSKIP,ALIGNMENT,FROZEN,SHOWASRANGE,ANOTHERLINE,COLUMNNUM,ICONTYPE,COREINDEX,ISCOREDATA,ISHIGHLIGHT,ISBOLD,CONTENTCOLOR,REFENTER,MULTIPLELINES,DR,TS ) values  ( '1001A11LCP000007JZZB','1001A11LCP000007JZY6','修改客户','update_cust','update_cust',120,'uapbd/refer/customer/CustomerDefaultTreeGridRef/index',null,null,null,'N','N','Y',20,null,null,null,null,null,null,6,null,204,'0001Z01000000001BVPK,code=N',null,null,null,null,null,null,null,null,'N','uap.customer.name','refer','客户档案','e4f48eaf-5567-4383-a370-a59cb3e8a451',null,null,null,'N','6d6d4a15-d9bb-4b0c-9da3-80760872bf87','acbcea80-e489-42e7-ad62-2e0d48b4a13f',null,null,null,null,null,null,null,null,null,null,null,null,null,null,null,null,null,null,null,null,null,null,null,null,null,null,null,null,null,0,null ) 
/

insert into PUB_FORM_PROPERTY ( PK_FORM_PROPERTY,AREAID,LABEL,CODE,METAPATH,WIDTH,REFCODE,ISNEXTROW,ISREVISE,ISTOTAL,REQUIRED,DISABLED,VISIBLE,MAXLENGTH,TEXTROWS,CREATOR,MODIFIER,CREATIONTIME,MODIFIEDTIME,RESID,POSITION,COLOR,DATATYPE,DATAVAL,SHOWFORMULA,EDITFORMULA,VALIDATEFORMULA,DEFAULTVAR,RELATEMETA,DEFINE1,DEFINE2,DEFINE3,ISMULTISELECTEDENABLED,METADATAPROPERTY,ITEMTYPE,REFNAME,METAID,ISCODE,COLNUM,DEFAULTVALUE,ISDEFINED,CLASSID,PROID,HYPERLINKFLAG,ONLYLEAFCANSELECT,MOBILETITLE,ISLOCK,ISRESLABEL,SHOWDATAVAL,SHOWFOCUS,ISSYNCSIDE,ISSYNCFOLD,ISSYNCLIST,ISDATAPOWERENABLE,ISCONVERTTIMEZONES,REFCONDITION,ISGROUPPOWER,EDITDISABLED,TABSKIP,ALIGNMENT,FROZEN,SHOWASRANGE,ANOTHERLINE,COLUMNNUM,ICONTYPE,COREINDEX,ISCOREDATA,ISHIGHLIGHT,ISBOLD,CONTENTCOLOR,REFENTER,MULTIPLELINES,DR,TS ) values  ( '1001A11LCP000007JZZC','1001A11LCP000007JZY6','申请类型','apply_type','apply_type',120,null,null,null,null,'N','N','Y',0,null,null,null,null,null,null,7,null,203,'新增=1,修改=2,启用=3,停用=4,创建新版本=5',null,null,null,null,null,null,null,null,'N',null,'select',null,null,null,null,null,'N','6d6d4a15-d9bb-4b0c-9da3-80760872bf87','d1144c5c-e5b4-4332-b4db-4e59378674b6',null,null,null,null,null,'新增=1,修改=2,启用=3,停用=4,创建新版本=5',null,null,null,null,null,null,null,null,null,null,null,null,null,null,null,null,null,null,null,null,null,null,null,0,null ) 
/

insert into PUB_FORM_PROPERTY ( PK_FORM_PROPERTY,AREAID,LABEL,CODE,METAPATH,WIDTH,REFCODE,ISNEXTROW,ISREVISE,ISTOTAL,REQUIRED,DISABLED,VISIBLE,MAXLENGTH,TEXTROWS,CREATOR,MODIFIER,CREATIONTIME,MODIFIEDTIME,RESID,POSITION,COLOR,DATATYPE,DATAVAL,SHOWFORMULA,EDITFORMULA,VALIDATEFORMULA,DEFAULTVAR,RELATEMETA,DEFINE1,DEFINE2,DEFINE3,ISMULTISELECTEDENABLED,METADATAPROPERTY,ITEMTYPE,REFNAME,METAID,ISCODE,COLNUM,DEFAULTVALUE,ISDEFINED,CLASSID,PROID,HYPERLINKFLAG,ONLYLEAFCANSELECT,MOBILETITLE,ISLOCK,ISRESLABEL,SHOWDATAVAL,SHOWFOCUS,ISSYNCSIDE,ISSYNCFOLD,ISSYNCLIST,ISDATAPOWERENABLE,ISCONVERTTIMEZONES,REFCONDITION,ISGROUPPOWER,EDITDISABLED,TABSKIP,ALIGNMENT,FROZEN,SHOWASRANGE,ANOTHERLINE,COLUMNNUM,ICONTYPE,COREINDEX,ISCOREDATA,ISHIGHLIGHT,ISBOLD,CONTENTCOLOR,REFENTER,MULTIPLELINES,DR,TS ) values  ( '1001A11LCP000007JZZD','1001A11LCP000007JZY6','交易类型','pk_transtype','pk_transtype',120,'uap/refer/riart/transtype/index',null,null,null,'N','N','Y',20,null,null,null,null,null,null,8,null,204,'0001Z0100BILLTYPEZJJ,code=N',null,null,null,null,null,null,null,null,'N','riart.transtype.billtypename','refer','交易类型','74f13f3d-21cd-4800-9c7c-053f14ceb8dc',null,null,null,'N','6d6d4a15-d9bb-4b0c-9da3-80760872bf87','08e0fd79-87e7-4dfa-96f3-690d53d2c7d1',null,null,null,null,null,null,null,null,null,null,null,null,null,null,null,null,null,null,null,null,null,null,null,null,null,null,null,null,null,0,null ) 
/

insert into PUB_FORM_PROPERTY ( PK_FORM_PROPERTY,AREAID,LABEL,CODE,METAPATH,WIDTH,REFCODE,ISNEXTROW,ISREVISE,ISTOTAL,REQUIRED,DISABLED,VISIBLE,MAXLENGTH,TEXTROWS,CREATOR,MODIFIER,CREATIONTIME,MODIFIEDTIME,RESID,POSITION,COLOR,DATATYPE,DATAVAL,SHOWFORMULA,EDITFORMULA,VALIDATEFORMULA,DEFAULTVAR,RELATEMETA,DEFINE1,DEFINE2,DEFINE3,ISMULTISELECTEDENABLED,METADATAPROPERTY,ITEMTYPE,REFNAME,METAID,ISCODE,COLNUM,DEFAULTVALUE,ISDEFINED,CLASSID,PROID,HYPERLINKFLAG,ONLYLEAFCANSELECT,MOBILETITLE,ISLOCK,ISRESLABEL,SHOWDATAVAL,SHOWFOCUS,ISSYNCSIDE,ISSYNCFOLD,ISSYNCLIST,ISDATAPOWERENABLE,ISCONVERTTIMEZONES,REFCONDITION,ISGROUPPOWER,EDITDISABLED,TABSKIP,ALIGNMENT,FROZEN,SHOWASRANGE,ANOTHERLINE,COLUMNNUM,ICONTYPE,COREINDEX,ISCOREDATA,ISHIGHLIGHT,ISBOLD,CONTENTCOLOR,REFENTER,MULTIPLELINES,DR,TS ) values  ( '1001A11LCP000007JZZE','1001A11LCP000007JZY6','自定义项1','def1','def1',120,null,null,null,null,'N','N','N',101,null,null,null,null,null,'2UC000-000749',9,null,56,null,null,null,null,null,null,null,null,null,'N',null,'input',null,null,null,null,null,'Y','6d6d4a15-d9bb-4b0c-9da3-80760872bf87','a2d3d81b-b9a0-40e4-b443-42c3709e49d6',null,null,null,null,null,null,null,null,null,null,null,null,null,null,null,null,null,null,null,null,null,null,null,null,null,null,null,null,null,0,null ) 
/

insert into PUB_FORM_PROPERTY ( PK_FORM_PROPERTY,AREAID,LABEL,CODE,METAPATH,WIDTH,REFCODE,ISNEXTROW,ISREVISE,ISTOTAL,REQUIRED,DISABLED,VISIBLE,MAXLENGTH,TEXTROWS,CREATOR,MODIFIER,CREATIONTIME,MODIFIEDTIME,RESID,POSITION,COLOR,DATATYPE,DATAVAL,SHOWFORMULA,EDITFORMULA,VALIDATEFORMULA,DEFAULTVAR,RELATEMETA,DEFINE1,DEFINE2,DEFINE3,ISMULTISELECTEDENABLED,METADATAPROPERTY,ITEMTYPE,REFNAME,METAID,ISCODE,COLNUM,DEFAULTVALUE,ISDEFINED,CLASSID,PROID,HYPERLINKFLAG,ONLYLEAFCANSELECT,MOBILETITLE,ISLOCK,ISRESLABEL,SHOWDATAVAL,SHOWFOCUS,ISSYNCSIDE,ISSYNCFOLD,ISSYNCLIST,ISDATAPOWERENABLE,ISCONVERTTIMEZONES,REFCONDITION,ISGROUPPOWER,EDITDISABLED,TABSKIP,ALIGNMENT,FROZEN,SHOWASRANGE,ANOTHERLINE,COLUMNNUM,ICONTYPE,COREINDEX,ISCOREDATA,ISHIGHLIGHT,ISBOLD,CONTENTCOLOR,REFENTER,MULTIPLELINES,DR,TS ) values  ( '1001A11LCP000007JZZF','1001A11LCP000007JZY6','自定义项2','def2','def2',120,null,null,null,null,'N','N','N',101,null,null,null,null,null,'2UC000-000760',10,null,56,null,null,null,null,null,null,null,null,null,'N',null,'input',null,null,null,null,null,'Y','6d6d4a15-d9bb-4b0c-9da3-80760872bf87','c9376c31-bd53-4c4a-bed0-f91463def15e',null,null,null,null,null,null,null,null,null,null,null,null,null,null,null,null,null,null,null,null,null,null,null,null,null,null,null,null,null,0,null ) 
/

insert into PUB_FORM_PROPERTY ( PK_FORM_PROPERTY,AREAID,LABEL,CODE,METAPATH,WIDTH,REFCODE,ISNEXTROW,ISREVISE,ISTOTAL,REQUIRED,DISABLED,VISIBLE,MAXLENGTH,TEXTROWS,CREATOR,MODIFIER,CREATIONTIME,MODIFIEDTIME,RESID,POSITION,COLOR,DATATYPE,DATAVAL,SHOWFORMULA,EDITFORMULA,VALIDATEFORMULA,DEFAULTVAR,RELATEMETA,DEFINE1,DEFINE2,DEFINE3,ISMULTISELECTEDENABLED,METADATAPROPERTY,ITEMTYPE,REFNAME,METAID,ISCODE,COLNUM,DEFAULTVALUE,ISDEFINED,CLASSID,PROID,HYPERLINKFLAG,ONLYLEAFCANSELECT,MOBILETITLE,ISLOCK,ISRESLABEL,SHOWDATAVAL,SHOWFOCUS,ISSYNCSIDE,ISSYNCFOLD,ISSYNCLIST,ISDATAPOWERENABLE,ISCONVERTTIMEZONES,REFCONDITION,ISGROUPPOWER,EDITDISABLED,TABSKIP,ALIGNMENT,FROZEN,SHOWASRANGE,ANOTHERLINE,COLUMNNUM,ICONTYPE,COREINDEX,ISCOREDATA,ISHIGHLIGHT,ISBOLD,CONTENTCOLOR,REFENTER,MULTIPLELINES,DR,TS ) values  ( '1001A11LCP000007JZZG','1001A11LCP000007JZY6','自定义项3','def3','def3',120,null,null,null,null,'N','N','N',101,null,null,null,null,null,'2UC000-000771',11,null,56,null,null,null,null,null,null,null,null,null,'N',null,'input',null,null,null,null,null,'Y','6d6d4a15-d9bb-4b0c-9da3-80760872bf87','a738161e-d272-40f5-86bc-e4861270475e',null,null,null,null,null,null,null,null,null,null,null,null,null,null,null,null,null,null,null,null,null,null,null,null,null,null,null,null,null,0,null ) 
/

insert into PUB_FORM_PROPERTY ( PK_FORM_PROPERTY,AREAID,LABEL,CODE,METAPATH,WIDTH,REFCODE,ISNEXTROW,ISREVISE,ISTOTAL,REQUIRED,DISABLED,VISIBLE,MAXLENGTH,TEXTROWS,CREATOR,MODIFIER,CREATIONTIME,MODIFIEDTIME,RESID,POSITION,COLOR,DATATYPE,DATAVAL,SHOWFORMULA,EDITFORMULA,VALIDATEFORMULA,DEFAULTVAR,RELATEMETA,DEFINE1,DEFINE2,DEFINE3,ISMULTISELECTEDENABLED,METADATAPROPERTY,ITEMTYPE,REFNAME,METAID,ISCODE,COLNUM,DEFAULTVALUE,ISDEFINED,CLASSID,PROID,HYPERLINKFLAG,ONLYLEAFCANSELECT,MOBILETITLE,ISLOCK,ISRESLABEL,SHOWDATAVAL,SHOWFOCUS,ISSYNCSIDE,ISSYNCFOLD,ISSYNCLIST,ISDATAPOWERENABLE,ISCONVERTTIMEZONES,REFCONDITION,ISGROUPPOWER,EDITDISABLED,TABSKIP,ALIGNMENT,FROZEN,SHOWASRANGE,ANOTHERLINE,COLUMNNUM,ICONTYPE,COREINDEX,ISCOREDATA,ISHIGHLIGHT,ISBOLD,CONTENTCOLOR,REFENTER,MULTIPLELINES,DR,TS ) values  ( '1001A11LCP000007JZZH','1001A11LCP000007JZY6','自定义项4','def4','def4',120,null,null,null,null,'N','N','N',101,null,null,null,null,null,'2UC000-000782',12,null,56,null,null,null,null,null,null,null,null,null,'N',null,'input',null,null,null,null,null,'Y','6d6d4a15-d9bb-4b0c-9da3-80760872bf87','bc46758b-4581-4c02-8c37-605916d86f9e',null,null,null,null,null,null,null,null,null,null,null,null,null,null,null,null,null,null,null,null,null,null,null,null,null,null,null,null,null,0,null ) 
/

insert into PUB_FORM_PROPERTY ( PK_FORM_PROPERTY,AREAID,LABEL,CODE,METAPATH,WIDTH,REFCODE,ISNEXTROW,ISREVISE,ISTOTAL,REQUIRED,DISABLED,VISIBLE,MAXLENGTH,TEXTROWS,CREATOR,MODIFIER,CREATIONTIME,MODIFIEDTIME,RESID,POSITION,COLOR,DATATYPE,DATAVAL,SHOWFORMULA,EDITFORMULA,VALIDATEFORMULA,DEFAULTVAR,RELATEMETA,DEFINE1,DEFINE2,DEFINE3,ISMULTISELECTEDENABLED,METADATAPROPERTY,ITEMTYPE,REFNAME,METAID,ISCODE,COLNUM,DEFAULTVALUE,ISDEFINED,CLASSID,PROID,HYPERLINKFLAG,ONLYLEAFCANSELECT,MOBILETITLE,ISLOCK,ISRESLABEL,SHOWDATAVAL,SHOWFOCUS,ISSYNCSIDE,ISSYNCFOLD,ISSYNCLIST,ISDATAPOWERENABLE,ISCONVERTTIMEZONES,REFCONDITION,ISGROUPPOWER,EDITDISABLED,TABSKIP,ALIGNMENT,FROZEN,SHOWASRANGE,ANOTHERLINE,COLUMNNUM,ICONTYPE,COREINDEX,ISCOREDATA,ISHIGHLIGHT,ISBOLD,CONTENTCOLOR,REFENTER,MULTIPLELINES,DR,TS ) values  ( '1001A11LCP000007JZZI','1001A11LCP000007JZY6','自定义项5','def5','def5',120,null,null,null,null,'N','N','N',101,null,null,null,null,null,'2UC000-000784',13,null,56,null,null,null,null,null,null,null,null,null,'N',null,'input',null,null,null,null,null,'Y','6d6d4a15-d9bb-4b0c-9da3-80760872bf87','84591656-4464-4b1b-bf96-3cfd8fe87b51',null,null,null,null,null,null,null,null,null,null,null,null,null,null,null,null,null,null,null,null,null,null,null,null,null,null,null,null,null,0,null ) 
/

insert into PUB_FORM_PROPERTY ( PK_FORM_PROPERTY,AREAID,LABEL,CODE,METAPATH,WIDTH,REFCODE,ISNEXTROW,ISREVISE,ISTOTAL,REQUIRED,DISABLED,VISIBLE,MAXLENGTH,TEXTROWS,CREATOR,MODIFIER,CREATIONTIME,MODIFIEDTIME,RESID,POSITION,COLOR,DATATYPE,DATAVAL,SHOWFORMULA,EDITFORMULA,VALIDATEFORMULA,DEFAULTVAR,RELATEMETA,DEFINE1,DEFINE2,DEFINE3,ISMULTISELECTEDENABLED,METADATAPROPERTY,ITEMTYPE,REFNAME,METAID,ISCODE,COLNUM,DEFAULTVALUE,ISDEFINED,CLASSID,PROID,HYPERLINKFLAG,ONLYLEAFCANSELECT,MOBILETITLE,ISLOCK,ISRESLABEL,SHOWDATAVAL,SHOWFOCUS,ISSYNCSIDE,ISSYNCFOLD,ISSYNCLIST,ISDATAPOWERENABLE,ISCONVERTTIMEZONES,REFCONDITION,ISGROUPPOWER,EDITDISABLED,TABSKIP,ALIGNMENT,FROZEN,SHOWASRANGE,ANOTHERLINE,COLUMNNUM,ICONTYPE,COREINDEX,ISCOREDATA,ISHIGHLIGHT,ISBOLD,CONTENTCOLOR,REFENTER,MULTIPLELINES,DR,TS ) values  ( '1001A11LCP000007JZZJ','1001A11LCP000007JZY6','自定义项6','def6','def6',120,null,null,null,null,'N','N','N',101,null,null,null,null,null,'2UC000-000785',14,null,56,null,null,null,null,null,null,null,null,null,'N',null,'input',null,null,null,null,null,'Y','6d6d4a15-d9bb-4b0c-9da3-80760872bf87','ad14d379-26ab-4f74-be8b-a52605a93595',null,null,null,null,null,null,null,null,null,null,null,null,null,null,null,null,null,null,null,null,null,null,null,null,null,null,null,null,null,0,null ) 
/

insert into PUB_FORM_PROPERTY ( PK_FORM_PROPERTY,AREAID,LABEL,CODE,METAPATH,WIDTH,REFCODE,ISNEXTROW,ISREVISE,ISTOTAL,REQUIRED,DISABLED,VISIBLE,MAXLENGTH,TEXTROWS,CREATOR,MODIFIER,CREATIONTIME,MODIFIEDTIME,RESID,POSITION,COLOR,DATATYPE,DATAVAL,SHOWFORMULA,EDITFORMULA,VALIDATEFORMULA,DEFAULTVAR,RELATEMETA,DEFINE1,DEFINE2,DEFINE3,ISMULTISELECTEDENABLED,METADATAPROPERTY,ITEMTYPE,REFNAME,METAID,ISCODE,COLNUM,DEFAULTVALUE,ISDEFINED,CLASSID,PROID,HYPERLINKFLAG,ONLYLEAFCANSELECT,MOBILETITLE,ISLOCK,ISRESLABEL,SHOWDATAVAL,SHOWFOCUS,ISSYNCSIDE,ISSYNCFOLD,ISSYNCLIST,ISDATAPOWERENABLE,ISCONVERTTIMEZONES,REFCONDITION,ISGROUPPOWER,EDITDISABLED,TABSKIP,ALIGNMENT,FROZEN,SHOWASRANGE,ANOTHERLINE,COLUMNNUM,ICONTYPE,COREINDEX,ISCOREDATA,ISHIGHLIGHT,ISBOLD,CONTENTCOLOR,REFENTER,MULTIPLELINES,DR,TS ) values  ( '1001A11LCP000007JZZK','1001A11LCP000007JZY6','自定义项7','def7','def7',120,null,null,null,null,'N','N','N',101,null,null,null,null,null,'2UC000-000786',15,null,56,null,null,null,null,null,null,null,null,null,'N',null,'input',null,null,null,null,null,'Y','6d6d4a15-d9bb-4b0c-9da3-80760872bf87','2cb03bce-514b-4ac8-8d06-e79a290a309c',null,null,null,null,null,null,null,null,null,null,null,null,null,null,null,null,null,null,null,null,null,null,null,null,null,null,null,null,null,0,null ) 
/

insert into PUB_FORM_PROPERTY ( PK_FORM_PROPERTY,AREAID,LABEL,CODE,METAPATH,WIDTH,REFCODE,ISNEXTROW,ISREVISE,ISTOTAL,REQUIRED,DISABLED,VISIBLE,MAXLENGTH,TEXTROWS,CREATOR,MODIFIER,CREATIONTIME,MODIFIEDTIME,RESID,POSITION,COLOR,DATATYPE,DATAVAL,SHOWFORMULA,EDITFORMULA,VALIDATEFORMULA,DEFAULTVAR,RELATEMETA,DEFINE1,DEFINE2,DEFINE3,ISMULTISELECTEDENABLED,METADATAPROPERTY,ITEMTYPE,REFNAME,METAID,ISCODE,COLNUM,DEFAULTVALUE,ISDEFINED,CLASSID,PROID,HYPERLINKFLAG,ONLYLEAFCANSELECT,MOBILETITLE,ISLOCK,ISRESLABEL,SHOWDATAVAL,SHOWFOCUS,ISSYNCSIDE,ISSYNCFOLD,ISSYNCLIST,ISDATAPOWERENABLE,ISCONVERTTIMEZONES,REFCONDITION,ISGROUPPOWER,EDITDISABLED,TABSKIP,ALIGNMENT,FROZEN,SHOWASRANGE,ANOTHERLINE,COLUMNNUM,ICONTYPE,COREINDEX,ISCOREDATA,ISHIGHLIGHT,ISBOLD,CONTENTCOLOR,REFENTER,MULTIPLELINES,DR,TS ) values  ( '1001A11LCP000007JZZL','1001A11LCP000007JZY6','自定义项8','def8','def8',120,null,null,null,null,'N','N','N',101,null,null,null,null,null,'2UC000-000787',16,null,56,null,null,null,null,null,null,null,null,null,'N',null,'input',null,null,null,null,null,'Y','6d6d4a15-d9bb-4b0c-9da3-80760872bf87','37bc7d32-6564-4630-82f3-58d5f4956b3c',null,null,null,null,null,null,null,null,null,null,null,null,null,null,null,null,null,null,null,null,null,null,null,null,null,null,null,null,null,0,null ) 
/

insert into PUB_FORM_PROPERTY ( PK_FORM_PROPERTY,AREAID,LABEL,CODE,METAPATH,WIDTH,REFCODE,ISNEXTROW,ISREVISE,ISTOTAL,REQUIRED,DISABLED,VISIBLE,MAXLENGTH,TEXTROWS,CREATOR,MODIFIER,CREATIONTIME,MODIFIEDTIME,RESID,POSITION,COLOR,DATATYPE,DATAVAL,SHOWFORMULA,EDITFORMULA,VALIDATEFORMULA,DEFAULTVAR,RELATEMETA,DEFINE1,DEFINE2,DEFINE3,ISMULTISELECTEDENABLED,METADATAPROPERTY,ITEMTYPE,REFNAME,METAID,ISCODE,COLNUM,DEFAULTVALUE,ISDEFINED,CLASSID,PROID,HYPERLINKFLAG,ONLYLEAFCANSELECT,MOBILETITLE,ISLOCK,ISRESLABEL,SHOWDATAVAL,SHOWFOCUS,ISSYNCSIDE,ISSYNCFOLD,ISSYNCLIST,ISDATAPOWERENABLE,ISCONVERTTIMEZONES,REFCONDITION,ISGROUPPOWER,EDITDISABLED,TABSKIP,ALIGNMENT,FROZEN,SHOWASRANGE,ANOTHERLINE,COLUMNNUM,ICONTYPE,COREINDEX,ISCOREDATA,ISHIGHLIGHT,ISBOLD,CONTENTCOLOR,REFENTER,MULTIPLELINES,DR,TS ) values  ( '1001A11LCP000007JZZM','1001A11LCP000007JZY6','自定义项9','def9','def9',120,null,null,null,null,'N','N','N',101,null,null,null,null,null,'2UC000-000788',17,null,56,null,null,null,null,null,null,null,null,null,'N',null,'input',null,null,null,null,null,'Y','6d6d4a15-d9bb-4b0c-9da3-80760872bf87','485d5652-5cb7-4a26-96ac-c1d1cb72431b',null,null,null,null,null,null,null,null,null,null,null,null,null,null,null,null,null,null,null,null,null,null,null,null,null,null,null,null,null,0,null ) 
/

insert into PUB_FORM_PROPERTY ( PK_FORM_PROPERTY,AREAID,LABEL,CODE,METAPATH,WIDTH,REFCODE,ISNEXTROW,ISREVISE,ISTOTAL,REQUIRED,DISABLED,VISIBLE,MAXLENGTH,TEXTROWS,CREATOR,MODIFIER,CREATIONTIME,MODIFIEDTIME,RESID,POSITION,COLOR,DATATYPE,DATAVAL,SHOWFORMULA,EDITFORMULA,VALIDATEFORMULA,DEFAULTVAR,RELATEMETA,DEFINE1,DEFINE2,DEFINE3,ISMULTISELECTEDENABLED,METADATAPROPERTY,ITEMTYPE,REFNAME,METAID,ISCODE,COLNUM,DEFAULTVALUE,ISDEFINED,CLASSID,PROID,HYPERLINKFLAG,ONLYLEAFCANSELECT,MOBILETITLE,ISLOCK,ISRESLABEL,SHOWDATAVAL,SHOWFOCUS,ISSYNCSIDE,ISSYNCFOLD,ISSYNCLIST,ISDATAPOWERENABLE,ISCONVERTTIMEZONES,REFCONDITION,ISGROUPPOWER,EDITDISABLED,TABSKIP,ALIGNMENT,FROZEN,SHOWASRANGE,ANOTHERLINE,COLUMNNUM,ICONTYPE,COREINDEX,ISCOREDATA,ISHIGHLIGHT,ISBOLD,CONTENTCOLOR,REFENTER,MULTIPLELINES,DR,TS ) values  ( '1001A11LCP000007JZZN','1001A11LCP000007JZY6','自定义项10','def10','def10',120,null,null,null,null,'N','N','N',101,null,null,null,null,null,'2UC000-000750',18,null,56,null,null,null,null,null,null,null,null,null,'N',null,'input',null,null,null,null,null,'Y','6d6d4a15-d9bb-4b0c-9da3-80760872bf87','c16bd83f-685e-45a7-bb9b-161887a4ad19',null,null,null,null,null,null,null,null,null,null,null,null,null,null,null,null,null,null,null,null,null,null,null,null,null,null,null,null,null,0,null ) 
/

insert into PUB_FORM_PROPERTY ( PK_FORM_PROPERTY,AREAID,LABEL,CODE,METAPATH,WIDTH,REFCODE,ISNEXTROW,ISREVISE,ISTOTAL,REQUIRED,DISABLED,VISIBLE,MAXLENGTH,TEXTROWS,CREATOR,MODIFIER,CREATIONTIME,MODIFIEDTIME,RESID,POSITION,COLOR,DATATYPE,DATAVAL,SHOWFORMULA,EDITFORMULA,VALIDATEFORMULA,DEFAULTVAR,RELATEMETA,DEFINE1,DEFINE2,DEFINE3,ISMULTISELECTEDENABLED,METADATAPROPERTY,ITEMTYPE,REFNAME,METAID,ISCODE,COLNUM,DEFAULTVALUE,ISDEFINED,CLASSID,PROID,HYPERLINKFLAG,ONLYLEAFCANSELECT,MOBILETITLE,ISLOCK,ISRESLABEL,SHOWDATAVAL,SHOWFOCUS,ISSYNCSIDE,ISSYNCFOLD,ISSYNCLIST,ISDATAPOWERENABLE,ISCONVERTTIMEZONES,REFCONDITION,ISGROUPPOWER,EDITDISABLED,TABSKIP,ALIGNMENT,FROZEN,SHOWASRANGE,ANOTHERLINE,COLUMNNUM,ICONTYPE,COREINDEX,ISCOREDATA,ISHIGHLIGHT,ISBOLD,CONTENTCOLOR,REFENTER,MULTIPLELINES,DR,TS ) values  ( '1001A11LCP000007JZZO','1001A11LCP000007JZY6','目的组织','destorg','destorg',120,null,null,null,null,'Y','N','Y',0,null,null,null,null,null,'2UC000-000656',19,null,203,'本组织=0,集团=1,全局=2',null,null,null,null,null,null,null,null,'N',null,'select',null,null,null,null,null,'N','6d6d4a15-d9bb-4b0c-9da3-80760872bf87','ad3e1c7e-b210-41aa-b554-0c1d2abc9b9d',null,null,null,null,null,'本组织=0,集团=1,全局=2',null,null,null,null,null,null,null,null,null,null,null,null,null,null,null,null,null,null,null,null,null,null,null,0,null ) 
/

insert into PUB_FORM_PROPERTY ( PK_FORM_PROPERTY,AREAID,LABEL,CODE,METAPATH,WIDTH,REFCODE,ISNEXTROW,ISREVISE,ISTOTAL,REQUIRED,DISABLED,VISIBLE,MAXLENGTH,TEXTROWS,CREATOR,MODIFIER,CREATIONTIME,MODIFIEDTIME,RESID,POSITION,COLOR,DATATYPE,DATAVAL,SHOWFORMULA,EDITFORMULA,VALIDATEFORMULA,DEFAULTVAR,RELATEMETA,DEFINE1,DEFINE2,DEFINE3,ISMULTISELECTEDENABLED,METADATAPROPERTY,ITEMTYPE,REFNAME,METAID,ISCODE,COLNUM,DEFAULTVALUE,ISDEFINED,CLASSID,PROID,HYPERLINKFLAG,ONLYLEAFCANSELECT,MOBILETITLE,ISLOCK,ISRESLABEL,SHOWDATAVAL,SHOWFOCUS,ISSYNCSIDE,ISSYNCFOLD,ISSYNCLIST,ISDATAPOWERENABLE,ISCONVERTTIMEZONES,REFCONDITION,ISGROUPPOWER,EDITDISABLED,TABSKIP,ALIGNMENT,FROZEN,SHOWASRANGE,ANOTHERLINE,COLUMNNUM,ICONTYPE,COREINDEX,ISCOREDATA,ISHIGHLIGHT,ISBOLD,CONTENTCOLOR,REFENTER,MULTIPLELINES,DR,TS ) values  ( '1001A11LCP000007JZZP','1001A11LCP000007JZY6','申请时间','proposetime','proposetime',120,null,null,null,null,'N','N','Y',19,null,null,null,null,null,'2UC000-000649',20,null,34,null,null,null,null,null,null,null,null,null,'N',null,'datetimepicker',null,null,null,null,null,'N','6d6d4a15-d9bb-4b0c-9da3-80760872bf87','bdfabc23-0daa-4ab6-b631-3077b6f252fb',null,null,null,null,null,null,null,null,null,null,null,null,null,null,null,null,null,null,null,null,null,null,null,null,null,null,null,null,null,0,null ) 
/

insert into PUB_FORM_PROPERTY ( PK_FORM_PROPERTY,AREAID,LABEL,CODE,METAPATH,WIDTH,REFCODE,ISNEXTROW,ISREVISE,ISTOTAL,REQUIRED,DISABLED,VISIBLE,MAXLENGTH,TEXTROWS,CREATOR,MODIFIER,CREATIONTIME,MODIFIEDTIME,RESID,POSITION,COLOR,DATATYPE,DATAVAL,SHOWFORMULA,EDITFORMULA,VALIDATEFORMULA,DEFAULTVAR,RELATEMETA,DEFINE1,DEFINE2,DEFINE3,ISMULTISELECTEDENABLED,METADATAPROPERTY,ITEMTYPE,REFNAME,METAID,ISCODE,COLNUM,DEFAULTVALUE,ISDEFINED,CLASSID,PROID,HYPERLINKFLAG,ONLYLEAFCANSELECT,MOBILETITLE,ISLOCK,ISRESLABEL,SHOWDATAVAL,SHOWFOCUS,ISSYNCSIDE,ISSYNCFOLD,ISSYNCLIST,ISDATAPOWERENABLE,ISCONVERTTIMEZONES,REFCONDITION,ISGROUPPOWER,EDITDISABLED,TABSKIP,ALIGNMENT,FROZEN,SHOWASRANGE,ANOTHERLINE,COLUMNNUM,ICONTYPE,COREINDEX,ISCOREDATA,ISHIGHLIGHT,ISBOLD,CONTENTCOLOR,REFENTER,MULTIPLELINES,DR,TS ) values  ( '1001A11LCP000007JZZQ','1001A11LCP000007JZY6','客户所属组织','customerorg','customerorg',120,'uapbd/refer/org/BusinessUnitTreeRef/index',null,null,null,'N','N','Y',20,null,null,null,null,null,'2custpf-000007',21,null,204,'0001Z01000000001BVPU,code=N',null,null,null,null,null,null,null,null,'N','uap.org.name','refer','业务单元','985be8a4-3a36-4778-8afe-2d8ed3902659',null,null,null,'N','6d6d4a15-d9bb-4b0c-9da3-80760872bf87','519c502f-31ae-4d39-bb31-2678898f5d4f',null,null,null,null,null,null,null,null,null,null,null,null,null,null,null,null,null,null,null,null,null,null,null,null,null,null,null,null,null,0,null ) 
/

insert into PUB_FORM_PROPERTY ( PK_FORM_PROPERTY,AREAID,LABEL,CODE,METAPATH,WIDTH,REFCODE,ISNEXTROW,ISREVISE,ISTOTAL,REQUIRED,DISABLED,VISIBLE,MAXLENGTH,TEXTROWS,CREATOR,MODIFIER,CREATIONTIME,MODIFIEDTIME,RESID,POSITION,COLOR,DATATYPE,DATAVAL,SHOWFORMULA,EDITFORMULA,VALIDATEFORMULA,DEFAULTVAR,RELATEMETA,DEFINE1,DEFINE2,DEFINE3,ISMULTISELECTEDENABLED,METADATAPROPERTY,ITEMTYPE,REFNAME,METAID,ISCODE,COLNUM,DEFAULTVALUE,ISDEFINED,CLASSID,PROID,HYPERLINKFLAG,ONLYLEAFCANSELECT,MOBILETITLE,ISLOCK,ISRESLABEL,SHOWDATAVAL,SHOWFOCUS,ISSYNCSIDE,ISSYNCFOLD,ISSYNCLIST,ISDATAPOWERENABLE,ISCONVERTTIMEZONES,REFCONDITION,ISGROUPPOWER,EDITDISABLED,TABSKIP,ALIGNMENT,FROZEN,SHOWASRANGE,ANOTHERLINE,COLUMNNUM,ICONTYPE,COREINDEX,ISCOREDATA,ISHIGHLIGHT,ISBOLD,CONTENTCOLOR,REFENTER,MULTIPLELINES,DR,TS ) values  ( '1001A11LCP000007JZZR','1001A11LCP000007JZY6','客户编码','customercode','customercode',120,null,null,null,null,'N','N','Y',40,null,null,null,null,null,'2custpf-000009',22,null,1,null,null,null,null,null,null,null,null,null,'N',null,'input',null,null,null,null,null,'N','6d6d4a15-d9bb-4b0c-9da3-80760872bf87','b74411e1-5401-41d9-a4fa-eba3228e09fe',null,null,null,null,null,null,null,null,null,null,null,null,null,null,null,null,null,null,null,null,null,null,null,null,null,null,null,null,null,0,null ) 
/

insert into PUB_FORM_PROPERTY ( PK_FORM_PROPERTY,AREAID,LABEL,CODE,METAPATH,WIDTH,REFCODE,ISNEXTROW,ISREVISE,ISTOTAL,REQUIRED,DISABLED,VISIBLE,MAXLENGTH,TEXTROWS,CREATOR,MODIFIER,CREATIONTIME,MODIFIEDTIME,RESID,POSITION,COLOR,DATATYPE,DATAVAL,SHOWFORMULA,EDITFORMULA,VALIDATEFORMULA,DEFAULTVAR,RELATEMETA,DEFINE1,DEFINE2,DEFINE3,ISMULTISELECTEDENABLED,METADATAPROPERTY,ITEMTYPE,REFNAME,METAID,ISCODE,COLNUM,DEFAULTVALUE,ISDEFINED,CLASSID,PROID,HYPERLINKFLAG,ONLYLEAFCANSELECT,MOBILETITLE,ISLOCK,ISRESLABEL,SHOWDATAVAL,SHOWFOCUS,ISSYNCSIDE,ISSYNCFOLD,ISSYNCLIST,ISDATAPOWERENABLE,ISCONVERTTIMEZONES,REFCONDITION,ISGROUPPOWER,EDITDISABLED,TABSKIP,ALIGNMENT,FROZEN,SHOWASRANGE,ANOTHERLINE,COLUMNNUM,ICONTYPE,COREINDEX,ISCOREDATA,ISHIGHLIGHT,ISBOLD,CONTENTCOLOR,REFENTER,MULTIPLELINES,DR,TS ) values  ( '1001A11LCP000007JZZS','1001A11LCP000007JZY6','客户名称','customername','customername',120,null,null,null,null,'N','N','Y',133,null,null,null,null,null,'2UC000-000285',23,null,58,null,null,null,null,null,null,null,null,null,'N',null,'residtxt',null,null,null,null,null,'N','6d6d4a15-d9bb-4b0c-9da3-80760872bf87','51ed8b94-caae-47e8-83ab-8c4d6bf09686',null,null,null,null,null,null,null,null,null,null,null,null,null,null,null,null,null,null,null,null,null,null,null,null,null,null,null,null,null,0,null ) 
/

insert into PUB_FORM_PROPERTY ( PK_FORM_PROPERTY,AREAID,LABEL,CODE,METAPATH,WIDTH,REFCODE,ISNEXTROW,ISREVISE,ISTOTAL,REQUIRED,DISABLED,VISIBLE,MAXLENGTH,TEXTROWS,CREATOR,MODIFIER,CREATIONTIME,MODIFIEDTIME,RESID,POSITION,COLOR,DATATYPE,DATAVAL,SHOWFORMULA,EDITFORMULA,VALIDATEFORMULA,DEFAULTVAR,RELATEMETA,DEFINE1,DEFINE2,DEFINE3,ISMULTISELECTEDENABLED,METADATAPROPERTY,ITEMTYPE,REFNAME,METAID,ISCODE,COLNUM,DEFAULTVALUE,ISDEFINED,CLASSID,PROID,HYPERLINKFLAG,ONLYLEAFCANSELECT,MOBILETITLE,ISLOCK,ISRESLABEL,SHOWDATAVAL,SHOWFOCUS,ISSYNCSIDE,ISSYNCFOLD,ISSYNCLIST,ISDATAPOWERENABLE,ISCONVERTTIMEZONES,REFCONDITION,ISGROUPPOWER,EDITDISABLED,TABSKIP,ALIGNMENT,FROZEN,SHOWASRANGE,ANOTHERLINE,COLUMNNUM,ICONTYPE,COREINDEX,ISCOREDATA,ISHIGHLIGHT,ISBOLD,CONTENTCOLOR,REFENTER,MULTIPLELINES,DR,TS ) values  ( '1001A11LCP000007JZZT','1001A11LCP000007JZY6','客户基本分类','pk_custclass','pk_custclass',120,'uapbd/refer/customer/CustClassDefaultTreeRef/index',null,null,null,'N','N','Y',20,null,null,null,null,null,'2custpf-000004',24,null,204,'0001Z01000000001BVPL,code=N',null,null,null,null,null,null,null,null,'N','uap.custclass.name','refer','客户基本分类','b941438d-ce1f-4fd7-b972-f4f342fbd04f',null,null,null,'N','6d6d4a15-d9bb-4b0c-9da3-80760872bf87','72db616f-e6be-491b-9ea1-c14613ccda7e',null,null,null,null,null,null,null,null,null,null,null,null,null,null,null,null,null,null,null,null,null,null,null,null,null,null,null,null,null,0,null ) 
/

insert into PUB_FORM_PROPERTY ( PK_FORM_PROPERTY,AREAID,LABEL,CODE,METAPATH,WIDTH,REFCODE,ISNEXTROW,ISREVISE,ISTOTAL,REQUIRED,DISABLED,VISIBLE,MAXLENGTH,TEXTROWS,CREATOR,MODIFIER,CREATIONTIME,MODIFIEDTIME,RESID,POSITION,COLOR,DATATYPE,DATAVAL,SHOWFORMULA,EDITFORMULA,VALIDATEFORMULA,DEFAULTVAR,RELATEMETA,DEFINE1,DEFINE2,DEFINE3,ISMULTISELECTEDENABLED,METADATAPROPERTY,ITEMTYPE,REFNAME,METAID,ISCODE,COLNUM,DEFAULTVALUE,ISDEFINED,CLASSID,PROID,HYPERLINKFLAG,ONLYLEAFCANSELECT,MOBILETITLE,ISLOCK,ISRESLABEL,SHOWDATAVAL,SHOWFOCUS,ISSYNCSIDE,ISSYNCFOLD,ISSYNCLIST,ISDATAPOWERENABLE,ISCONVERTTIMEZONES,REFCONDITION,ISGROUPPOWER,EDITDISABLED,TABSKIP,ALIGNMENT,FROZEN,SHOWASRANGE,ANOTHERLINE,COLUMNNUM,ICONTYPE,COREINDEX,ISCOREDATA,ISHIGHLIGHT,ISBOLD,CONTENTCOLOR,REFENTER,MULTIPLELINES,DR,TS ) values  ( '1001A11LCP000007JZZU','1001A11LCP000007JZY6','创建人','creator','creator',120,'uap/refer/riart/userDefaultRefer/index',null,null,null,'N','N','Y',20,null,null,null,null,null,'2UC000-000155',25,null,204,'0001Z01000000001BVPB,code=N',null,null,null,null,null,null,null,null,'N','uap.user.user_name','refer','用户','f6f9a473-56c0-432f-8bc7-fbf8fde54fee',null,null,null,'N','6d6d4a15-d9bb-4b0c-9da3-80760872bf87','ee28a463-6c21-44c4-9549-5e9e73914fd7',null,null,null,null,null,null,null,null,null,null,null,null,null,null,null,null,null,null,null,null,null,null,null,null,null,null,null,null,null,0,null ) 
/

insert into PUB_FORM_PROPERTY ( PK_FORM_PROPERTY,AREAID,LABEL,CODE,METAPATH,WIDTH,REFCODE,ISNEXTROW,ISREVISE,ISTOTAL,REQUIRED,DISABLED,VISIBLE,MAXLENGTH,TEXTROWS,CREATOR,MODIFIER,CREATIONTIME,MODIFIEDTIME,RESID,POSITION,COLOR,DATATYPE,DATAVAL,SHOWFORMULA,EDITFORMULA,VALIDATEFORMULA,DEFAULTVAR,RELATEMETA,DEFINE1,DEFINE2,DEFINE3,ISMULTISELECTEDENABLED,METADATAPROPERTY,ITEMTYPE,REFNAME,METAID,ISCODE,COLNUM,DEFAULTVALUE,ISDEFINED,CLASSID,PROID,HYPERLINKFLAG,ONLYLEAFCANSELECT,MOBILETITLE,ISLOCK,ISRESLABEL,SHOWDATAVAL,SHOWFOCUS,ISSYNCSIDE,ISSYNCFOLD,ISSYNCLIST,ISDATAPOWERENABLE,ISCONVERTTIMEZONES,REFCONDITION,ISGROUPPOWER,EDITDISABLED,TABSKIP,ALIGNMENT,FROZEN,SHOWASRANGE,ANOTHERLINE,COLUMNNUM,ICONTYPE,COREINDEX,ISCOREDATA,ISHIGHLIGHT,ISBOLD,CONTENTCOLOR,REFENTER,MULTIPLELINES,DR,TS ) values  ( '1001A11LCP000007JZZV','1001A11LCP000007JZY6','单据类型','pk_billtype','pk_billtype',120,'uap/refer/riart/billtype/index',null,null,null,'N','N','Y',20,null,null,null,null,null,'2UC000-000194',27,null,204,'0001Z0100BILLTYPEZJ7,code=N',null,null,null,null,null,null,null,null,'N','uap.BilltypeVO.billtypename','refer','影响因素单据类型','b0fa41cd-a649-4309-b685-d341a5d1b0ed',null,null,null,'N','6d6d4a15-d9bb-4b0c-9da3-80760872bf87','8737f7b1-b880-4a46-adb8-a001da6bff6f',null,null,null,null,null,null,null,null,null,null,null,null,null,null,null,null,null,null,null,null,null,null,null,null,null,null,null,null,null,0,null ) 
/

insert into PUB_FORM_PROPERTY ( PK_FORM_PROPERTY,AREAID,LABEL,CODE,METAPATH,WIDTH,REFCODE,ISNEXTROW,ISREVISE,ISTOTAL,REQUIRED,DISABLED,VISIBLE,MAXLENGTH,TEXTROWS,CREATOR,MODIFIER,CREATIONTIME,MODIFIEDTIME,RESID,POSITION,COLOR,DATATYPE,DATAVAL,SHOWFORMULA,EDITFORMULA,VALIDATEFORMULA,DEFAULTVAR,RELATEMETA,DEFINE1,DEFINE2,DEFINE3,ISMULTISELECTEDENABLED,METADATAPROPERTY,ITEMTYPE,REFNAME,METAID,ISCODE,COLNUM,DEFAULTVALUE,ISDEFINED,CLASSID,PROID,HYPERLINKFLAG,ONLYLEAFCANSELECT,MOBILETITLE,ISLOCK,ISRESLABEL,SHOWDATAVAL,SHOWFOCUS,ISSYNCSIDE,ISSYNCFOLD,ISSYNCLIST,ISDATAPOWERENABLE,ISCONVERTTIMEZONES,REFCONDITION,ISGROUPPOWER,EDITDISABLED,TABSKIP,ALIGNMENT,FROZEN,SHOWASRANGE,ANOTHERLINE,COLUMNNUM,ICONTYPE,COREINDEX,ISCOREDATA,ISHIGHLIGHT,ISBOLD,CONTENTCOLOR,REFENTER,MULTIPLELINES,DR,TS ) values  ( '1001A11LCP000007JZZW','1001A11LCP000007JZY6','审批状态','approvestate','approvestate',120,null,null,null,null,'Y','N','Y',0,null,null,null,null,null,'2UC000-000276',28,null,203,'审批未通过=0,审批通过=1,审批进行中=2,提交=3,自由=-1',null,null,null,null,null,null,null,null,'N',null,'select',null,null,null,null,null,'N','6d6d4a15-d9bb-4b0c-9da3-80760872bf87','52bd2156-b119-4f99-923c-ea718c5eed22',null,null,null,null,null,'审批未通过=0,审批通过=1,审批进行中=2,提交=3,自由=-1',null,null,null,null,null,null,null,null,null,null,null,null,null,null,null,null,null,null,null,null,null,null,null,0,null ) 
/

insert into PUB_FORM_PROPERTY ( PK_FORM_PROPERTY,AREAID,LABEL,CODE,METAPATH,WIDTH,REFCODE,ISNEXTROW,ISREVISE,ISTOTAL,REQUIRED,DISABLED,VISIBLE,MAXLENGTH,TEXTROWS,CREATOR,MODIFIER,CREATIONTIME,MODIFIEDTIME,RESID,POSITION,COLOR,DATATYPE,DATAVAL,SHOWFORMULA,EDITFORMULA,VALIDATEFORMULA,DEFAULTVAR,RELATEMETA,DEFINE1,DEFINE2,DEFINE3,ISMULTISELECTEDENABLED,METADATAPROPERTY,ITEMTYPE,REFNAME,METAID,ISCODE,COLNUM,DEFAULTVALUE,ISDEFINED,CLASSID,PROID,HYPERLINKFLAG,ONLYLEAFCANSELECT,MOBILETITLE,ISLOCK,ISRESLABEL,SHOWDATAVAL,SHOWFOCUS,ISSYNCSIDE,ISSYNCFOLD,ISSYNCLIST,ISDATAPOWERENABLE,ISCONVERTTIMEZONES,REFCONDITION,ISGROUPPOWER,EDITDISABLED,TABSKIP,ALIGNMENT,FROZEN,SHOWASRANGE,ANOTHERLINE,COLUMNNUM,ICONTYPE,COREINDEX,ISCOREDATA,ISHIGHLIGHT,ISBOLD,CONTENTCOLOR,REFENTER,MULTIPLELINES,DR,TS ) values  ( '1001A11LCP000007JZZX','1001A11LCP000007JZY6','最后审批人','approver','approver',120,'uap/refer/riart/userDefaultRefer/index',null,null,null,'N','N','Y',20,null,null,null,null,null,'2custpf-000002',29,null,204,'0001Z01000000001BVPB,code=N',null,null,null,null,null,null,null,null,'N','uap.user.user_name','refer','用户','f6f9a473-56c0-432f-8bc7-fbf8fde54fee',null,null,null,'N','6d6d4a15-d9bb-4b0c-9da3-80760872bf87','2d297a79-c23f-4e0a-a750-7f3ac34f8b23',null,null,null,null,null,null,null,null,null,null,null,null,null,null,null,null,null,null,null,null,null,null,null,null,null,null,null,null,null,0,null ) 
/

insert into PUB_FORM_PROPERTY ( PK_FORM_PROPERTY,AREAID,LABEL,CODE,METAPATH,WIDTH,REFCODE,ISNEXTROW,ISREVISE,ISTOTAL,REQUIRED,DISABLED,VISIBLE,MAXLENGTH,TEXTROWS,CREATOR,MODIFIER,CREATIONTIME,MODIFIEDTIME,RESID,POSITION,COLOR,DATATYPE,DATAVAL,SHOWFORMULA,EDITFORMULA,VALIDATEFORMULA,DEFAULTVAR,RELATEMETA,DEFINE1,DEFINE2,DEFINE3,ISMULTISELECTEDENABLED,METADATAPROPERTY,ITEMTYPE,REFNAME,METAID,ISCODE,COLNUM,DEFAULTVALUE,ISDEFINED,CLASSID,PROID,HYPERLINKFLAG,ONLYLEAFCANSELECT,MOBILETITLE,ISLOCK,ISRESLABEL,SHOWDATAVAL,SHOWFOCUS,ISSYNCSIDE,ISSYNCFOLD,ISSYNCLIST,ISDATAPOWERENABLE,ISCONVERTTIMEZONES,REFCONDITION,ISGROUPPOWER,EDITDISABLED,TABSKIP,ALIGNMENT,FROZEN,SHOWASRANGE,ANOTHERLINE,COLUMNNUM,ICONTYPE,COREINDEX,ISCOREDATA,ISHIGHLIGHT,ISBOLD,CONTENTCOLOR,REFENTER,MULTIPLELINES,DR,TS ) values  ( '1001A11LCP000007JZZY','1001A11LCP000007JZY6','最后审批时间','approvetime','approvetime',120,null,null,null,null,'N','N','Y',19,null,null,null,null,null,'2custpf-000005',30,null,34,null,null,null,null,null,null,null,null,null,'N',null,'datetimepicker',null,null,null,null,null,'N','6d6d4a15-d9bb-4b0c-9da3-80760872bf87','5ec38571-ce0a-4fbc-a115-607c351d3055',null,null,null,null,null,null,null,null,null,null,null,null,null,null,null,null,null,null,null,null,null,null,null,null,null,null,null,null,null,0,null ) 
/

insert into PUB_FORM_PROPERTY ( PK_FORM_PROPERTY,AREAID,LABEL,CODE,METAPATH,WIDTH,REFCODE,ISNEXTROW,ISREVISE,ISTOTAL,REQUIRED,DISABLED,VISIBLE,MAXLENGTH,TEXTROWS,CREATOR,MODIFIER,CREATIONTIME,MODIFIEDTIME,RESID,POSITION,COLOR,DATATYPE,DATAVAL,SHOWFORMULA,EDITFORMULA,VALIDATEFORMULA,DEFAULTVAR,RELATEMETA,DEFINE1,DEFINE2,DEFINE3,ISMULTISELECTEDENABLED,METADATAPROPERTY,ITEMTYPE,REFNAME,METAID,ISCODE,COLNUM,DEFAULTVALUE,ISDEFINED,CLASSID,PROID,HYPERLINKFLAG,ONLYLEAFCANSELECT,MOBILETITLE,ISLOCK,ISRESLABEL,SHOWDATAVAL,SHOWFOCUS,ISSYNCSIDE,ISSYNCFOLD,ISSYNCLIST,ISDATAPOWERENABLE,ISCONVERTTIMEZONES,REFCONDITION,ISGROUPPOWER,EDITDISABLED,TABSKIP,ALIGNMENT,FROZEN,SHOWASRANGE,ANOTHERLINE,COLUMNNUM,ICONTYPE,COREINDEX,ISCOREDATA,ISHIGHLIGHT,ISBOLD,CONTENTCOLOR,REFENTER,MULTIPLELINES,DR,TS ) values  ( '1001A11LCP000007JZZZ','1001A11LCP000007JZY6','审批批语','approvenote','approvenote',120,null,null,null,null,'N','N','Y',1024,null,null,null,null,null,'2UC000-000273',31,null,1,null,null,null,null,null,null,null,null,null,'N',null,'input',null,null,null,null,null,'N','6d6d4a15-d9bb-4b0c-9da3-80760872bf87','060781e6-42a5-4af7-8da9-4caf75d365f7',null,null,null,null,null,null,null,null,null,null,null,null,null,null,null,null,null,null,null,null,null,null,null,null,null,null,null,null,null,0,null ) 
/

insert into PUB_FORM_PROPERTY ( PK_FORM_PROPERTY,AREAID,LABEL,CODE,METAPATH,WIDTH,REFCODE,ISNEXTROW,ISREVISE,ISTOTAL,REQUIRED,DISABLED,VISIBLE,MAXLENGTH,TEXTROWS,CREATOR,MODIFIER,CREATIONTIME,MODIFIEDTIME,RESID,POSITION,COLOR,DATATYPE,DATAVAL,SHOWFORMULA,EDITFORMULA,VALIDATEFORMULA,DEFAULTVAR,RELATEMETA,DEFINE1,DEFINE2,DEFINE3,ISMULTISELECTEDENABLED,METADATAPROPERTY,ITEMTYPE,REFNAME,METAID,ISCODE,COLNUM,DEFAULTVALUE,ISDEFINED,CLASSID,PROID,HYPERLINKFLAG,ONLYLEAFCANSELECT,MOBILETITLE,ISLOCK,ISRESLABEL,SHOWDATAVAL,SHOWFOCUS,ISSYNCSIDE,ISSYNCFOLD,ISSYNCLIST,ISDATAPOWERENABLE,ISCONVERTTIMEZONES,REFCONDITION,ISGROUPPOWER,EDITDISABLED,TABSKIP,ALIGNMENT,FROZEN,SHOWASRANGE,ANOTHERLINE,COLUMNNUM,ICONTYPE,COREINDEX,ISCOREDATA,ISHIGHLIGHT,ISBOLD,CONTENTCOLOR,REFENTER,MULTIPLELINES,DR,TS ) values  ( '1001A11LCP000007K000','1001A11LCP000007JZY6','客户申请单主键','pk_customerpf','pk_customerpf',120,null,null,null,null,'Y','Y','N',20,null,null,null,null,null,'2custpf-000003',32,null,51,null,null,null,null,null,null,null,null,null,'N',null,'input',null,null,null,null,null,'N','6d6d4a15-d9bb-4b0c-9da3-80760872bf87','1aaa5334-1864-4e2d-abe8-912b0a680824',null,null,null,null,null,null,null,null,null,null,null,null,null,null,null,null,null,null,null,null,null,null,null,null,null,null,null,null,null,0,null ) 
/

insert into PUB_FORM_PROPERTY ( PK_FORM_PROPERTY,AREAID,LABEL,CODE,METAPATH,WIDTH,REFCODE,ISNEXTROW,ISREVISE,ISTOTAL,REQUIRED,DISABLED,VISIBLE,MAXLENGTH,TEXTROWS,CREATOR,MODIFIER,CREATIONTIME,MODIFIEDTIME,RESID,POSITION,COLOR,DATATYPE,DATAVAL,SHOWFORMULA,EDITFORMULA,VALIDATEFORMULA,DEFAULTVAR,RELATEMETA,DEFINE1,DEFINE2,DEFINE3,ISMULTISELECTEDENABLED,METADATAPROPERTY,ITEMTYPE,REFNAME,METAID,ISCODE,COLNUM,DEFAULTVALUE,ISDEFINED,CLASSID,PROID,HYPERLINKFLAG,ONLYLEAFCANSELECT,MOBILETITLE,ISLOCK,ISRESLABEL,SHOWDATAVAL,SHOWFOCUS,ISSYNCSIDE,ISSYNCFOLD,ISSYNCLIST,ISDATAPOWERENABLE,ISCONVERTTIMEZONES,REFCONDITION,ISGROUPPOWER,EDITDISABLED,TABSKIP,ALIGNMENT,FROZEN,SHOWASRANGE,ANOTHERLINE,COLUMNNUM,ICONTYPE,COREINDEX,ISCOREDATA,ISHIGHLIGHT,ISBOLD,CONTENTCOLOR,REFENTER,MULTIPLELINES,DR,TS ) values  ( '1001A11LCP000007K001','1001A11LCP000007JZY6','申请人','proposer','proposer',120,'uap/refer/riart/userDefaultRefer/index',null,null,null,'N','N','Y',20,null,null,null,null,null,'2UC000-000646',33,null,204,'0001Z01000000001BVPB,code=N',null,null,null,null,null,null,null,null,'N','uap.user.user_name','refer','用户','f6f9a473-56c0-432f-8bc7-fbf8fde54fee',null,null,null,'N','6d6d4a15-d9bb-4b0c-9da3-80760872bf87','9f8f4019-0120-4be0-abc8-892729077a49',null,null,null,null,null,null,null,null,null,null,null,null,null,null,null,null,null,null,null,null,null,null,null,null,null,null,null,null,null,0,null ) 
/

insert into PUB_FORM_PROPERTY ( PK_FORM_PROPERTY,AREAID,LABEL,CODE,METAPATH,WIDTH,REFCODE,ISNEXTROW,ISREVISE,ISTOTAL,REQUIRED,DISABLED,VISIBLE,MAXLENGTH,TEXTROWS,CREATOR,MODIFIER,CREATIONTIME,MODIFIEDTIME,RESID,POSITION,COLOR,DATATYPE,DATAVAL,SHOWFORMULA,EDITFORMULA,VALIDATEFORMULA,DEFAULTVAR,RELATEMETA,DEFINE1,DEFINE2,DEFINE3,ISMULTISELECTEDENABLED,METADATAPROPERTY,ITEMTYPE,REFNAME,METAID,ISCODE,COLNUM,DEFAULTVALUE,ISDEFINED,CLASSID,PROID,HYPERLINKFLAG,ONLYLEAFCANSELECT,MOBILETITLE,ISLOCK,ISRESLABEL,SHOWDATAVAL,SHOWFOCUS,ISSYNCSIDE,ISSYNCFOLD,ISSYNCLIST,ISDATAPOWERENABLE,ISCONVERTTIMEZONES,REFCONDITION,ISGROUPPOWER,EDITDISABLED,TABSKIP,ALIGNMENT,FROZEN,SHOWASRANGE,ANOTHERLINE,COLUMNNUM,ICONTYPE,COREINDEX,ISCOREDATA,ISHIGHLIGHT,ISBOLD,CONTENTCOLOR,REFENTER,MULTIPLELINES,DR,TS ) values  ( '1001A11LCP000007K002','1001A11LCP000007JZY6','备注','remark','remark',120,null,'Y',null,null,'N','N','Y',1024,null,null,null,null,null,'2UC000-000258',34,null,30,null,null,null,null,null,null,null,null,null,'N',null,'textarea',null,null,null,'5',null,'N','6d6d4a15-d9bb-4b0c-9da3-80760872bf87','a3112a3f-f938-4d90-bbee-275f66bf13b3',null,null,null,null,null,null,null,null,null,null,null,null,null,null,null,null,null,null,null,null,null,null,null,null,null,null,null,null,null,0,null ) 
/

insert into PUB_FORM_PROPERTY ( PK_FORM_PROPERTY,AREAID,LABEL,CODE,METAPATH,WIDTH,REFCODE,ISNEXTROW,ISREVISE,ISTOTAL,REQUIRED,DISABLED,VISIBLE,MAXLENGTH,TEXTROWS,CREATOR,MODIFIER,CREATIONTIME,MODIFIEDTIME,RESID,POSITION,COLOR,DATATYPE,DATAVAL,SHOWFORMULA,EDITFORMULA,VALIDATEFORMULA,DEFAULTVAR,RELATEMETA,DEFINE1,DEFINE2,DEFINE3,ISMULTISELECTEDENABLED,METADATAPROPERTY,ITEMTYPE,REFNAME,METAID,ISCODE,COLNUM,DEFAULTVALUE,ISDEFINED,CLASSID,PROID,HYPERLINKFLAG,ONLYLEAFCANSELECT,MOBILETITLE,ISLOCK,ISRESLABEL,SHOWDATAVAL,SHOWFOCUS,ISSYNCSIDE,ISSYNCFOLD,ISSYNCLIST,ISDATAPOWERENABLE,ISCONVERTTIMEZONES,REFCONDITION,ISGROUPPOWER,EDITDISABLED,TABSKIP,ALIGNMENT,FROZEN,SHOWASRANGE,ANOTHERLINE,COLUMNNUM,ICONTYPE,COREINDEX,ISCOREDATA,ISHIGHLIGHT,ISBOLD,CONTENTCOLOR,REFENTER,MULTIPLELINES,DR,TS ) values  ( '1001A11LCP000007K003','1001A11LCP000007JZY6','异常信息','memo','memo',120,null,'Y',null,null,'N','N','Y',1024,null,null,null,null,null,'2custpf-000010',35,null,30,null,null,null,null,null,null,null,null,null,'N',null,'textarea',null,null,null,'5',null,'N','6d6d4a15-d9bb-4b0c-9da3-80760872bf87','0efad2df-3114-4917-8187-6cbad7e25c32',null,null,null,null,null,null,null,null,null,null,null,null,null,null,null,null,null,null,null,null,null,null,null,null,null,null,null,null,null,0,null ) 
/

insert into PUB_AREA ( PK_AREA,CODE,NAME,AREATYPE,ASSOCIATEDTABLAYOUT,TEMPLETID,CREATOR,MODIFIER,CREATIONTIME,MODIFIEDTIME,RESID,RELATIONCODE,AREASTATUS,PAGINATION,CLAZZ,METAID,METANAME,ASSOCIATEDTAB,POSITION,METASPACE,AREADESC,TABHEADCODE,ISUNFOLD,ISGRANDSON,AREAHIDE,ISCLOSEQUICKQUERY,PAGESIZE,MAINNESTAREACODE,COLUMNNUM,ICONTYPE,DR,TS ) values  ( '1001A11LCP000007JZY4','customerpf_transquery','客户申请单_拉单查询区',0,'horizontal','1001A11LCP000007JZSM',null,null,null,null,null,null,'browse','','nc.vo.bd.cust.pf.CustomerPfVO','6d6d4a15-d9bb-4b0c-9da3-80760872bf87','客户申请单',null,7,'uapbd.customerpf',null,null,null,'N',null,null,null,null,null,null,0,'2023-06-25 10:25:07' ) 
/

insert into PUB_AREA ( PK_AREA,CODE,NAME,AREATYPE,ASSOCIATEDTABLAYOUT,TEMPLETID,CREATOR,MODIFIER,CREATIONTIME,MODIFIEDTIME,RESID,RELATIONCODE,AREASTATUS,PAGINATION,CLAZZ,METAID,METANAME,ASSOCIATEDTAB,POSITION,METASPACE,AREADESC,TABHEADCODE,ISUNFOLD,ISGRANDSON,AREAHIDE,ISCLOSEQUICKQUERY,PAGESIZE,MAINNESTAREACODE,COLUMNNUM,ICONTYPE,DR,TS ) values  ( '1001A11LCP000007JZY5','customerpf_transquery','客户申请单_拉单查询区',0,'horizontal',null,null,null,null,null,null,null,'browse','','nc.vo.bd.cust.pf.CustomerPfVO','6d6d4a15-d9bb-4b0c-9da3-80760872bf87','客户申请单',null,null,'uapbd.customerpf',null,null,null,'N',null,null,null,null,null,null,0,null ) 
/

insert into PUB_AREA ( PK_AREA,CODE,NAME,AREATYPE,ASSOCIATEDTABLAYOUT,TEMPLETID,CREATOR,MODIFIER,CREATIONTIME,MODIFIEDTIME,RESID,RELATIONCODE,AREASTATUS,PAGINATION,CLAZZ,METAID,METANAME,ASSOCIATEDTAB,POSITION,METASPACE,AREADESC,TABHEADCODE,ISUNFOLD,ISGRANDSON,AREAHIDE,ISCLOSEQUICKQUERY,PAGESIZE,MAINNESTAREACODE,COLUMNNUM,ICONTYPE,DR,TS ) values  ( '1001A11LCP000007JZY6','customerpf_customerpf_list','客户申请单_拉单上游列表区域',2,'horizontal','1001A11LCP000007JZSM',null,null,null,null,null,null,'browse','true','nc.vo.bd.cust.pf.CustomerPfVO','6d6d4a15-d9bb-4b0c-9da3-80760872bf87','客户申请单',null,8,'uapbd.customerpf',null,null,null,'N',null,null,null,null,null,null,0,'2023-06-25 10:25:07' ) 
/

insert into PUB_AREA ( PK_AREA,CODE,NAME,AREATYPE,ASSOCIATEDTABLAYOUT,TEMPLETID,CREATOR,MODIFIER,CREATIONTIME,MODIFIEDTIME,RESID,RELATIONCODE,AREASTATUS,PAGINATION,CLAZZ,METAID,METANAME,ASSOCIATEDTAB,POSITION,METASPACE,AREADESC,TABHEADCODE,ISUNFOLD,ISGRANDSON,AREAHIDE,ISCLOSEQUICKQUERY,PAGESIZE,MAINNESTAREACODE,COLUMNNUM,ICONTYPE,DR,TS ) values  ( '1001A11LCP000007K004','testmdMasterForm','主实体_主表单',1,'horizontal',null,null,null,null,null,null,null,'browse','','nc.vo.testmd.testmd.TestmdMasterVO','c20d2227-2ecd-44d8-bc4f-f5fcafe82248','主实体',null,null,'testmd.testmdMaster',null,null,null,'N',null,null,null,null,null,null,0,null ) 
/

insert into PUB_AREA ( PK_AREA,CODE,NAME,AREATYPE,ASSOCIATEDTABLAYOUT,TEMPLETID,CREATOR,MODIFIER,CREATIONTIME,MODIFIEDTIME,RESID,RELATIONCODE,AREASTATUS,PAGINATION,CLAZZ,METAID,METANAME,ASSOCIATEDTAB,POSITION,METASPACE,AREADESC,TABHEADCODE,ISUNFOLD,ISGRANDSON,AREAHIDE,ISCLOSEQUICKQUERY,PAGESIZE,MAINNESTAREACODE,COLUMNNUM,ICONTYPE,DR,TS ) values  ( '1001A11LCP000007K005','testmdMasterAudit','操作信息',1,'horizontal',null,null,null,null,null,null,'testmdMasterForm','browse','','nc.vo.testmd.testmd.TestmdMasterVO','c20d2227-2ecd-44d8-bc4f-f5fcafe82248','主实体',null,null,'testmd.testmdMaster',null,null,null,'N',null,null,null,null,null,null,0,null ) 
/

insert into PUB_AREA ( PK_AREA,CODE,NAME,AREATYPE,ASSOCIATEDTABLAYOUT,TEMPLETID,CREATOR,MODIFIER,CREATIONTIME,MODIFIEDTIME,RESID,RELATIONCODE,AREASTATUS,PAGINATION,CLAZZ,METAID,METANAME,ASSOCIATEDTAB,POSITION,METASPACE,AREADESC,TABHEADCODE,ISUNFOLD,ISGRANDSON,AREAHIDE,ISCLOSEQUICKQUERY,PAGESIZE,MAINNESTAREACODE,COLUMNNUM,ICONTYPE,DR,TS ) values  ( '1001A11LCP000007K006','testmdSlave0Sub','子实体0',2,'horizontal',null,null,null,null,null,null,null,'browse','','nc.vo.testmd.testmd.TestmdSlave0VO','8ac0927f-d8fe-4c7a-b892-ba25a16495d0','子实体0',null,null,'testmd.testmdSlave0',null,null,null,'N',null,null,null,null,null,null,0,null ) 
/

insert into PUB_AREA ( PK_AREA,CODE,NAME,AREATYPE,ASSOCIATEDTABLAYOUT,TEMPLETID,CREATOR,MODIFIER,CREATIONTIME,MODIFIEDTIME,RESID,RELATIONCODE,AREASTATUS,PAGINATION,CLAZZ,METAID,METANAME,ASSOCIATEDTAB,POSITION,METASPACE,AREADESC,TABHEADCODE,ISUNFOLD,ISGRANDSON,AREAHIDE,ISCLOSEQUICKQUERY,PAGESIZE,MAINNESTAREACODE,COLUMNNUM,ICONTYPE,DR,TS ) values  ( '1001A11LCP000007K007','testmdSlave0Eside','子实体0',1,'horizontal',null,null,null,null,null,null,'testmdSlave0Sub','edit','','nc.vo.testmd.testmd.TestmdSlave0VO','8ac0927f-d8fe-4c7a-b892-ba25a16495d0','子实体0',null,null,'testmd.testmdSlave0',null,null,null,'N',null,null,null,null,null,null,0,null ) 
/

insert into PUB_AREA ( PK_AREA,CODE,NAME,AREATYPE,ASSOCIATEDTABLAYOUT,TEMPLETID,CREATOR,MODIFIER,CREATIONTIME,MODIFIEDTIME,RESID,RELATIONCODE,AREASTATUS,PAGINATION,CLAZZ,METAID,METANAME,ASSOCIATEDTAB,POSITION,METASPACE,AREADESC,TABHEADCODE,ISUNFOLD,ISGRANDSON,AREAHIDE,ISCLOSEQUICKQUERY,PAGESIZE,MAINNESTAREACODE,COLUMNNUM,ICONTYPE,DR,TS ) values  ( '1001A11LCP000007K008','testmdSlave0Ecard','子实体0',1,'horizontal',null,null,null,null,null,null,'testmdSlave0Sub','browse','','nc.vo.testmd.testmd.TestmdSlave0VO','8ac0927f-d8fe-4c7a-b892-ba25a16495d0','子实体0',null,null,'testmd.testmdSlave0',null,null,null,'N',null,null,null,null,null,null,0,null ) 
/

insert into PUB_FORM_PROPERTY ( PK_FORM_PROPERTY,AREAID,LABEL,CODE,METAPATH,WIDTH,REFCODE,ISNEXTROW,ISREVISE,ISTOTAL,REQUIRED,DISABLED,VISIBLE,MAXLENGTH,TEXTROWS,CREATOR,MODIFIER,CREATIONTIME,MODIFIEDTIME,RESID,POSITION,COLOR,DATATYPE,DATAVAL,SHOWFORMULA,EDITFORMULA,VALIDATEFORMULA,DEFAULTVAR,RELATEMETA,DEFINE1,DEFINE2,DEFINE3,ISMULTISELECTEDENABLED,METADATAPROPERTY,ITEMTYPE,REFNAME,METAID,ISCODE,COLNUM,DEFAULTVALUE,ISDEFINED,CLASSID,PROID,HYPERLINKFLAG,ONLYLEAFCANSELECT,MOBILETITLE,ISLOCK,ISRESLABEL,SHOWDATAVAL,SHOWFOCUS,ISSYNCSIDE,ISSYNCFOLD,ISSYNCLIST,ISDATAPOWERENABLE,ISCONVERTTIMEZONES,REFCONDITION,ISGROUPPOWER,EDITDISABLED,TABSKIP,ALIGNMENT,FROZEN,SHOWASRANGE,ANOTHERLINE,COLUMNNUM,ICONTYPE,COREINDEX,ISCOREDATA,ISHIGHLIGHT,ISBOLD,CONTENTCOLOR,REFENTER,MULTIPLELINES,DR,TS ) values  ( '1001A11LCP000007K00A','1001A11LCP000007K009','主键','pk_testmdmaster','pk_testmdmaster',120,null,null,null,null,'Y','N','N',20,null,null,null,null,null,null,1,null,51,null,null,null,null,null,null,null,null,null,'N',null,'input',null,null,null,null,null,'N','c20d2227-2ecd-44d8-bc4f-f5fcafe82248','7dc318ff-2837-4af2-b040-ada7efc6d6fa',null,null,null,null,null,null,null,null,null,null,null,null,null,null,null,null,null,null,null,null,null,null,null,null,null,null,null,null,null,0,null ) 
/

insert into PUB_FORM_PROPERTY ( PK_FORM_PROPERTY,AREAID,LABEL,CODE,METAPATH,WIDTH,REFCODE,ISNEXTROW,ISREVISE,ISTOTAL,REQUIRED,DISABLED,VISIBLE,MAXLENGTH,TEXTROWS,CREATOR,MODIFIER,CREATIONTIME,MODIFIEDTIME,RESID,POSITION,COLOR,DATATYPE,DATAVAL,SHOWFORMULA,EDITFORMULA,VALIDATEFORMULA,DEFAULTVAR,RELATEMETA,DEFINE1,DEFINE2,DEFINE3,ISMULTISELECTEDENABLED,METADATAPROPERTY,ITEMTYPE,REFNAME,METAID,ISCODE,COLNUM,DEFAULTVALUE,ISDEFINED,CLASSID,PROID,HYPERLINKFLAG,ONLYLEAFCANSELECT,MOBILETITLE,ISLOCK,ISRESLABEL,SHOWDATAVAL,SHOWFOCUS,ISSYNCSIDE,ISSYNCFOLD,ISSYNCLIST,ISDATAPOWERENABLE,ISCONVERTTIMEZONES,REFCONDITION,ISGROUPPOWER,EDITDISABLED,TABSKIP,ALIGNMENT,FROZEN,SHOWASRANGE,ANOTHERLINE,COLUMNNUM,ICONTYPE,COREINDEX,ISCOREDATA,ISHIGHLIGHT,ISBOLD,CONTENTCOLOR,REFENTER,MULTIPLELINES,DR,TS ) values  ( '1001A11LCP000007K00B','1001A11LCP000007K009','pk_group','pk_group','pk_group',120,'uap/refer/riart/groupTreeRef/index',null,null,null,'N','N','N',20,null,null,null,null,null,null,3,null,204,'0001Z010000000000ZKS,code=N',null,null,null,null,null,null,null,null,'N','uap.group.name','refer','集团','3b6dd171-2900-47f3-bfbe-41e4483a2a65',null,null,null,'N','c20d2227-2ecd-44d8-bc4f-f5fcafe82248','c4383a89-28b5-4072-94d3-fd3d7863f301',null,null,null,null,null,null,null,null,null,null,null,null,null,null,null,null,null,null,null,null,null,null,null,null,null,null,null,null,null,0,null ) 
/

insert into PUB_FORM_PROPERTY ( PK_FORM_PROPERTY,AREAID,LABEL,CODE,METAPATH,WIDTH,REFCODE,ISNEXTROW,ISREVISE,ISTOTAL,REQUIRED,DISABLED,VISIBLE,MAXLENGTH,TEXTROWS,CREATOR,MODIFIER,CREATIONTIME,MODIFIEDTIME,RESID,POSITION,COLOR,DATATYPE,DATAVAL,SHOWFORMULA,EDITFORMULA,VALIDATEFORMULA,DEFAULTVAR,RELATEMETA,DEFINE1,DEFINE2,DEFINE3,ISMULTISELECTEDENABLED,METADATAPROPERTY,ITEMTYPE,REFNAME,METAID,ISCODE,COLNUM,DEFAULTVALUE,ISDEFINED,CLASSID,PROID,HYPERLINKFLAG,ONLYLEAFCANSELECT,MOBILETITLE,ISLOCK,ISRESLABEL,SHOWDATAVAL,SHOWFOCUS,ISSYNCSIDE,ISSYNCFOLD,ISSYNCLIST,ISDATAPOWERENABLE,ISCONVERTTIMEZONES,REFCONDITION,ISGROUPPOWER,EDITDISABLED,TABSKIP,ALIGNMENT,FROZEN,SHOWASRANGE,ANOTHERLINE,COLUMNNUM,ICONTYPE,COREINDEX,ISCOREDATA,ISHIGHLIGHT,ISBOLD,CONTENTCOLOR,REFENTER,MULTIPLELINES,DR,TS ) values  ( '1001A11LCP000007K00C','1001A11LCP000007K009','创建人','creator','creator',120,'uap/refer/riart/userDefaultRefer/index',null,null,null,'N','N','N',20,null,null,null,null,null,null,6,null,204,'0001Z01000000001BVPB,code=N',null,null,null,null,null,null,null,null,'N','uap.user.user_name','refer','用户','f6f9a473-56c0-432f-8bc7-fbf8fde54fee',null,null,null,'N','c20d2227-2ecd-44d8-bc4f-f5fcafe82248','ee8550c6-dcdd-4f88-96e5-f157e3601a55',null,null,null,null,null,null,null,null,null,null,null,null,null,null,null,null,null,null,null,null,null,null,null,null,null,null,null,null,null,0,null ) 
/

insert into PUB_FORM_PROPERTY ( PK_FORM_PROPERTY,AREAID,LABEL,CODE,METAPATH,WIDTH,REFCODE,ISNEXTROW,ISREVISE,ISTOTAL,REQUIRED,DISABLED,VISIBLE,MAXLENGTH,TEXTROWS,CREATOR,MODIFIER,CREATIONTIME,MODIFIEDTIME,RESID,POSITION,COLOR,DATATYPE,DATAVAL,SHOWFORMULA,EDITFORMULA,VALIDATEFORMULA,DEFAULTVAR,RELATEMETA,DEFINE1,DEFINE2,DEFINE3,ISMULTISELECTEDENABLED,METADATAPROPERTY,ITEMTYPE,REFNAME,METAID,ISCODE,COLNUM,DEFAULTVALUE,ISDEFINED,CLASSID,PROID,HYPERLINKFLAG,ONLYLEAFCANSELECT,MOBILETITLE,ISLOCK,ISRESLABEL,SHOWDATAVAL,SHOWFOCUS,ISSYNCSIDE,ISSYNCFOLD,ISSYNCLIST,ISDATAPOWERENABLE,ISCONVERTTIMEZONES,REFCONDITION,ISGROUPPOWER,EDITDISABLED,TABSKIP,ALIGNMENT,FROZEN,SHOWASRANGE,ANOTHERLINE,COLUMNNUM,ICONTYPE,COREINDEX,ISCOREDATA,ISHIGHLIGHT,ISBOLD,CONTENTCOLOR,REFENTER,MULTIPLELINES,DR,TS ) values  ( '1001A11LCP000007K00D','1001A11LCP000007K009','创建时间','creationtime','creationtime',120,null,null,null,null,'N','N','N',19,null,null,null,null,null,null,7,null,34,null,null,null,null,null,null,null,null,null,'N',null,'datetimepicker',null,null,null,null,null,'N','c20d2227-2ecd-44d8-bc4f-f5fcafe82248','59b1702f-4669-4941-91b0-0cb4de24ea03',null,null,null,null,null,null,null,null,null,null,null,null,null,null,null,null,null,null,null,null,null,null,null,null,null,null,null,null,null,0,null ) 
/

insert into PUB_FORM_PROPERTY ( PK_FORM_PROPERTY,AREAID,LABEL,CODE,METAPATH,WIDTH,REFCODE,ISNEXTROW,ISREVISE,ISTOTAL,REQUIRED,DISABLED,VISIBLE,MAXLENGTH,TEXTROWS,CREATOR,MODIFIER,CREATIONTIME,MODIFIEDTIME,RESID,POSITION,COLOR,DATATYPE,DATAVAL,SHOWFORMULA,EDITFORMULA,VALIDATEFORMULA,DEFAULTVAR,RELATEMETA,DEFINE1,DEFINE2,DEFINE3,ISMULTISELECTEDENABLED,METADATAPROPERTY,ITEMTYPE,REFNAME,METAID,ISCODE,COLNUM,DEFAULTVALUE,ISDEFINED,CLASSID,PROID,HYPERLINKFLAG,ONLYLEAFCANSELECT,MOBILETITLE,ISLOCK,ISRESLABEL,SHOWDATAVAL,SHOWFOCUS,ISSYNCSIDE,ISSYNCFOLD,ISSYNCLIST,ISDATAPOWERENABLE,ISCONVERTTIMEZONES,REFCONDITION,ISGROUPPOWER,EDITDISABLED,TABSKIP,ALIGNMENT,FROZEN,SHOWASRANGE,ANOTHERLINE,COLUMNNUM,ICONTYPE,COREINDEX,ISCOREDATA,ISHIGHLIGHT,ISBOLD,CONTENTCOLOR,REFENTER,MULTIPLELINES,DR,TS ) values  ( '1001A11LCP000007K00E','1001A11LCP000007K009','最后修改人','modifier','modifier',120,'uap/refer/riart/userDefaultRefer/index',null,null,null,'N','N','N',20,null,null,null,null,null,null,8,null,204,'0001Z01000000001BVPB,code=N',null,null,null,null,null,null,null,null,'N','uap.user.user_name','refer','用户','f6f9a473-56c0-432f-8bc7-fbf8fde54fee',null,null,null,'N','c20d2227-2ecd-44d8-bc4f-f5fcafe82248','d8216a47-88d2-455a-96bb-78f8de12abe9',null,null,null,null,null,null,null,null,null,null,null,null,null,null,null,null,null,null,null,null,null,null,null,null,null,null,null,null,null,0,null ) 
/

insert into PUB_FORM_PROPERTY ( PK_FORM_PROPERTY,AREAID,LABEL,CODE,METAPATH,WIDTH,REFCODE,ISNEXTROW,ISREVISE,ISTOTAL,REQUIRED,DISABLED,VISIBLE,MAXLENGTH,TEXTROWS,CREATOR,MODIFIER,CREATIONTIME,MODIFIEDTIME,RESID,POSITION,COLOR,DATATYPE,DATAVAL,SHOWFORMULA,EDITFORMULA,VALIDATEFORMULA,DEFAULTVAR,RELATEMETA,DEFINE1,DEFINE2,DEFINE3,ISMULTISELECTEDENABLED,METADATAPROPERTY,ITEMTYPE,REFNAME,METAID,ISCODE,COLNUM,DEFAULTVALUE,ISDEFINED,CLASSID,PROID,HYPERLINKFLAG,ONLYLEAFCANSELECT,MOBILETITLE,ISLOCK,ISRESLABEL,SHOWDATAVAL,SHOWFOCUS,ISSYNCSIDE,ISSYNCFOLD,ISSYNCLIST,ISDATAPOWERENABLE,ISCONVERTTIMEZONES,REFCONDITION,ISGROUPPOWER,EDITDISABLED,TABSKIP,ALIGNMENT,FROZEN,SHOWASRANGE,ANOTHERLINE,COLUMNNUM,ICONTYPE,COREINDEX,ISCOREDATA,ISHIGHLIGHT,ISBOLD,CONTENTCOLOR,REFENTER,MULTIPLELINES,DR,TS ) values  ( '1001A11LCP000007K00F','1001A11LCP000007K009','最后修改时间','modifiedtime','modifiedtime',120,null,null,null,null,'N','N','N',19,null,null,null,null,null,null,9,null,34,null,null,null,null,null,null,null,null,null,'N',null,'datetimepicker',null,null,null,null,null,'N','c20d2227-2ecd-44d8-bc4f-f5fcafe82248','62ea3138-a8df-40f5-8ca9-35a161797955',null,null,null,null,null,null,null,null,null,null,null,null,null,null,null,null,null,null,null,null,null,null,null,null,null,null,null,null,null,0,null ) 
/

insert into PUB_FORM_PROPERTY ( PK_FORM_PROPERTY,AREAID,LABEL,CODE,METAPATH,WIDTH,REFCODE,ISNEXTROW,ISREVISE,ISTOTAL,REQUIRED,DISABLED,VISIBLE,MAXLENGTH,TEXTROWS,CREATOR,MODIFIER,CREATIONTIME,MODIFIEDTIME,RESID,POSITION,COLOR,DATATYPE,DATAVAL,SHOWFORMULA,EDITFORMULA,VALIDATEFORMULA,DEFAULTVAR,RELATEMETA,DEFINE1,DEFINE2,DEFINE3,ISMULTISELECTEDENABLED,METADATAPROPERTY,ITEMTYPE,REFNAME,METAID,ISCODE,COLNUM,DEFAULTVALUE,ISDEFINED,CLASSID,PROID,HYPERLINKFLAG,ONLYLEAFCANSELECT,MOBILETITLE,ISLOCK,ISRESLABEL,SHOWDATAVAL,SHOWFOCUS,ISSYNCSIDE,ISSYNCFOLD,ISSYNCLIST,ISDATAPOWERENABLE,ISCONVERTTIMEZONES,REFCONDITION,ISGROUPPOWER,EDITDISABLED,TABSKIP,ALIGNMENT,FROZEN,SHOWASRANGE,ANOTHERLINE,COLUMNNUM,ICONTYPE,COREINDEX,ISCOREDATA,ISHIGHLIGHT,ISBOLD,CONTENTCOLOR,REFENTER,MULTIPLELINES,DR,TS ) values  ( '1001A11LCP000007K00G','1001A11LCP000007K009','组织多版本','pk_org_v','pk_org_v',120,'uapbd/refer/orgv/BusinessUnitVersionTreeRef/index',null,null,null,'N','N','N',20,null,null,null,null,null,null,10,null,204,'0001Z01000000002V000,code=N',null,null,null,null,null,null,null,null,'N','uap.org_v.name','refer','业务单元版本','da7bba89-9a59-42d6-a262-c13ef459dbd9',null,null,null,'N','c20d2227-2ecd-44d8-bc4f-f5fcafe82248','e64e8e75-ed43-4401-bf68-61fb48809f67',null,null,null,null,null,null,null,null,null,null,null,null,null,null,null,null,null,null,null,null,null,null,null,null,null,null,null,null,null,0,null ) 
/

insert into PUB_FORM_PROPERTY ( PK_FORM_PROPERTY,AREAID,LABEL,CODE,METAPATH,WIDTH,REFCODE,ISNEXTROW,ISREVISE,ISTOTAL,REQUIRED,DISABLED,VISIBLE,MAXLENGTH,TEXTROWS,CREATOR,MODIFIER,CREATIONTIME,MODIFIEDTIME,RESID,POSITION,COLOR,DATATYPE,DATAVAL,SHOWFORMULA,EDITFORMULA,VALIDATEFORMULA,DEFAULTVAR,RELATEMETA,DEFINE1,DEFINE2,DEFINE3,ISMULTISELECTEDENABLED,METADATAPROPERTY,ITEMTYPE,REFNAME,METAID,ISCODE,COLNUM,DEFAULTVALUE,ISDEFINED,CLASSID,PROID,HYPERLINKFLAG,ONLYLEAFCANSELECT,MOBILETITLE,ISLOCK,ISRESLABEL,SHOWDATAVAL,SHOWFOCUS,ISSYNCSIDE,ISSYNCFOLD,ISSYNCLIST,ISDATAPOWERENABLE,ISCONVERTTIMEZONES,REFCONDITION,ISGROUPPOWER,EDITDISABLED,TABSKIP,ALIGNMENT,FROZEN,SHOWASRANGE,ANOTHERLINE,COLUMNNUM,ICONTYPE,COREINDEX,ISCOREDATA,ISHIGHLIGHT,ISBOLD,CONTENTCOLOR,REFENTER,MULTIPLELINES,DR,TS ) values  ( '1001A11LCP000007K00H','1001A11LCP000007K009','制单时间','maketime','maketime',120,null,null,null,null,'N','N','N',19,null,null,null,null,null,null,11,null,34,null,null,null,null,null,null,null,null,null,'N',null,'datetimepicker',null,null,null,null,null,'N','c20d2227-2ecd-44d8-bc4f-f5fcafe82248','44304132-72f3-403a-8106-7db8e105f0d0',null,null,null,null,null,null,null,null,null,null,null,null,null,null,null,null,null,null,null,null,null,null,null,null,null,null,null,null,null,0,null ) 
/

insert into PUB_FORM_PROPERTY ( PK_FORM_PROPERTY,AREAID,LABEL,CODE,METAPATH,WIDTH,REFCODE,ISNEXTROW,ISREVISE,ISTOTAL,REQUIRED,DISABLED,VISIBLE,MAXLENGTH,TEXTROWS,CREATOR,MODIFIER,CREATIONTIME,MODIFIEDTIME,RESID,POSITION,COLOR,DATATYPE,DATAVAL,SHOWFORMULA,EDITFORMULA,VALIDATEFORMULA,DEFAULTVAR,RELATEMETA,DEFINE1,DEFINE2,DEFINE3,ISMULTISELECTEDENABLED,METADATAPROPERTY,ITEMTYPE,REFNAME,METAID,ISCODE,COLNUM,DEFAULTVALUE,ISDEFINED,CLASSID,PROID,HYPERLINKFLAG,ONLYLEAFCANSELECT,MOBILETITLE,ISLOCK,ISRESLABEL,SHOWDATAVAL,SHOWFOCUS,ISSYNCSIDE,ISSYNCFOLD,ISSYNCLIST,ISDATAPOWERENABLE,ISCONVERTTIMEZONES,REFCONDITION,ISGROUPPOWER,EDITDISABLED,TABSKIP,ALIGNMENT,FROZEN,SHOWASRANGE,ANOTHERLINE,COLUMNNUM,ICONTYPE,COREINDEX,ISCOREDATA,ISHIGHLIGHT,ISBOLD,CONTENTCOLOR,REFENTER,MULTIPLELINES,DR,TS ) values  ( '1001A11LCP000007K00I','1001A11LCP000007K009','最后修改时间1','lastmaketime','lastmaketime',120,null,null,null,null,'N','N','N',19,null,null,null,null,null,null,12,null,34,null,null,null,null,null,null,null,null,null,'N',null,'datetimepicker',null,null,null,null,null,'N','c20d2227-2ecd-44d8-bc4f-f5fcafe82248','b17fd37c-58af-4193-b97e-9d5a54e36b7c',null,null,null,null,null,null,null,null,null,null,null,null,null,null,null,null,null,null,null,null,null,null,null,null,null,null,null,null,null,0,null ) 
/

insert into PUB_FORM_PROPERTY ( PK_FORM_PROPERTY,AREAID,LABEL,CODE,METAPATH,WIDTH,REFCODE,ISNEXTROW,ISREVISE,ISTOTAL,REQUIRED,DISABLED,VISIBLE,MAXLENGTH,TEXTROWS,CREATOR,MODIFIER,CREATIONTIME,MODIFIEDTIME,RESID,POSITION,COLOR,DATATYPE,DATAVAL,SHOWFORMULA,EDITFORMULA,VALIDATEFORMULA,DEFAULTVAR,RELATEMETA,DEFINE1,DEFINE2,DEFINE3,ISMULTISELECTEDENABLED,METADATAPROPERTY,ITEMTYPE,REFNAME,METAID,ISCODE,COLNUM,DEFAULTVALUE,ISDEFINED,CLASSID,PROID,HYPERLINKFLAG,ONLYLEAFCANSELECT,MOBILETITLE,ISLOCK,ISRESLABEL,SHOWDATAVAL,SHOWFOCUS,ISSYNCSIDE,ISSYNCFOLD,ISSYNCLIST,ISDATAPOWERENABLE,ISCONVERTTIMEZONES,REFCONDITION,ISGROUPPOWER,EDITDISABLED,TABSKIP,ALIGNMENT,FROZEN,SHOWASRANGE,ANOTHERLINE,COLUMNNUM,ICONTYPE,COREINDEX,ISCOREDATA,ISHIGHLIGHT,ISBOLD,CONTENTCOLOR,REFENTER,MULTIPLELINES,DR,TS ) values  ( '1001A11LCP000007K00J','1001A11LCP000007K009','单据版本pk','billversionpk','billversionpk',120,null,null,null,null,'N','N','N',50,null,null,null,null,null,null,13,null,1,null,null,null,null,null,null,null,null,null,'N',null,'input',null,null,null,null,null,'N','c20d2227-2ecd-44d8-bc4f-f5fcafe82248','c1ee19b0-bce4-4ac7-8242-ce24a8cc7a0e',null,null,null,null,null,null,null,null,null,null,null,null,null,null,null,null,null,null,null,null,null,null,null,null,null,null,null,null,null,0,null ) 
/

insert into PUB_FORM_PROPERTY ( PK_FORM_PROPERTY,AREAID,LABEL,CODE,METAPATH,WIDTH,REFCODE,ISNEXTROW,ISREVISE,ISTOTAL,REQUIRED,DISABLED,VISIBLE,MAXLENGTH,TEXTROWS,CREATOR,MODIFIER,CREATIONTIME,MODIFIEDTIME,RESID,POSITION,COLOR,DATATYPE,DATAVAL,SHOWFORMULA,EDITFORMULA,VALIDATEFORMULA,DEFAULTVAR,RELATEMETA,DEFINE1,DEFINE2,DEFINE3,ISMULTISELECTEDENABLED,METADATAPROPERTY,ITEMTYPE,REFNAME,METAID,ISCODE,COLNUM,DEFAULTVALUE,ISDEFINED,CLASSID,PROID,HYPERLINKFLAG,ONLYLEAFCANSELECT,MOBILETITLE,ISLOCK,ISRESLABEL,SHOWDATAVAL,SHOWFOCUS,ISSYNCSIDE,ISSYNCFOLD,ISSYNCLIST,ISDATAPOWERENABLE,ISCONVERTTIMEZONES,REFCONDITION,ISGROUPPOWER,EDITDISABLED,TABSKIP,ALIGNMENT,FROZEN,SHOWASRANGE,ANOTHERLINE,COLUMNNUM,ICONTYPE,COREINDEX,ISCOREDATA,ISHIGHLIGHT,ISBOLD,CONTENTCOLOR,REFENTER,MULTIPLELINES,DR,TS ) values  ( '1001A11LCP000007K00K','1001A11LCP000007K009','单据类型','billtype','billtype',120,null,null,null,null,'N','N','N',50,null,null,null,null,null,null,14,null,1,null,null,null,null,null,null,null,null,null,'N',null,'input',null,null,null,null,null,'N','c20d2227-2ecd-44d8-bc4f-f5fcafe82248','56e48fd8-1523-49e4-bb92-7907ca0cb858',null,null,null,null,null,null,null,null,null,null,null,null,null,null,null,null,null,null,null,null,null,null,null,null,null,null,null,null,null,0,null ) 
/

insert into PUB_FORM_PROPERTY ( PK_FORM_PROPERTY,AREAID,LABEL,CODE,METAPATH,WIDTH,REFCODE,ISNEXTROW,ISREVISE,ISTOTAL,REQUIRED,DISABLED,VISIBLE,MAXLENGTH,TEXTROWS,CREATOR,MODIFIER,CREATIONTIME,MODIFIEDTIME,RESID,POSITION,COLOR,DATATYPE,DATAVAL,SHOWFORMULA,EDITFORMULA,VALIDATEFORMULA,DEFAULTVAR,RELATEMETA,DEFINE1,DEFINE2,DEFINE3,ISMULTISELECTEDENABLED,METADATAPROPERTY,ITEMTYPE,REFNAME,METAID,ISCODE,COLNUM,DEFAULTVALUE,ISDEFINED,CLASSID,PROID,HYPERLINKFLAG,ONLYLEAFCANSELECT,MOBILETITLE,ISLOCK,ISRESLABEL,SHOWDATAVAL,SHOWFOCUS,ISSYNCSIDE,ISSYNCFOLD,ISSYNCLIST,ISDATAPOWERENABLE,ISCONVERTTIMEZONES,REFCONDITION,ISGROUPPOWER,EDITDISABLED,TABSKIP,ALIGNMENT,FROZEN,SHOWASRANGE,ANOTHERLINE,COLUMNNUM,ICONTYPE,COREINDEX,ISCOREDATA,ISHIGHLIGHT,ISBOLD,CONTENTCOLOR,REFENTER,MULTIPLELINES,DR,TS ) values  ( '1001A11LCP000007K00L','1001A11LCP000007K009','交易类型','transtype','transtype',120,null,null,null,null,'N','N','N',50,null,null,null,null,null,null,15,null,1,null,null,null,null,null,null,null,null,null,'N',null,'input',null,null,null,null,null,'N','c20d2227-2ecd-44d8-bc4f-f5fcafe82248','1865e0e2-0c3b-43f7-ad7d-dff371831908',null,null,null,null,null,null,null,null,null,null,null,null,null,null,null,null,null,null,null,null,null,null,null,null,null,null,null,null,null,0,null ) 
/

insert into PUB_FORM_PROPERTY ( PK_FORM_PROPERTY,AREAID,LABEL,CODE,METAPATH,WIDTH,REFCODE,ISNEXTROW,ISREVISE,ISTOTAL,REQUIRED,DISABLED,VISIBLE,MAXLENGTH,TEXTROWS,CREATOR,MODIFIER,CREATIONTIME,MODIFIEDTIME,RESID,POSITION,COLOR,DATATYPE,DATAVAL,SHOWFORMULA,EDITFORMULA,VALIDATEFORMULA,DEFAULTVAR,RELATEMETA,DEFINE1,DEFINE2,DEFINE3,ISMULTISELECTEDENABLED,METADATAPROPERTY,ITEMTYPE,REFNAME,METAID,ISCODE,COLNUM,DEFAULTVALUE,ISDEFINED,CLASSID,PROID,HYPERLINKFLAG,ONLYLEAFCANSELECT,MOBILETITLE,ISLOCK,ISRESLABEL,SHOWDATAVAL,SHOWFOCUS,ISSYNCSIDE,ISSYNCFOLD,ISSYNCLIST,ISDATAPOWERENABLE,ISCONVERTTIMEZONES,REFCONDITION,ISGROUPPOWER,EDITDISABLED,TABSKIP,ALIGNMENT,FROZEN,SHOWASRANGE,ANOTHERLINE,COLUMNNUM,ICONTYPE,COREINDEX,ISCOREDATA,ISHIGHLIGHT,ISBOLD,CONTENTCOLOR,REFENTER,MULTIPLELINES,DR,TS ) values  ( '1001A11LCP000007K00M','1001A11LCP000007K009','审批批语','approvenote','approvenote',120,null,null,null,null,'N','N','N',50,null,null,null,null,null,null,17,null,1,null,null,null,null,null,null,null,null,null,'N',null,'input',null,null,null,null,null,'N','c20d2227-2ecd-44d8-bc4f-f5fcafe82248','78d52b4a-7b02-4d6a-a261-9cb705bad8c8',null,null,null,null,null,null,null,null,null,null,null,null,null,null,null,null,null,null,null,null,null,null,null,null,null,null,null,null,null,0,null ) 
/

insert into PUB_FORM_PROPERTY ( PK_FORM_PROPERTY,AREAID,LABEL,CODE,METAPATH,WIDTH,REFCODE,ISNEXTROW,ISREVISE,ISTOTAL,REQUIRED,DISABLED,VISIBLE,MAXLENGTH,TEXTROWS,CREATOR,MODIFIER,CREATIONTIME,MODIFIEDTIME,RESID,POSITION,COLOR,DATATYPE,DATAVAL,SHOWFORMULA,EDITFORMULA,VALIDATEFORMULA,DEFAULTVAR,RELATEMETA,DEFINE1,DEFINE2,DEFINE3,ISMULTISELECTEDENABLED,METADATAPROPERTY,ITEMTYPE,REFNAME,METAID,ISCODE,COLNUM,DEFAULTVALUE,ISDEFINED,CLASSID,PROID,HYPERLINKFLAG,ONLYLEAFCANSELECT,MOBILETITLE,ISLOCK,ISRESLABEL,SHOWDATAVAL,SHOWFOCUS,ISSYNCSIDE,ISSYNCFOLD,ISSYNCLIST,ISDATAPOWERENABLE,ISCONVERTTIMEZONES,REFCONDITION,ISGROUPPOWER,EDITDISABLED,TABSKIP,ALIGNMENT,FROZEN,SHOWASRANGE,ANOTHERLINE,COLUMNNUM,ICONTYPE,COREINDEX,ISCOREDATA,ISHIGHLIGHT,ISBOLD,CONTENTCOLOR,REFENTER,MULTIPLELINES,DR,TS ) values  ( '1001A11LCP000007K00N','1001A11LCP000007K009','审批人','approver','approver',120,'uap/refer/riart/userDefaultRefer/index',null,null,null,'N','N','N',20,null,null,null,null,null,null,18,null,204,'0001Z01000000001BVPB,code=N',null,null,null,null,null,null,null,null,'N','uap.user.user_name','refer','用户','f6f9a473-56c0-432f-8bc7-fbf8fde54fee',null,null,null,'N','c20d2227-2ecd-44d8-bc4f-f5fcafe82248','1bd2622e-8236-40ee-bca6-55bd4361ed04',null,null,null,null,null,null,null,null,null,null,null,null,null,null,null,null,null,null,null,null,null,null,null,null,null,null,null,null,null,0,null ) 
/

insert into PUB_FORM_PROPERTY ( PK_FORM_PROPERTY,AREAID,LABEL,CODE,METAPATH,WIDTH,REFCODE,ISNEXTROW,ISREVISE,ISTOTAL,REQUIRED,DISABLED,VISIBLE,MAXLENGTH,TEXTROWS,CREATOR,MODIFIER,CREATIONTIME,MODIFIEDTIME,RESID,POSITION,COLOR,DATATYPE,DATAVAL,SHOWFORMULA,EDITFORMULA,VALIDATEFORMULA,DEFAULTVAR,RELATEMETA,DEFINE1,DEFINE2,DEFINE3,ISMULTISELECTEDENABLED,METADATAPROPERTY,ITEMTYPE,REFNAME,METAID,ISCODE,COLNUM,DEFAULTVALUE,ISDEFINED,CLASSID,PROID,HYPERLINKFLAG,ONLYLEAFCANSELECT,MOBILETITLE,ISLOCK,ISRESLABEL,SHOWDATAVAL,SHOWFOCUS,ISSYNCSIDE,ISSYNCFOLD,ISSYNCLIST,ISDATAPOWERENABLE,ISCONVERTTIMEZONES,REFCONDITION,ISGROUPPOWER,EDITDISABLED,TABSKIP,ALIGNMENT,FROZEN,SHOWASRANGE,ANOTHERLINE,COLUMNNUM,ICONTYPE,COREINDEX,ISCOREDATA,ISHIGHLIGHT,ISBOLD,CONTENTCOLOR,REFENTER,MULTIPLELINES,DR,TS ) values  ( '1001A11LCP000007K00O','1001A11LCP000007K009','审批时间','approvedate','approvedate',120,null,null,null,null,'N','N','N',19,null,null,null,null,null,null,19,null,34,null,null,null,null,null,null,null,null,null,'N',null,'datetimepicker',null,null,null,null,null,'N','c20d2227-2ecd-44d8-bc4f-f5fcafe82248','1c340ee3-5ab6-4234-9390-e819946b16f3',null,null,null,null,null,null,null,null,null,null,null,null,null,null,null,null,null,null,null,null,null,null,null,null,null,null,null,null,null,0,null ) 
/

insert into PUB_FORM_PROPERTY ( PK_FORM_PROPERTY,AREAID,LABEL,CODE,METAPATH,WIDTH,REFCODE,ISNEXTROW,ISREVISE,ISTOTAL,REQUIRED,DISABLED,VISIBLE,MAXLENGTH,TEXTROWS,CREATOR,MODIFIER,CREATIONTIME,MODIFIEDTIME,RESID,POSITION,COLOR,DATATYPE,DATAVAL,SHOWFORMULA,EDITFORMULA,VALIDATEFORMULA,DEFAULTVAR,RELATEMETA,DEFINE1,DEFINE2,DEFINE3,ISMULTISELECTEDENABLED,METADATAPROPERTY,ITEMTYPE,REFNAME,METAID,ISCODE,COLNUM,DEFAULTVALUE,ISDEFINED,CLASSID,PROID,HYPERLINKFLAG,ONLYLEAFCANSELECT,MOBILETITLE,ISLOCK,ISRESLABEL,SHOWDATAVAL,SHOWFOCUS,ISSYNCSIDE,ISSYNCFOLD,ISSYNCLIST,ISDATAPOWERENABLE,ISCONVERTTIMEZONES,REFCONDITION,ISGROUPPOWER,EDITDISABLED,TABSKIP,ALIGNMENT,FROZEN,SHOWASRANGE,ANOTHERLINE,COLUMNNUM,ICONTYPE,COREINDEX,ISCOREDATA,ISHIGHLIGHT,ISBOLD,CONTENTCOLOR,REFENTER,MULTIPLELINES,DR,TS ) values  ( '1001A11LCP000007K00P','1001A11LCP000007K009','审批状态','approvestatus','approvestatus',120,null,null,null,null,'N','N','N',20,null,null,null,null,null,null,20,null,203,'审批未通过=0,审批通过=1,审批进行中=2,提交=3,自由=-1',null,null,null,null,null,null,null,null,'N',null,'select',null,null,null,null,null,'N','c20d2227-2ecd-44d8-bc4f-f5fcafe82248','0fef04b9-8ba5-44dc-8912-4f14cec12774',null,null,null,null,null,'审批未通过=0,审批通过=1,审批进行中=2,提交=3,自由=-1',null,null,null,null,null,null,null,null,null,null,null,null,null,null,null,null,null,null,null,null,null,null,null,0,null ) 
/

insert into PUB_FORM_PROPERTY ( PK_FORM_PROPERTY,AREAID,LABEL,CODE,METAPATH,WIDTH,REFCODE,ISNEXTROW,ISREVISE,ISTOTAL,REQUIRED,DISABLED,VISIBLE,MAXLENGTH,TEXTROWS,CREATOR,MODIFIER,CREATIONTIME,MODIFIEDTIME,RESID,POSITION,COLOR,DATATYPE,DATAVAL,SHOWFORMULA,EDITFORMULA,VALIDATEFORMULA,DEFAULTVAR,RELATEMETA,DEFINE1,DEFINE2,DEFINE3,ISMULTISELECTEDENABLED,METADATAPROPERTY,ITEMTYPE,REFNAME,METAID,ISCODE,COLNUM,DEFAULTVALUE,ISDEFINED,CLASSID,PROID,HYPERLINKFLAG,ONLYLEAFCANSELECT,MOBILETITLE,ISLOCK,ISRESLABEL,SHOWDATAVAL,SHOWFOCUS,ISSYNCSIDE,ISSYNCFOLD,ISSYNCLIST,ISDATAPOWERENABLE,ISCONVERTTIMEZONES,REFCONDITION,ISGROUPPOWER,EDITDISABLED,TABSKIP,ALIGNMENT,FROZEN,SHOWASRANGE,ANOTHERLINE,COLUMNNUM,ICONTYPE,COREINDEX,ISCOREDATA,ISHIGHLIGHT,ISBOLD,CONTENTCOLOR,REFENTER,MULTIPLELINES,DR,TS ) values  ( '1001A11LCP000007K00Q','1001A11LCP000007K009','修订枚举','emendenum','emendenum',120,null,null,null,null,'N','N','N',5,null,null,null,null,null,null,21,null,4,'-2147483648,2147483647',null,null,null,null,null,null,null,null,'N',null,'number',null,null,null,null,null,'N','c20d2227-2ecd-44d8-bc4f-f5fcafe82248','47d51080-8182-4bb6-9bba-3971213dbb79',null,null,null,null,null,null,null,null,null,null,null,null,null,null,null,null,null,null,null,null,null,null,null,null,null,null,null,null,null,0,null ) 
/

insert into PUB_FORM_PROPERTY ( PK_FORM_PROPERTY,AREAID,LABEL,CODE,METAPATH,WIDTH,REFCODE,ISNEXTROW,ISREVISE,ISTOTAL,REQUIRED,DISABLED,VISIBLE,MAXLENGTH,TEXTROWS,CREATOR,MODIFIER,CREATIONTIME,MODIFIEDTIME,RESID,POSITION,COLOR,DATATYPE,DATAVAL,SHOWFORMULA,EDITFORMULA,VALIDATEFORMULA,DEFAULTVAR,RELATEMETA,DEFINE1,DEFINE2,DEFINE3,ISMULTISELECTEDENABLED,METADATAPROPERTY,ITEMTYPE,REFNAME,METAID,ISCODE,COLNUM,DEFAULTVALUE,ISDEFINED,CLASSID,PROID,HYPERLINKFLAG,ONLYLEAFCANSELECT,MOBILETITLE,ISLOCK,ISRESLABEL,SHOWDATAVAL,SHOWFOCUS,ISSYNCSIDE,ISSYNCFOLD,ISSYNCLIST,ISDATAPOWERENABLE,ISCONVERTTIMEZONES,REFCONDITION,ISGROUPPOWER,EDITDISABLED,TABSKIP,ALIGNMENT,FROZEN,SHOWASRANGE,ANOTHERLINE,COLUMNNUM,ICONTYPE,COREINDEX,ISCOREDATA,ISHIGHLIGHT,ISBOLD,CONTENTCOLOR,REFENTER,MULTIPLELINES,DR,TS ) values  ( '1001A11LCP000007K00R','1001A11LCP000007K009','制单人','billmaker','billmaker',120,'uap/refer/riart/userDefaultRefer/index',null,null,null,'N','N','N',20,null,null,null,null,null,null,22,null,204,'0001Z01000000001BVPB,code=N',null,null,null,null,null,null,null,null,'N','uap.user.user_name','refer','用户','f6f9a473-56c0-432f-8bc7-fbf8fde54fee',null,null,null,'N','c20d2227-2ecd-44d8-bc4f-f5fcafe82248','ca022d3e-65a2-4778-b0e0-55667456be33',null,null,null,null,null,null,null,null,null,null,null,null,null,null,null,null,null,null,null,null,null,null,null,null,null,null,null,null,null,0,null ) 
/

insert into PUB_FORM_PROPERTY ( PK_FORM_PROPERTY,AREAID,LABEL,CODE,METAPATH,WIDTH,REFCODE,ISNEXTROW,ISREVISE,ISTOTAL,REQUIRED,DISABLED,VISIBLE,MAXLENGTH,TEXTROWS,CREATOR,MODIFIER,CREATIONTIME,MODIFIEDTIME,RESID,POSITION,COLOR,DATATYPE,DATAVAL,SHOWFORMULA,EDITFORMULA,VALIDATEFORMULA,DEFAULTVAR,RELATEMETA,DEFINE1,DEFINE2,DEFINE3,ISMULTISELECTEDENABLED,METADATAPROPERTY,ITEMTYPE,REFNAME,METAID,ISCODE,COLNUM,DEFAULTVALUE,ISDEFINED,CLASSID,PROID,HYPERLINKFLAG,ONLYLEAFCANSELECT,MOBILETITLE,ISLOCK,ISRESLABEL,SHOWDATAVAL,SHOWFOCUS,ISSYNCSIDE,ISSYNCFOLD,ISSYNCLIST,ISDATAPOWERENABLE,ISCONVERTTIMEZONES,REFCONDITION,ISGROUPPOWER,EDITDISABLED,TABSKIP,ALIGNMENT,FROZEN,SHOWASRANGE,ANOTHERLINE,COLUMNNUM,ICONTYPE,COREINDEX,ISCOREDATA,ISHIGHLIGHT,ISBOLD,CONTENTCOLOR,REFENTER,MULTIPLELINES,DR,TS ) values  ( '1001A11LCP000007K00S','1001A11LCP000007K009','业务类型','busitype','busitype',120,'uap/refer/riart/busitype/index',null,null,null,'N','N','N',20,null,null,null,null,null,null,23,null,204,'0001Z0100BUSITYPEZJ7,code=N',null,null,null,null,null,null,null,null,'N','uap.BusitypeVO.businame','refer','业务流程','7717f1a3-b777-454e-abb5-ef8705a0f0c2',null,null,null,'N','c20d2227-2ecd-44d8-bc4f-f5fcafe82248','1bd15df1-c2d4-4469-a81b-559dd5e5a62e',null,null,null,null,null,null,null,null,null,null,null,null,null,null,null,null,null,null,null,null,null,null,null,null,null,null,null,null,null,0,null ) 
/

insert into PUB_FORM_PROPERTY ( PK_FORM_PROPERTY,AREAID,LABEL,CODE,METAPATH,WIDTH,REFCODE,ISNEXTROW,ISREVISE,ISTOTAL,REQUIRED,DISABLED,VISIBLE,MAXLENGTH,TEXTROWS,CREATOR,MODIFIER,CREATIONTIME,MODIFIEDTIME,RESID,POSITION,COLOR,DATATYPE,DATAVAL,SHOWFORMULA,EDITFORMULA,VALIDATEFORMULA,DEFAULTVAR,RELATEMETA,DEFINE1,DEFINE2,DEFINE3,ISMULTISELECTEDENABLED,METADATAPROPERTY,ITEMTYPE,REFNAME,METAID,ISCODE,COLNUM,DEFAULTVALUE,ISDEFINED,CLASSID,PROID,HYPERLINKFLAG,ONLYLEAFCANSELECT,MOBILETITLE,ISLOCK,ISRESLABEL,SHOWDATAVAL,SHOWFOCUS,ISSYNCSIDE,ISSYNCFOLD,ISSYNCLIST,ISDATAPOWERENABLE,ISCONVERTTIMEZONES,REFCONDITION,ISGROUPPOWER,EDITDISABLED,TABSKIP,ALIGNMENT,FROZEN,SHOWASRANGE,ANOTHERLINE,COLUMNNUM,ICONTYPE,COREINDEX,ISCOREDATA,ISHIGHLIGHT,ISBOLD,CONTENTCOLOR,REFENTER,MULTIPLELINES,DR,TS ) values  ( '1001A11LCP000007K00T','1001A11LCP000007K009','来源单据id','srcbillid','srcbillid',120,null,null,null,null,'N','N','N',50,null,null,null,null,null,null,24,null,1,null,null,null,null,null,null,null,null,null,'N',null,'input',null,null,null,null,null,'N','c20d2227-2ecd-44d8-bc4f-f5fcafe82248','58af1393-cb6f-4acb-abc5-4583da093d49',null,null,null,null,null,null,null,null,null,null,null,null,null,null,null,null,null,null,null,null,null,null,null,null,null,null,null,null,null,0,null ) 
/

insert into PUB_FORM_PROPERTY ( PK_FORM_PROPERTY,AREAID,LABEL,CODE,METAPATH,WIDTH,REFCODE,ISNEXTROW,ISREVISE,ISTOTAL,REQUIRED,DISABLED,VISIBLE,MAXLENGTH,TEXTROWS,CREATOR,MODIFIER,CREATIONTIME,MODIFIEDTIME,RESID,POSITION,COLOR,DATATYPE,DATAVAL,SHOWFORMULA,EDITFORMULA,VALIDATEFORMULA,DEFAULTVAR,RELATEMETA,DEFINE1,DEFINE2,DEFINE3,ISMULTISELECTEDENABLED,METADATAPROPERTY,ITEMTYPE,REFNAME,METAID,ISCODE,COLNUM,DEFAULTVALUE,ISDEFINED,CLASSID,PROID,HYPERLINKFLAG,ONLYLEAFCANSELECT,MOBILETITLE,ISLOCK,ISRESLABEL,SHOWDATAVAL,SHOWFOCUS,ISSYNCSIDE,ISSYNCFOLD,ISSYNCLIST,ISDATAPOWERENABLE,ISCONVERTTIMEZONES,REFCONDITION,ISGROUPPOWER,EDITDISABLED,TABSKIP,ALIGNMENT,FROZEN,SHOWASRANGE,ANOTHERLINE,COLUMNNUM,ICONTYPE,COREINDEX,ISCOREDATA,ISHIGHLIGHT,ISBOLD,CONTENTCOLOR,REFENTER,MULTIPLELINES,DR,TS ) values  ( '1001A11LCP000007K00U','1001A11LCP000007K009','来源单据类型','srcbilltype','srcbilltype',120,null,null,null,null,'N','N','N',50,null,null,null,null,null,null,25,null,1,null,null,null,null,null,null,null,null,null,'N',null,'input',null,null,null,null,null,'N','c20d2227-2ecd-44d8-bc4f-f5fcafe82248','abc26087-7959-483b-beab-83f1f8bf07fe',null,null,null,null,null,null,null,null,null,null,null,null,null,null,null,null,null,null,null,null,null,null,null,null,null,null,null,null,null,0,null ) 
/

insert into PUB_FORM_PROPERTY ( PK_FORM_PROPERTY,AREAID,LABEL,CODE,METAPATH,WIDTH,REFCODE,ISNEXTROW,ISREVISE,ISTOTAL,REQUIRED,DISABLED,VISIBLE,MAXLENGTH,TEXTROWS,CREATOR,MODIFIER,CREATIONTIME,MODIFIEDTIME,RESID,POSITION,COLOR,DATATYPE,DATAVAL,SHOWFORMULA,EDITFORMULA,VALIDATEFORMULA,DEFAULTVAR,RELATEMETA,DEFINE1,DEFINE2,DEFINE3,ISMULTISELECTEDENABLED,METADATAPROPERTY,ITEMTYPE,REFNAME,METAID,ISCODE,COLNUM,DEFAULTVALUE,ISDEFINED,CLASSID,PROID,HYPERLINKFLAG,ONLYLEAFCANSELECT,MOBILETITLE,ISLOCK,ISRESLABEL,SHOWDATAVAL,SHOWFOCUS,ISSYNCSIDE,ISSYNCFOLD,ISSYNCLIST,ISDATAPOWERENABLE,ISCONVERTTIMEZONES,REFCONDITION,ISGROUPPOWER,EDITDISABLED,TABSKIP,ALIGNMENT,FROZEN,SHOWASRANGE,ANOTHERLINE,COLUMNNUM,ICONTYPE,COREINDEX,ISCOREDATA,ISHIGHLIGHT,ISBOLD,CONTENTCOLOR,REFENTER,MULTIPLELINES,DR,TS ) values  ( '1001A11LCP000007K00V','1001A11LCP000007K009','pk_org','pk_org','pk_org',120,'uapbd/refer/org/OrgWithGlobalAllDataTreeRef/index',null,null,null,'N','N','Y',20,null,null,null,null,null,null,1,null,204,'0001Z01000000001V017,code=N',null,null,null,null,null,null,null,null,'N','uap.org.name','refer','组织（包含全局）(所有)','985be8a4-3a36-4778-8afe-2d8ed3902659',null,null,null,'N','c20d2227-2ecd-44d8-bc4f-f5fcafe82248','00708833-92b5-4b71-ab8e-5b56a054035a',null,null,null,null,null,null,null,null,null,null,null,null,null,null,null,null,null,null,null,null,null,null,null,null,null,null,null,null,null,0,null ) 
/

insert into PUB_FORM_PROPERTY ( PK_FORM_PROPERTY,AREAID,LABEL,CODE,METAPATH,WIDTH,REFCODE,ISNEXTROW,ISREVISE,ISTOTAL,REQUIRED,DISABLED,VISIBLE,MAXLENGTH,TEXTROWS,CREATOR,MODIFIER,CREATIONTIME,MODIFIEDTIME,RESID,POSITION,COLOR,DATATYPE,DATAVAL,SHOWFORMULA,EDITFORMULA,VALIDATEFORMULA,DEFAULTVAR,RELATEMETA,DEFINE1,DEFINE2,DEFINE3,ISMULTISELECTEDENABLED,METADATAPROPERTY,ITEMTYPE,REFNAME,METAID,ISCODE,COLNUM,DEFAULTVALUE,ISDEFINED,CLASSID,PROID,HYPERLINKFLAG,ONLYLEAFCANSELECT,MOBILETITLE,ISLOCK,ISRESLABEL,SHOWDATAVAL,SHOWFOCUS,ISSYNCSIDE,ISSYNCFOLD,ISSYNCLIST,ISDATAPOWERENABLE,ISCONVERTTIMEZONES,REFCONDITION,ISGROUPPOWER,EDITDISABLED,TABSKIP,ALIGNMENT,FROZEN,SHOWASRANGE,ANOTHERLINE,COLUMNNUM,ICONTYPE,COREINDEX,ISCOREDATA,ISHIGHLIGHT,ISBOLD,CONTENTCOLOR,REFENTER,MULTIPLELINES,DR,TS ) values  ( '1001A11LCP000007K00W','1001A11LCP000007K009','code','code','code',120,null,null,null,null,'N','N','Y',50,null,null,null,null,null,null,2,null,1,null,null,null,null,null,null,null,null,null,'N',null,'input',null,null,null,null,null,'N','c20d2227-2ecd-44d8-bc4f-f5fcafe82248','6b28d3dd-6703-4a6e-8ecf-c99f8c814617',null,null,null,null,null,null,null,null,null,null,null,null,null,null,null,null,null,null,null,null,null,null,null,null,null,null,null,null,null,0,null ) 
/

insert into PUB_FORM_PROPERTY ( PK_FORM_PROPERTY,AREAID,LABEL,CODE,METAPATH,WIDTH,REFCODE,ISNEXTROW,ISREVISE,ISTOTAL,REQUIRED,DISABLED,VISIBLE,MAXLENGTH,TEXTROWS,CREATOR,MODIFIER,CREATIONTIME,MODIFIEDTIME,RESID,POSITION,COLOR,DATATYPE,DATAVAL,SHOWFORMULA,EDITFORMULA,VALIDATEFORMULA,DEFAULTVAR,RELATEMETA,DEFINE1,DEFINE2,DEFINE3,ISMULTISELECTEDENABLED,METADATAPROPERTY,ITEMTYPE,REFNAME,METAID,ISCODE,COLNUM,DEFAULTVALUE,ISDEFINED,CLASSID,PROID,HYPERLINKFLAG,ONLYLEAFCANSELECT,MOBILETITLE,ISLOCK,ISRESLABEL,SHOWDATAVAL,SHOWFOCUS,ISSYNCSIDE,ISSYNCFOLD,ISSYNCLIST,ISDATAPOWERENABLE,ISCONVERTTIMEZONES,REFCONDITION,ISGROUPPOWER,EDITDISABLED,TABSKIP,ALIGNMENT,FROZEN,SHOWASRANGE,ANOTHERLINE,COLUMNNUM,ICONTYPE,COREINDEX,ISCOREDATA,ISHIGHLIGHT,ISBOLD,CONTENTCOLOR,REFENTER,MULTIPLELINES,DR,TS ) values  ( '1001A11LCP000007K00X','1001A11LCP000007K009','name','name','name',120,null,null,null,null,'N','N','Y',50,null,null,null,null,null,null,3,null,1,null,null,null,null,null,null,null,null,null,'N',null,'input',null,null,null,null,null,'N','c20d2227-2ecd-44d8-bc4f-f5fcafe82248','1ed5c81f-1a29-49c7-9aa6-636b2cf100ef',null,null,null,null,null,null,null,null,null,null,null,null,null,null,null,null,null,null,null,null,null,null,null,null,null,null,null,null,null,0,null ) 
/

insert into PUB_FORM_PROPERTY ( PK_FORM_PROPERTY,AREAID,LABEL,CODE,METAPATH,WIDTH,REFCODE,ISNEXTROW,ISREVISE,ISTOTAL,REQUIRED,DISABLED,VISIBLE,MAXLENGTH,TEXTROWS,CREATOR,MODIFIER,CREATIONTIME,MODIFIEDTIME,RESID,POSITION,COLOR,DATATYPE,DATAVAL,SHOWFORMULA,EDITFORMULA,VALIDATEFORMULA,DEFAULTVAR,RELATEMETA,DEFINE1,DEFINE2,DEFINE3,ISMULTISELECTEDENABLED,METADATAPROPERTY,ITEMTYPE,REFNAME,METAID,ISCODE,COLNUM,DEFAULTVALUE,ISDEFINED,CLASSID,PROID,HYPERLINKFLAG,ONLYLEAFCANSELECT,MOBILETITLE,ISLOCK,ISRESLABEL,SHOWDATAVAL,SHOWFOCUS,ISSYNCSIDE,ISSYNCFOLD,ISSYNCLIST,ISDATAPOWERENABLE,ISCONVERTTIMEZONES,REFCONDITION,ISGROUPPOWER,EDITDISABLED,TABSKIP,ALIGNMENT,FROZEN,SHOWASRANGE,ANOTHERLINE,COLUMNNUM,ICONTYPE,COREINDEX,ISCOREDATA,ISHIGHLIGHT,ISBOLD,CONTENTCOLOR,REFENTER,MULTIPLELINES,DR,TS ) values  ( '1001A11LCP000007K00Y','1001A11LCP000007K009','交易类型pk','transtypepk','transtypepk',120,'uap/refer/riart/transtype/index',null,null,null,'N','N','Y',20,null,null,null,null,null,null,4,null,204,'0001Z0100BILLTYPEZJ8,code=N',null,null,null,null,null,null,null,null,'N','uap.BilltypeVO.billtypename','refer','影响因素交 易类型','b0fa41cd-a649-4309-b685-d341a5d1b0ed',null,null,null,'N','c20d2227-2ecd-44d8-bc4f-f5fcafe82248','7e9a71ee-4b06-4e85-8304-c1873c13d95b',null,null,null,null,null,null,null,null,null,null,null,null,null,null,null,null,null,null,null,null,null,null,null,null,null,null,null,null,null,0,null ) 
/

insert into PUB_AREA ( PK_AREA,CODE,NAME,AREATYPE,ASSOCIATEDTABLAYOUT,TEMPLETID,CREATOR,MODIFIER,CREATIONTIME,MODIFIEDTIME,RESID,RELATIONCODE,AREASTATUS,PAGINATION,CLAZZ,METAID,METANAME,ASSOCIATEDTAB,POSITION,METASPACE,AREADESC,TABHEADCODE,ISUNFOLD,ISGRANDSON,AREAHIDE,ISCLOSEQUICKQUERY,PAGESIZE,MAINNESTAREACODE,COLUMNNUM,ICONTYPE,DR,TS ) values  ( '1001A11LCP000007K009','testmdMaster_translist','主实体_拉单下游缩略图区域',1,'horizontal','1001A11LCP000007JZSM',null,null,null,null,null,null,'browse','','nc.vo.testmd.testmd.TestmdMasterVO','c20d2227-2ecd-44d8-bc4f-f5fcafe82248','主实体',null,9,'testmd.testmdMaster',null,null,null,'N',null,null,null,null,null,null,0,'2023-06-25 10:25:07' ) 
/

insert into SM_APPBUTNREGISTER ( PK_BTN,BTNCODE,BTNNAME,BTNDESC,RESID,APPID,TEMPLETID,ISENABLE,PAGECODE,BTNORDER,BTNTYPE,BTNAREA,PARENT_CODE,ISKEYFUNC,KEYBOARD,BTNCOLOR,PAGEAREACODE,PAGEDIMENSION,DISPLAYAREA,ACTIONAREA,GROUPDIRECTION,DISABLED,VISIBLE,DR,TS ) values  ( '1001A11LCP000007K03I','testmdMaster_Add_Group','',null,null,'1001A11000000007JZSI',null,'Y','10880557_testmdMaster',1,'buttongroup','common',null,null,'','button_secondary',null,null,null,null,null,null,null,0,null ) 
/

insert into SM_APPBUTNREGISTER ( PK_BTN,BTNCODE,BTNNAME,BTNDESC,RESID,APPID,TEMPLETID,ISENABLE,PAGECODE,BTNORDER,BTNTYPE,BTNAREA,PARENT_CODE,ISKEYFUNC,KEYBOARD,BTNCOLOR,PAGEAREACODE,PAGEDIMENSION,DISPLAYAREA,ACTIONAREA,GROUPDIRECTION,DISABLED,VISIBLE,DR,TS ) values  ( '1001A11LCP000007K03J','Add','新增',null,null,'1001A11000000007JZSI',null,'Y','10880557_testmdMaster',2,'general_btn','common','testmdMaster_Add_Group',null,'Ctrl+/','button_main',null,null,null,null,null,null,null,0,null ) 
/

insert into SM_APPBUTNREGISTER ( PK_BTN,BTNCODE,BTNNAME,BTNDESC,RESID,APPID,TEMPLETID,ISENABLE,PAGECODE,BTNORDER,BTNTYPE,BTNAREA,PARENT_CODE,ISKEYFUNC,KEYBOARD,BTNCOLOR,PAGEAREACODE,PAGEDIMENSION,DISPLAYAREA,ACTIONAREA,GROUPDIRECTION,DISABLED,VISIBLE,DR,TS ) values  ( '1001A11LCP000007K03K','Edit','修改',null,null,'1001A11000000007JZSI',null,'Y','10880557_testmdMaster',3,'general_btn','common','testmdMaster_Add_Group',null,'Alt+P','button_secondary',null,null,null,null,null,null,null,0,null ) 
/

insert into SM_APPBUTNREGISTER ( PK_BTN,BTNCODE,BTNNAME,BTNDESC,RESID,APPID,TEMPLETID,ISENABLE,PAGECODE,BTNORDER,BTNTYPE,BTNAREA,PARENT_CODE,ISKEYFUNC,KEYBOARD,BTNCOLOR,PAGEAREACODE,PAGEDIMENSION,DISPLAYAREA,ACTIONAREA,GROUPDIRECTION,DISABLED,VISIBLE,DR,TS ) values  ( '1001A11LCP000007K03L','Copy','复制',null,null,'1001A11000000007JZSI',null,'Y','10880557_testmdMaster',4,'general_btn','common','testmdMaster_Add_Group',null,'Alt+C','button_secondary',null,null,null,null,null,null,null,0,null ) 
/

insert into SM_APPBUTNREGISTER ( PK_BTN,BTNCODE,BTNNAME,BTNDESC,RESID,APPID,TEMPLETID,ISENABLE,PAGECODE,BTNORDER,BTNTYPE,BTNAREA,PARENT_CODE,ISKEYFUNC,KEYBOARD,BTNCOLOR,PAGEAREACODE,PAGEDIMENSION,DISPLAYAREA,ACTIONAREA,GROUPDIRECTION,DISABLED,VISIBLE,DR,TS ) values  ( '1001A11LCP000007K03M','Delete','删除',null,null,'1001A11000000007JZSI',null,'Y','10880557_testmdMaster',5,'general_btn','common','testmdMaster_Add_Group',null,'Ctrl+Del','button_secondary',null,null,null,null,null,null,null,0,null ) 
/

insert into SM_APPBUTNREGISTER ( PK_BTN,BTNCODE,BTNNAME,BTNDESC,RESID,APPID,TEMPLETID,ISENABLE,PAGECODE,BTNORDER,BTNTYPE,BTNAREA,PARENT_CODE,ISKEYFUNC,KEYBOARD,BTNCOLOR,PAGEAREACODE,PAGEDIMENSION,DISPLAYAREA,ACTIONAREA,GROUPDIRECTION,DISABLED,VISIBLE,DR,TS ) values  ( '1001A11LCP000007K03N','testmdMaster_Save_Group','',null,null,'1001A11000000007JZSI',null,'Y','10880557_testmdMaster',6,'buttongroup','common',null,null,'','button_secondary',null,null,null,null,null,null,null,0,null ) 
/

insert into SM_APPBUTNREGISTER ( PK_BTN,BTNCODE,BTNNAME,BTNDESC,RESID,APPID,TEMPLETID,ISENABLE,PAGECODE,BTNORDER,BTNTYPE,BTNAREA,PARENT_CODE,ISKEYFUNC,KEYBOARD,BTNCOLOR,PAGEAREACODE,PAGEDIMENSION,DISPLAYAREA,ACTIONAREA,GROUPDIRECTION,DISABLED,VISIBLE,DR,TS ) values  ( '1001A11LCP000007K03O','Save','保存',null,null,'1001A11000000007JZSI',null,'Y','10880557_testmdMaster',7,'general_btn','common','testmdMaster_Save_Group',null,'Ctrl+S','button_main',null,null,null,null,null,null,null,0,null ) 
/

insert into SM_APPBUTNREGISTER ( PK_BTN,BTNCODE,BTNNAME,BTNDESC,RESID,APPID,TEMPLETID,ISENABLE,PAGECODE,BTNORDER,BTNTYPE,BTNAREA,PARENT_CODE,ISKEYFUNC,KEYBOARD,BTNCOLOR,PAGEAREACODE,PAGEDIMENSION,DISPLAYAREA,ACTIONAREA,GROUPDIRECTION,DISABLED,VISIBLE,DR,TS ) values  ( '1001A11LCP000007K03P','SaveAdd','保存新增',null,null,'1001A11000000007JZSI',null,'Y','10880557_testmdMaster',8,'general_btn','common','testmdMaster_Save_Group',null,'Alt+S','button_secondary',null,null,null,null,null,null,null,0,null ) 
/

insert into SM_APPBUTNREGISTER ( PK_BTN,BTNCODE,BTNNAME,BTNDESC,RESID,APPID,TEMPLETID,ISENABLE,PAGECODE,BTNORDER,BTNTYPE,BTNAREA,PARENT_CODE,ISKEYFUNC,KEYBOARD,BTNCOLOR,PAGEAREACODE,PAGEDIMENSION,DISPLAYAREA,ACTIONAREA,GROUPDIRECTION,DISABLED,VISIBLE,DR,TS ) values  ( '1001A11LCP000007K03Q','Cancel','取消',null,null,'1001A11000000007JZSI',null,'Y','10880557_testmdMaster',9,'general_btn','common',null,null,'Alt+Q','button_secondary',null,null,null,null,null,null,null,0,null ) 
/

insert into SM_APPBUTNREGISTER ( PK_BTN,BTNCODE,BTNNAME,BTNDESC,RESID,APPID,TEMPLETID,ISENABLE,PAGECODE,BTNORDER,BTNTYPE,BTNAREA,PARENT_CODE,ISKEYFUNC,KEYBOARD,BTNCOLOR,PAGEAREACODE,PAGEDIMENSION,DISPLAYAREA,ACTIONAREA,GROUPDIRECTION,DISABLED,VISIBLE,DR,TS ) values  ( '1001A11LCP000007K03R','testmdSlave0_AddLine_Group','',null,null,'1001A11000000007JZSI',null,'Y','10880557_testmdMaster',10,'buttongroup','testmdSlave0Sub',null,null,'','button_secondary',null,null,null,null,null,null,null,0,null ) 
/

insert into SM_APPBUTNREGISTER ( PK_BTN,BTNCODE,BTNNAME,BTNDESC,RESID,APPID,TEMPLETID,ISENABLE,PAGECODE,BTNORDER,BTNTYPE,BTNAREA,PARENT_CODE,ISKEYFUNC,KEYBOARD,BTNCOLOR,PAGEAREACODE,PAGEDIMENSION,DISPLAYAREA,ACTIONAREA,GROUPDIRECTION,DISABLED,VISIBLE,DR,TS ) values  ( '1001A11LCP000007K03S','testmdSlave0Sub_AddLine','增行',null,null,'1001A11000000007JZSI',null,'Y','10880557_testmdMaster',11,'general_btn','testmdSlave0Sub','testmdSlave0_AddLine_Group',null,'Alt+N','button_secondary',null,null,null,null,null,null,null,0,null ) 
/

insert into SM_APPBUTNREGISTER ( PK_BTN,BTNCODE,BTNNAME,BTNDESC,RESID,APPID,TEMPLETID,ISENABLE,PAGECODE,BTNORDER,BTNTYPE,BTNAREA,PARENT_CODE,ISKEYFUNC,KEYBOARD,BTNCOLOR,PAGEAREACODE,PAGEDIMENSION,DISPLAYAREA,ACTIONAREA,GROUPDIRECTION,DISABLED,VISIBLE,DR,TS ) values  ( '1001A11LCP000007K03T','testmdSlave0Sub_CopyLine','复制',null,null,'1001A11000000007JZSI',null,'Y','10880557_testmdMaster',12,'general_btn','testmdSlave0Sub','testmdSlave0_AddLine_Group',null,'alt+c','button_secondary',null,null,null,null,null,null,null,0,null ) 
/

insert into SM_APPBUTNREGISTER ( PK_BTN,BTNCODE,BTNNAME,BTNDESC,RESID,APPID,TEMPLETID,ISENABLE,PAGECODE,BTNORDER,BTNTYPE,BTNAREA,PARENT_CODE,ISKEYFUNC,KEYBOARD,BTNCOLOR,PAGEAREACODE,PAGEDIMENSION,DISPLAYAREA,ACTIONAREA,GROUPDIRECTION,DISABLED,VISIBLE,DR,TS ) values  ( '1001A11LCP000007K03U','testmdSlave0Sub_DelLine','删行',null,null,'1001A11000000007JZSI',null,'Y','10880557_testmdMaster',13,'general_btn','testmdSlave0Sub','testmdSlave0_AddLine_Group',null,'alt+del','button_secondary',null,null,null,null,null,null,null,0,null ) 
/

insert into SM_APPBUTNREGISTER ( PK_BTN,BTNCODE,BTNNAME,BTNDESC,RESID,APPID,TEMPLETID,ISENABLE,PAGECODE,BTNORDER,BTNTYPE,BTNAREA,PARENT_CODE,ISKEYFUNC,KEYBOARD,BTNCOLOR,PAGEAREACODE,PAGEDIMENSION,DISPLAYAREA,ACTIONAREA,GROUPDIRECTION,DISABLED,VISIBLE,DR,TS ) values  ( '1001A11LCP000007K03V','testmdSlave0_Past_Group','',null,null,'1001A11000000007JZSI',null,'Y','10880557_testmdMaster',14,'buttongroup','testmdSlave0Sub',null,null,'','button_secondary',null,null,null,null,null,null,null,0,null ) 
/

insert into SM_APPBUTNREGISTER ( PK_BTN,BTNCODE,BTNNAME,BTNDESC,RESID,APPID,TEMPLETID,ISENABLE,PAGECODE,BTNORDER,BTNTYPE,BTNAREA,PARENT_CODE,ISKEYFUNC,KEYBOARD,BTNCOLOR,PAGEAREACODE,PAGEDIMENSION,DISPLAYAREA,ACTIONAREA,GROUPDIRECTION,DISABLED,VISIBLE,DR,TS ) values  ( '1001A11LCP000007K03W','testmdSlave0Sub_PastEndLine','粘贴到末行',null,null,'1001A11000000007JZSI',null,'Y','10880557_testmdMaster',15,'general_btn','testmdSlave0Sub','testmdSlave0_Past_Group',null,'Ctrl+Alt+V','button_secondary',null,null,null,null,null,null,null,0,null ) 
/

insert into SM_APPBUTNREGISTER ( PK_BTN,BTNCODE,BTNNAME,BTNDESC,RESID,APPID,TEMPLETID,ISENABLE,PAGECODE,BTNORDER,BTNTYPE,BTNAREA,PARENT_CODE,ISKEYFUNC,KEYBOARD,BTNCOLOR,PAGEAREACODE,PAGEDIMENSION,DISPLAYAREA,ACTIONAREA,GROUPDIRECTION,DISABLED,VISIBLE,DR,TS ) values  ( '1001A11LCP000007K03X','testmdSlave0Sub_CopyCancelLine','取消',null,null,'1001A11000000007JZSI',null,'Y','10880557_testmdMaster',16,'general_btn','testmdSlave0Sub','testmdSlave0_Past_Group',null,null,'button_secondary',null,null,null,null,null,null,null,0,null ) 
/

insert into SM_APPBUTNREGISTER ( PK_BTN,BTNCODE,BTNNAME,BTNDESC,RESID,APPID,TEMPLETID,ISENABLE,PAGECODE,BTNORDER,BTNTYPE,BTNAREA,PARENT_CODE,ISKEYFUNC,KEYBOARD,BTNCOLOR,PAGEAREACODE,PAGEDIMENSION,DISPLAYAREA,ACTIONAREA,GROUPDIRECTION,DISABLED,VISIBLE,DR,TS ) values  ( '1001A11LCP000007K03Y','testmdSlave0Sub_DelLineOpr','删除',null,null,'1001A11000000007JZSI',null,'Y','10880557_testmdMaster',17,'general_btn','testmdSlave0SubOpr',null,null,'alt+del','button_secondary',null,null,null,null,null,null,null,0,null ) 
/

insert into SM_APPBUTNREGISTER ( PK_BTN,BTNCODE,BTNNAME,BTNDESC,RESID,APPID,TEMPLETID,ISENABLE,PAGECODE,BTNORDER,BTNTYPE,BTNAREA,PARENT_CODE,ISKEYFUNC,KEYBOARD,BTNCOLOR,PAGEAREACODE,PAGEDIMENSION,DISPLAYAREA,ACTIONAREA,GROUPDIRECTION,DISABLED,VISIBLE,DR,TS ) values  ( '1001A11LCP000007K03Z','testmdSlave0Sub_ExpandLineOpr','展开',null,null,'1001A11000000007JZSI',null,'Y','10880557_testmdMaster',18,'general_btn','testmdSlave0SubOpr',null,null,'f4','button_secondary',null,null,null,null,null,null,null,0,null ) 
/

insert into SM_APPBUTNREGISTER ( PK_BTN,BTNCODE,BTNNAME,BTNDESC,RESID,APPID,TEMPLETID,ISENABLE,PAGECODE,BTNORDER,BTNTYPE,BTNAREA,PARENT_CODE,ISKEYFUNC,KEYBOARD,BTNCOLOR,PAGEAREACODE,PAGEDIMENSION,DISPLAYAREA,ACTIONAREA,GROUPDIRECTION,DISABLED,VISIBLE,DR,TS ) values  ( '1001A11LCP000007K040','testmdSlave0Sub_CopyLineOpr','复制行',null,null,'1001A11000000007JZSI',null,'Y','10880557_testmdMaster',19,'general_btn','testmdSlave0SubOpr',null,null,'Alt+C','button_secondary',null,null,null,null,null,null,null,0,null ) 
/

insert into SM_APPBUTNREGISTER ( PK_BTN,BTNCODE,BTNNAME,BTNDESC,RESID,APPID,TEMPLETID,ISENABLE,PAGECODE,BTNORDER,BTNTYPE,BTNAREA,PARENT_CODE,ISKEYFUNC,KEYBOARD,BTNCOLOR,PAGEAREACODE,PAGEDIMENSION,DISPLAYAREA,ACTIONAREA,GROUPDIRECTION,DISABLED,VISIBLE,DR,TS ) values  ( '1001A11LCP000007K041','testmdSlave0Sub_PastNextLineOpr','粘贴至此',null,null,'1001A11000000007JZSI',null,'Y','10880557_testmdMaster',20,'general_btn','testmdSlave0SubOpr',null,null,'alt+v','button_secondary',null,null,null,null,null,null,null,0,null ) 
/

insert into SM_APPBUTNREGISTER ( PK_BTN,BTNCODE,BTNNAME,BTNDESC,RESID,APPID,TEMPLETID,ISENABLE,PAGECODE,BTNORDER,BTNTYPE,BTNAREA,PARENT_CODE,ISKEYFUNC,KEYBOARD,BTNCOLOR,PAGEAREACODE,PAGEDIMENSION,DISPLAYAREA,ACTIONAREA,GROUPDIRECTION,DISABLED,VISIBLE,DR,TS ) values  ( '1001A11LCP000007K042','FetchRefresh','',null,null,'1001A11000000007JZSI',null,'Y','10880557_testmdMaster',21,'general_btn','fetch_table',null,null,null,'button_secondary',null,null,null,null,null,null,null,0,null ) 
/

insert into SM_APPBUTNREGISTER ( PK_BTN,BTNCODE,BTNNAME,BTNDESC,RESID,APPID,TEMPLETID,ISENABLE,PAGECODE,BTNORDER,BTNTYPE,BTNAREA,PARENT_CODE,ISKEYFUNC,KEYBOARD,BTNCOLOR,PAGEAREACODE,PAGEDIMENSION,DISPLAYAREA,ACTIONAREA,GROUPDIRECTION,DISABLED,VISIBLE,DR,TS ) values  ( '1001A11LCP000007K043','FetchBtn','拉单',null,null,'1001A11000000007JZSI',null,'Y','10880557_testmdMaster',22,'general_btn','common',null,null,'Alt+L','button_secondary',null,null,null,null,null,null,null,0,null ) 
/

insert into SM_APPBUTNREGISTER ( PK_BTN,BTNCODE,BTNNAME,BTNDESC,RESID,APPID,TEMPLETID,ISENABLE,PAGECODE,BTNORDER,BTNTYPE,BTNAREA,PARENT_CODE,ISKEYFUNC,KEYBOARD,BTNCOLOR,PAGEAREACODE,PAGEDIMENSION,DISPLAYAREA,ACTIONAREA,GROUPDIRECTION,DISABLED,VISIBLE,DR,TS ) values  ( '1001A11LCP000007K044','FetchSave','保存',null,null,'1001A11000000007JZSI',null,'Y','10880557_testmdMaster',23,'general_btn','common',null,null,'Ctrl+S','button_secondary',null,null,null,null,null,null,null,0,null ) 
/

insert into SM_APPBUTNREGISTER ( PK_BTN,BTNCODE,BTNNAME,BTNDESC,RESID,APPID,TEMPLETID,ISENABLE,PAGECODE,BTNORDER,BTNTYPE,BTNAREA,PARENT_CODE,ISKEYFUNC,KEYBOARD,BTNCOLOR,PAGEAREACODE,PAGEDIMENSION,DISPLAYAREA,ACTIONAREA,GROUPDIRECTION,DISABLED,VISIBLE,DR,TS ) values  ( '1001A11LCP000007K045','FetchCancel','取消',null,null,'1001A11000000007JZSI',null,'Y','10880557_testmdMaster',24,'general_btn','common',null,null,'Alt+Q','button_secondary',null,null,null,null,null,null,null,0,null ) 
/

insert into SM_APPBUTNREGISTER ( PK_BTN,BTNCODE,BTNNAME,BTNDESC,RESID,APPID,TEMPLETID,ISENABLE,PAGECODE,BTNORDER,BTNTYPE,BTNAREA,PARENT_CODE,ISKEYFUNC,KEYBOARD,BTNCOLOR,PAGEAREACODE,PAGEDIMENSION,DISPLAYAREA,ACTIONAREA,GROUPDIRECTION,DISABLED,VISIBLE,DR,TS ) values  ( '1001A11LCP000007K046','FetchEdit','修改',null,null,'1001A11000000007JZSI',null,'Y','10880557_testmdMaster',25,'general_btn','common',null,null,'Alt+P','button_secondary',null,null,null,null,null,null,null,0,null ) 
/

insert into SM_APPBUTNREGISTER ( PK_BTN,BTNCODE,BTNNAME,BTNDESC,RESID,APPID,TEMPLETID,ISENABLE,PAGECODE,BTNORDER,BTNTYPE,BTNAREA,PARENT_CODE,ISKEYFUNC,KEYBOARD,BTNCOLOR,PAGEAREACODE,PAGEDIMENSION,DISPLAYAREA,ACTIONAREA,GROUPDIRECTION,DISABLED,VISIBLE,DR,TS ) values  ( '1001A11LCP000007K047','FetchExit','退出转单',null,null,'1001A11000000007JZSI',null,'Y','10880557_testmdMaster',26,'general_btn','common',null,null,null,'button_secondary',null,null,null,null,null,null,null,0,null ) 
/

insert into SM_APPBUTNREGISTER ( PK_BTN,BTNCODE,BTNNAME,BTNDESC,RESID,APPID,TEMPLETID,ISENABLE,PAGECODE,BTNORDER,BTNTYPE,BTNAREA,PARENT_CODE,ISKEYFUNC,KEYBOARD,BTNCOLOR,PAGEAREACODE,PAGEDIMENSION,DISPLAYAREA,ACTIONAREA,GROUPDIRECTION,DISABLED,VISIBLE,DR,TS ) values  ( '1001A11LCP000007K048','Commit','提交',null,null,'1001A11000000007JZSI',null,'Y','10880557_testmdMaster',27,'divider','common',null,null,'Alt+B','button_secondary',null,null,null,null,null,null,null,0,null ) 
/

insert into SM_APPBUTNREGISTER ( PK_BTN,BTNCODE,BTNNAME,BTNDESC,RESID,APPID,TEMPLETID,ISENABLE,PAGECODE,BTNORDER,BTNTYPE,BTNAREA,PARENT_CODE,ISKEYFUNC,KEYBOARD,BTNCOLOR,PAGEAREACODE,PAGEDIMENSION,DISPLAYAREA,ACTIONAREA,GROUPDIRECTION,DISABLED,VISIBLE,DR,TS ) values  ( '1001A11LCP000007K049','testmd24_Group','',null,null,'1001A11000000007JZSI',null,'Y','10880557_testmdMaster',28,'buttongroup','common','Commit',null,'','button_secondary',null,null,null,null,null,null,null,0,null ) 
/

insert into SM_APPBUTNREGISTER ( PK_BTN,BTNCODE,BTNNAME,BTNDESC,RESID,APPID,TEMPLETID,ISENABLE,PAGECODE,BTNORDER,BTNTYPE,BTNAREA,PARENT_CODE,ISKEYFUNC,KEYBOARD,BTNCOLOR,PAGEAREACODE,PAGEDIMENSION,DISPLAYAREA,ACTIONAREA,GROUPDIRECTION,DISABLED,VISIBLE,DR,TS ) values  ( '1001A11LCP000007K04A','UnCommit','收回',null,null,'1001A11000000007JZSI',null,'Y','10880557_testmdMaster',29,'general_btn','common','testmd24_Group',null,'Ctrl+B','button_secondary',null,null,null,null,null,null,null,0,null ) 
/

insert into SM_APPBUTNREGISTER ( PK_BTN,BTNCODE,BTNNAME,BTNDESC,RESID,APPID,TEMPLETID,ISENABLE,PAGECODE,BTNORDER,BTNTYPE,BTNAREA,PARENT_CODE,ISKEYFUNC,KEYBOARD,BTNCOLOR,PAGEAREACODE,PAGEDIMENSION,DISPLAYAREA,ACTIONAREA,GROUPDIRECTION,DISABLED,VISIBLE,DR,TS ) values  ( '1001A11LCP000007K04B','fs_group_add','新建分组',null,null,'1001A11000000007JZSI',null,'Y','10880557_testmdMaster',30,'general_btn','ncuploader_modal-area',null,null,null,'button_main',null,null,null,null,null,null,null,0,null ) 
/

insert into SM_APPBUTNREGISTER ( PK_BTN,BTNCODE,BTNNAME,BTNDESC,RESID,APPID,TEMPLETID,ISENABLE,PAGECODE,BTNORDER,BTNTYPE,BTNAREA,PARENT_CODE,ISKEYFUNC,KEYBOARD,BTNCOLOR,PAGEAREACODE,PAGEDIMENSION,DISPLAYAREA,ACTIONAREA,GROUPDIRECTION,DISABLED,VISIBLE,DR,TS ) values  ( '1001A11LCP000007K04C','fs_browse','预览',null,null,'1001A11000000007JZSI',null,'Y','10880557_testmdMaster',31,'general_btn','ncuploader_modal-area',null,null,null,'button_secondary',null,null,null,null,null,null,null,0,null ) 
/

insert into SM_APPBUTNREGISTER ( PK_BTN,BTNCODE,BTNNAME,BTNDESC,RESID,APPID,TEMPLETID,ISENABLE,PAGECODE,BTNORDER,BTNTYPE,BTNAREA,PARENT_CODE,ISKEYFUNC,KEYBOARD,BTNCOLOR,PAGEAREACODE,PAGEDIMENSION,DISPLAYAREA,ACTIONAREA,GROUPDIRECTION,DISABLED,VISIBLE,DR,TS ) values  ( '1001A11LCP000007K04D','fs_delete','删除',null,null,'1001A11000000007JZSI',null,'Y','10880557_testmdMaster',32,'general_btn','ncuploader_modal-area',null,null,null,'button_secondary',null,null,null,null,null,null,null,0,null ) 
/

insert into SM_APPBUTNREGISTER ( PK_BTN,BTNCODE,BTNNAME,BTNDESC,RESID,APPID,TEMPLETID,ISENABLE,PAGECODE,BTNORDER,BTNTYPE,BTNAREA,PARENT_CODE,ISKEYFUNC,KEYBOARD,BTNCOLOR,PAGEAREACODE,PAGEDIMENSION,DISPLAYAREA,ACTIONAREA,GROUPDIRECTION,DISABLED,VISIBLE,DR,TS ) values  ( '1001A11LCP000007K04E','fs_download','下载',null,null,'1001A11000000007JZSI',null,'Y','10880557_testmdMaster',33,'general_btn','ncuploader_modal-area',null,null,null,'button_secondary',null,null,null,null,null,null,null,0,null ) 
/

insert into SM_APPBUTNREGISTER ( PK_BTN,BTNCODE,BTNNAME,BTNDESC,RESID,APPID,TEMPLETID,ISENABLE,PAGECODE,BTNORDER,BTNTYPE,BTNAREA,PARENT_CODE,ISKEYFUNC,KEYBOARD,BTNCOLOR,PAGEAREACODE,PAGEDIMENSION,DISPLAYAREA,ACTIONAREA,GROUPDIRECTION,DISABLED,VISIBLE,DR,TS ) values  ( '1001A11LCP000007K04F','fs_edit','修改',null,null,'1001A11000000007JZSI',null,'Y','10880557_testmdMaster',34,'general_btn','ncuploader_modal-area',null,null,null,'button_secondary',null,null,null,null,null,null,null,0,null ) 
/

insert into SM_APPBUTNREGISTER ( PK_BTN,BTNCODE,BTNNAME,BTNDESC,RESID,APPID,TEMPLETID,ISENABLE,PAGECODE,BTNORDER,BTNTYPE,BTNAREA,PARENT_CODE,ISKEYFUNC,KEYBOARD,BTNCOLOR,PAGEAREACODE,PAGEDIMENSION,DISPLAYAREA,ACTIONAREA,GROUPDIRECTION,DISABLED,VISIBLE,DR,TS ) values  ( '1001A11LCP000007K04G','fs_group_edit','组名修改',null,null,'1001A11000000007JZSI',null,'Y','10880557_testmdMaster',35,'general_btn','ncuploader_modal-area',null,null,null,'button_secondary',null,null,null,null,null,null,null,0,null ) 
/

insert into SM_APPBUTNREGISTER ( PK_BTN,BTNCODE,BTNNAME,BTNDESC,RESID,APPID,TEMPLETID,ISENABLE,PAGECODE,BTNORDER,BTNTYPE,BTNAREA,PARENT_CODE,ISKEYFUNC,KEYBOARD,BTNCOLOR,PAGEAREACODE,PAGEDIMENSION,DISPLAYAREA,ACTIONAREA,GROUPDIRECTION,DISABLED,VISIBLE,DR,TS ) values  ( '1001A11LCP000007K04H','fs_group_delete','组名删除',null,null,'1001A11000000007JZSI',null,'Y','10880557_testmdMaster',36,'general_btn','ncuploader_modal-area',null,null,null,'button_secondary',null,null,null,null,null,null,null,0,null ) 
/

insert into SM_APPBUTNREGISTER ( PK_BTN,BTNCODE,BTNNAME,BTNDESC,RESID,APPID,TEMPLETID,ISENABLE,PAGECODE,BTNORDER,BTNTYPE,BTNAREA,PARENT_CODE,ISKEYFUNC,KEYBOARD,BTNCOLOR,PAGEAREACODE,PAGEDIMENSION,DISPLAYAREA,ACTIONAREA,GROUPDIRECTION,DISABLED,VISIBLE,DR,TS ) values  ( '1001A11LCP000007K04I','fs_heigh_meter','高拍仪',null,null,'1001A11000000007JZSI',null,'Y','10880557_testmdMaster',37,'general_btn','ncuploader_modal-area',null,null,null,'button_secondary',null,null,null,null,null,null,null,0,null ) 
/

insert into SM_APPBUTNREGISTER ( PK_BTN,BTNCODE,BTNNAME,BTNDESC,RESID,APPID,TEMPLETID,ISENABLE,PAGECODE,BTNORDER,BTNTYPE,BTNAREA,PARENT_CODE,ISKEYFUNC,KEYBOARD,BTNCOLOR,PAGEAREACODE,PAGEDIMENSION,DISPLAYAREA,ACTIONAREA,GROUPDIRECTION,DISABLED,VISIBLE,DR,TS ) values  ( '1001A11LCP000007K04J','fs_move','移动',null,null,'1001A11000000007JZSI',null,'Y','10880557_testmdMaster',38,'general_btn','ncuploader_modal-area',null,null,null,'button_secondary',null,null,null,null,null,null,null,0,null ) 
/

insert into SM_APPBUTNREGISTER ( PK_BTN,BTNCODE,BTNNAME,BTNDESC,RESID,APPID,TEMPLETID,ISENABLE,PAGECODE,BTNORDER,BTNTYPE,BTNAREA,PARENT_CODE,ISKEYFUNC,KEYBOARD,BTNCOLOR,PAGEAREACODE,PAGEDIMENSION,DISPLAYAREA,ACTIONAREA,GROUPDIRECTION,DISABLED,VISIBLE,DR,TS ) values  ( '1001A11LCP000007K04K','fs_rename','重命名',null,null,'1001A11000000007JZSI',null,'Y','10880557_testmdMaster',39,'general_btn','ncuploader_modal-area',null,null,null,'button_secondary',null,null,null,null,null,null,null,0,null ) 
/

insert into SM_APPBUTNREGISTER ( PK_BTN,BTNCODE,BTNNAME,BTNDESC,RESID,APPID,TEMPLETID,ISENABLE,PAGECODE,BTNORDER,BTNTYPE,BTNAREA,PARENT_CODE,ISKEYFUNC,KEYBOARD,BTNCOLOR,PAGEAREACODE,PAGEDIMENSION,DISPLAYAREA,ACTIONAREA,GROUPDIRECTION,DISABLED,VISIBLE,DR,TS ) values  ( '1001A11LCP000007K04L','fs_upload','上传',null,null,'1001A11000000007JZSI',null,'Y','10880557_testmdMaster',40,'general_btn','ncuploader_modal-area',null,null,null,'button_secondary',null,null,null,null,null,null,null,0,null ) 
/

insert into SM_APPBUTNREGISTER ( PK_BTN,BTNCODE,BTNNAME,BTNDESC,RESID,APPID,TEMPLETID,ISENABLE,PAGECODE,BTNORDER,BTNTYPE,BTNAREA,PARENT_CODE,ISKEYFUNC,KEYBOARD,BTNCOLOR,PAGEAREACODE,PAGEDIMENSION,DISPLAYAREA,ACTIONAREA,GROUPDIRECTION,DISABLED,VISIBLE,DR,TS ) values  ( '1001A11LCP000007K04M','fs_upload_url','上传url',null,null,'1001A11000000007JZSI',null,'Y','10880557_testmdMaster',41,'general_btn','ncuploader_modal-area',null,null,null,'button_secondary',null,null,null,null,null,null,null,0,null ) 
/

insert into SM_APPBUTNREGISTER ( PK_BTN,BTNCODE,BTNNAME,BTNDESC,RESID,APPID,TEMPLETID,ISENABLE,PAGECODE,BTNORDER,BTNTYPE,BTNAREA,PARENT_CODE,ISKEYFUNC,KEYBOARD,BTNCOLOR,PAGEAREACODE,PAGEDIMENSION,DISPLAYAREA,ACTIONAREA,GROUPDIRECTION,DISABLED,VISIBLE,DR,TS ) values  ( '1001A11LCP000007K04N','More','更多',null,null,'1001A11000000007JZSI',null,'Y','10880557_testmdMaster',42,'more','common',null,null,null,'button_secondary',null,null,null,null,null,null,null,0,null ) 
/

insert into SM_APPBUTNREGISTER ( PK_BTN,BTNCODE,BTNNAME,BTNDESC,RESID,APPID,TEMPLETID,ISENABLE,PAGECODE,BTNORDER,BTNTYPE,BTNAREA,PARENT_CODE,ISKEYFUNC,KEYBOARD,BTNCOLOR,PAGEAREACODE,PAGEDIMENSION,DISPLAYAREA,ACTIONAREA,GROUPDIRECTION,DISABLED,VISIBLE,DR,TS ) values  ( '1001A11LCP000007K04O','Attachment_Group','辅助功能',null,null,'1001A11000000007JZSI',null,'Y','10880557_testmdMaster',43,'buttongroup','common','More',null,'','button_secondary',null,null,null,null,null,null,null,0,null ) 
/

insert into SM_APPBUTNREGISTER ( PK_BTN,BTNCODE,BTNNAME,BTNDESC,RESID,APPID,TEMPLETID,ISENABLE,PAGECODE,BTNORDER,BTNTYPE,BTNAREA,PARENT_CODE,ISKEYFUNC,KEYBOARD,BTNCOLOR,PAGEAREACODE,PAGEDIMENSION,DISPLAYAREA,ACTIONAREA,GROUPDIRECTION,DISABLED,VISIBLE,DR,TS ) values  ( '1001A11LCP000007K04P','Attachment','附件管理',null,null,'1001A11000000007JZSI',null,'Y','10880557_testmdMaster',44,'general_btn','common','Attachment_Group',null,'Alt+D','button_secondary',null,null,null,null,null,null,null,0,null ) 
/

insert into SM_APPBUTNREGISTER ( PK_BTN,BTNCODE,BTNNAME,BTNDESC,RESID,APPID,TEMPLETID,ISENABLE,PAGECODE,BTNORDER,BTNTYPE,BTNAREA,PARENT_CODE,ISKEYFUNC,KEYBOARD,BTNCOLOR,PAGEAREACODE,PAGEDIMENSION,DISPLAYAREA,ACTIONAREA,GROUPDIRECTION,DISABLED,VISIBLE,DR,TS ) values  ( '1001A11LCP000007K04R','PrintAndOutput_Group','打印',null,null,'1001A11000000007JZSI',null,'Y','10880557_testmdMaster',45,'buttongroup','common','More',null,'','button_secondary',null,null,null,null,null,null,null,0,null ) 
/

insert into SM_APPBUTNREGISTER ( PK_BTN,BTNCODE,BTNNAME,BTNDESC,RESID,APPID,TEMPLETID,ISENABLE,PAGECODE,BTNORDER,BTNTYPE,BTNAREA,PARENT_CODE,ISKEYFUNC,KEYBOARD,BTNCOLOR,PAGEAREACODE,PAGEDIMENSION,DISPLAYAREA,ACTIONAREA,GROUPDIRECTION,DISABLED,VISIBLE,DR,TS ) values  ( '1001A11LCP000007K04S','Print','打印',null,null,'1001A11000000007JZSI',null,'Y','10880557_testmdMaster',46,'general_btn','common','PrintAndOutput_Group',null,'Ctrl+P','button_secondary',null,null,null,null,null,null,null,0,null ) 
/

insert into SM_APPBUTNREGISTER ( PK_BTN,BTNCODE,BTNNAME,BTNDESC,RESID,APPID,TEMPLETID,ISENABLE,PAGECODE,BTNORDER,BTNTYPE,BTNAREA,PARENT_CODE,ISKEYFUNC,KEYBOARD,BTNCOLOR,PAGEAREACODE,PAGEDIMENSION,DISPLAYAREA,ACTIONAREA,GROUPDIRECTION,DISABLED,VISIBLE,DR,TS ) values  ( '1001A11LCP000007K04T','Output','输出',null,null,'1001A11000000007JZSI',null,'Y','10880557_testmdMaster',47,'general_btn','common','PrintAndOutput_Group',null,'Ctrl+W','button_secondary',null,null,null,null,null,null,null,0,null ) 
/

insert into SM_APPBUTNREGISTER ( PK_BTN,BTNCODE,BTNNAME,BTNDESC,RESID,APPID,TEMPLETID,ISENABLE,PAGECODE,BTNORDER,BTNTYPE,BTNAREA,PARENT_CODE,ISKEYFUNC,KEYBOARD,BTNCOLOR,PAGEAREACODE,PAGEDIMENSION,DISPLAYAREA,ACTIONAREA,GROUPDIRECTION,DISABLED,VISIBLE,DR,TS ) values  ( '1001A11LCP000007K04V','ImportAndExport_Group','导入',null,null,'1001A11000000007JZSI',null,'Y','10880557_testmdMaster',48,'buttongroup','common','More',null,'','button_secondary',null,null,null,null,null,null,null,0,null ) 
/

insert into SM_APPBUTNREGISTER ( PK_BTN,BTNCODE,BTNNAME,BTNDESC,RESID,APPID,TEMPLETID,ISENABLE,PAGECODE,BTNORDER,BTNTYPE,BTNAREA,PARENT_CODE,ISKEYFUNC,KEYBOARD,BTNCOLOR,PAGEAREACODE,PAGEDIMENSION,DISPLAYAREA,ACTIONAREA,GROUPDIRECTION,DISABLED,VISIBLE,DR,TS ) values  ( '1001A11LCP000007K04W','Import','导入',null,null,'1001A11000000007JZSI',null,'Y','10880557_testmdMaster',49,'general_btn','common','ImportAndExport_Group',null,'Ctrl+Alt+E','button_secondary',null,null,null,null,null,null,null,0,null ) 
/

insert into SM_APPBUTNREGISTER ( PK_BTN,BTNCODE,BTNNAME,BTNDESC,RESID,APPID,TEMPLETID,ISENABLE,PAGECODE,BTNORDER,BTNTYPE,BTNAREA,PARENT_CODE,ISKEYFUNC,KEYBOARD,BTNCOLOR,PAGEAREACODE,PAGEDIMENSION,DISPLAYAREA,ACTIONAREA,GROUPDIRECTION,DISABLED,VISIBLE,DR,TS ) values  ( '1001A11LCP000007K04X','Export','导出',null,null,'1001A11000000007JZSI',null,'Y','10880557_testmdMaster',50,'general_btn','common','ImportAndExport_Group',null,'ctrl+alt+c','button_secondary',null,null,null,null,null,null,null,0,null ) 
/

insert into SM_APPBUTNREGISTER ( PK_BTN,BTNCODE,BTNNAME,BTNDESC,RESID,APPID,TEMPLETID,ISENABLE,PAGECODE,BTNORDER,BTNTYPE,BTNAREA,PARENT_CODE,ISKEYFUNC,KEYBOARD,BTNCOLOR,PAGEAREACODE,PAGEDIMENSION,DISPLAYAREA,ACTIONAREA,GROUPDIRECTION,DISABLED,VISIBLE,DR,TS ) values  ( '1001A11LCP000007K04Z','BillTrack_Group','辅助功能',null,null,'1001A11000000007JZSI',null,'Y','10880557_testmdMaster',51,'buttongroup','common','More',null,'','button_secondary',null,null,null,null,null,null,null,0,null ) 
/

insert into SM_APPBUTNREGISTER ( PK_BTN,BTNCODE,BTNNAME,BTNDESC,RESID,APPID,TEMPLETID,ISENABLE,PAGECODE,BTNORDER,BTNTYPE,BTNAREA,PARENT_CODE,ISKEYFUNC,KEYBOARD,BTNCOLOR,PAGEAREACODE,PAGEDIMENSION,DISPLAYAREA,ACTIONAREA,GROUPDIRECTION,DISABLED,VISIBLE,DR,TS ) values  ( '1001A11LCP000007K050','ApproveDetail','审批详情',null,null,'1001A11000000007JZSI',null,'Y','10880557_testmdMaster',52,'general_btn','common','BillTrack_Group',null,'Ctrl+O','button_secondary',null,null,null,null,null,null,null,0,null ) 
/

insert into SM_APPBUTNREGISTER ( PK_BTN,BTNCODE,BTNNAME,BTNDESC,RESID,APPID,TEMPLETID,ISENABLE,PAGECODE,BTNORDER,BTNTYPE,BTNAREA,PARENT_CODE,ISKEYFUNC,KEYBOARD,BTNCOLOR,PAGEAREACODE,PAGEDIMENSION,DISPLAYAREA,ACTIONAREA,GROUPDIRECTION,DISABLED,VISIBLE,DR,TS ) values  ( '1001A11LCP000007K051','BillTrack','单据追溯',null,null,'1001A11000000007JZSI',null,'Y','10880557_testmdMaster',53,'general_btn','common','BillTrack_Group',null,'ctrl+k','button_secondary',null,null,null,null,null,null,null,0,null ) 
/

insert into SM_APPBUTNREGISTER ( PK_BTN,BTNCODE,BTNNAME,BTNDESC,RESID,APPID,TEMPLETID,ISENABLE,PAGECODE,BTNORDER,BTNTYPE,BTNAREA,PARENT_CODE,ISKEYFUNC,KEYBOARD,BTNCOLOR,PAGEAREACODE,PAGEDIMENSION,DISPLAYAREA,ACTIONAREA,GROUPDIRECTION,DISABLED,VISIBLE,DR,TS ) values  ( '1001A11LCP000007K052','Refresh','',null,null,'1001A11000000007JZSI',null,'Y','10880557_testmdMaster',54,'general_btn','common',null,null,'F5','button_secondary',null,null,null,null,null,null,null,0,null ) 
/

insert into EXCEL_OUTPUTPROCESS ( BILLTYPE,MODULE,PK_PROCESS,PRANAME,PROCLASSNAME,TS ) values  ( 'TESTMDMASTER_10880557','UAPBD','1001A11LCP000007JZX5','主实体导出模板','nc.impl.uapbd.testmd.testmdmaster.AggTestmdMasterVOExcelOutputProcessor','2023-06-25 10:25:05' ) 
/

insert into EXCEL_BILLPROCESS ( BASECLASSNAME,BILLTYPE,MODULE,PK_PROCESS,PRANAME,PROCLASSNAME,TS ) values  ( 'nc.vo.testmd.testmd.AggTestmdMasterVO','TESTMDMASTER_10880557','UAPBD','1001A11LCP000007JZX6','主实体导入模板','nc.impl.uapbd.testmd.testmdmaster.AggTestmdMasterVOImportProcess','2023-06-25 10:25:05' ) 
/

insert into EXCEL_TRANSLATOR ( MODULE,PK_TRANSLATOR,TRACLASSNAME,TRAID,TRANAME,DR,TS ) values  ( 'uapbd','1001A11LCP000007JZX7','nc.impl.uapbd.testmd.testmdmaster.AggTestmdMasterVOTranslator','999','主实体翻译器',0,'2023-06-25 10:25:05' ) 
/

insert into BD_BILLTYPE ( PK_BILLTYPEID,PK_BILLTYPECODE,ACCOUNTCLASS,BILLCODERULE,BILLSTYLE,BILLTYPENAME,BILLTYPENAME2,BILLTYPENAME3,BILLTYPENAME4,BILLTYPENAME5,BILLTYPENAME6,CANEXTENDTRANSACTION,CHECKCLASSNAME,CLASSNAME,COMP,COMPONENT,DATAFINDERCLZ,DEF1,DEF2,DEF3,EMENDENUMCLASS,FORWARDBILLTYPE,ISACCOUNT,ISAPPROVEBILL,ISBIZFLOWBILL,ISEDITABLEPROPERTY,ISENABLEBUTTON,ISENABLETRANSTYPEBCR,ISLIGHTBILL,ISLOCK,ISREJECTUNEDITABLEPROPERTY,ISROOT,ISSUPPORTMOBILE,ISTRANSACTION,ISWORKFLOWCANAUTOAPPROVE,NCBRCODE,NODECODE,PARENTBILLTYPE,PK_GROUP,PK_ORG,REFERCLASSNAME,SYSTEMCODE,TRANSTYPE_CLASS,WEBNODECODE,WHERESTRING,DR,TS ) values  ( 'TESTMD24','TESTMD24',null,'~',null,'示例','示例','示例',null,null,null,'Y','nc.bs.testmd.testmd.PfTestmdMasterVOCheck',null,null,'testmd',null,null,null,null,null,null,'N','Y','Y','Y','Y',null,'Y','N',null,'N','N','N',null,'testmdtestmd','10880557',null,'~','GLOBLE00000000000000',null,'UAPBD',null,null,null,0,'2023-06-25 10:25:06' ) 
/

insert into PUB_BILLACTION ( PK_BILLACTION,PK_BILLTYPE,PK_BILLTYPEID,ACTION_TYPE,ACTIONNOTE,ACTIONNOTE2,ACTIONNOTE3,ACTIONNOTE4,ACTIONNOTE5,ACTIONNOTE6,ACTIONSTYLE,ACTIONSTYLEREMARK,ACTIONTYPE,CONSTRICTFLAG,CONTROLFLAG,FINISHFLAG,PUSHFLAG,SHOWHINT,SHOWHINT2,SHOWHINT3,SHOWHINT4,SHOWHINT5,SHOWHINT6,DR,TS ) values  ( '1001A11LCP000007JZXE','TESTMD24','TESTMD24',31,'保存',null,null,null,null,null,'0',null,'SAVEBASE','N','Y','Y',null,null,null,null,null,null,null,0,'2023-06-25 10:25:06' ) 
/

insert into PUB_BILLACTION ( PK_BILLACTION,PK_BILLTYPE,PK_BILLTYPEID,ACTION_TYPE,ACTIONNOTE,ACTIONNOTE2,ACTIONNOTE3,ACTIONNOTE4,ACTIONNOTE5,ACTIONNOTE6,ACTIONSTYLE,ACTIONSTYLEREMARK,ACTIONTYPE,CONSTRICTFLAG,CONTROLFLAG,FINISHFLAG,PUSHFLAG,SHOWHINT,SHOWHINT2,SHOWHINT3,SHOWHINT4,SHOWHINT5,SHOWHINT6,DR,TS ) values  ( '1001A11LCP000007JZXF','TESTMD24','TESTMD24',10,'提交',null,null,null,null,null,'3',null,'SAVE','N','Y','Y',null,null,null,null,null,null,null,0,'2023-06-25 10:25:06' ) 
/

insert into PUB_BILLACTION ( PK_BILLACTION,PK_BILLTYPE,PK_BILLTYPEID,ACTION_TYPE,ACTIONNOTE,ACTIONNOTE2,ACTIONNOTE3,ACTIONNOTE4,ACTIONNOTE5,ACTIONNOTE6,ACTIONSTYLE,ACTIONSTYLEREMARK,ACTIONTYPE,CONSTRICTFLAG,CONTROLFLAG,FINISHFLAG,PUSHFLAG,SHOWHINT,SHOWHINT2,SHOWHINT3,SHOWHINT4,SHOWHINT5,SHOWHINT6,DR,TS ) values  ( '1001A11LCP000007JZXG','TESTMD24','TESTMD24',13,'收回',null,null,null,null,null,'3',null,'UNSAVE','N','Y','Y',null,null,null,null,null,null,null,0,'2023-06-25 10:25:06' ) 
/

insert into PUB_BILLACTION ( PK_BILLACTION,PK_BILLTYPE,PK_BILLTYPEID,ACTION_TYPE,ACTIONNOTE,ACTIONNOTE2,ACTIONNOTE3,ACTIONNOTE4,ACTIONNOTE5,ACTIONNOTE6,ACTIONSTYLE,ACTIONSTYLEREMARK,ACTIONTYPE,CONSTRICTFLAG,CONTROLFLAG,FINISHFLAG,PUSHFLAG,SHOWHINT,SHOWHINT2,SHOWHINT3,SHOWHINT4,SHOWHINT5,SHOWHINT6,DR,TS ) values  ( '1001A11LCP000007JZXH','TESTMD24','TESTMD24',11,'审批',null,null,null,null,null,'2',null,'APPROVE','N','Y','Y',null,null,null,null,null,null,null,0,'2023-06-25 10:25:06' ) 
/

insert into PUB_BILLACTION ( PK_BILLACTION,PK_BILLTYPE,PK_BILLTYPEID,ACTION_TYPE,ACTIONNOTE,ACTIONNOTE2,ACTIONNOTE3,ACTIONNOTE4,ACTIONNOTE5,ACTIONNOTE6,ACTIONSTYLE,ACTIONSTYLEREMARK,ACTIONTYPE,CONSTRICTFLAG,CONTROLFLAG,FINISHFLAG,PUSHFLAG,SHOWHINT,SHOWHINT2,SHOWHINT3,SHOWHINT4,SHOWHINT5,SHOWHINT6,DR,TS ) values  ( '1001A11LCP000007JZXI','TESTMD24','TESTMD24',12,'取消审批',null,null,null,null,null,'3',null,'UNAPPROVE','N','Y','Y',null,null,null,null,null,null,null,0,'2023-06-25 10:25:06' ) 
/

insert into BD_RELATEDAPP ( PK_BILLTYPECODE,PK_BILLTYPEID,PK_RELATEDAPP,APPCODE,PAGECODE,PRIORITY,SENCE,VDEF1,VDEF2,VDEF3,DR,TS ) values  ( 'TESTMD24','TESTMD24','1001A11LCP000007JZXJ','10880557',null,0,1,null,null,null,0,'2023-06-25 10:25:06' ) 
/

insert into BD_RELATEDAPP ( PK_BILLTYPECODE,PK_BILLTYPEID,PK_RELATEDAPP,APPCODE,PAGECODE,PRIORITY,SENCE,VDEF1,VDEF2,VDEF3,DR,TS ) values  ( 'TESTMD24','TESTMD24','1001A11LCP000007JZXK','10880557P','10880557P_testmdMasterP',0,3,null,null,null,0,'2023-06-25 10:25:06' ) 
/

insert into BD_RELATEDAPP ( PK_BILLTYPECODE,PK_BILLTYPEID,PK_RELATEDAPP,APPCODE,PAGECODE,PRIORITY,SENCE,VDEF1,VDEF2,VDEF3,DR,TS ) values  ( 'TESTMD24','TESTMD24','1001A11LCP000007JZXL','10880557L','10880557L_testmdMasterL',0,4,null,null,null,0,'2023-06-25 10:25:06' ) 
/

insert into PUB_BUSICLASS ( ACTIONTYPE,CLASSNAME,ISBEFORE,PK_BILLTYPE,PK_BILLTYPEID,PK_BUSICLASS,PK_BUSINESSTYPE,PK_GROUP,DR,TS ) values  ( 'SAVEBASE','N_TESTMD24_SAVEBASE','N','TESTMD24','TESTMD24','1001A11LCP000007JZXM',null,null,0,'2023-06-25 10:25:06' ) 
/

insert into PUB_BUSICLASS ( ACTIONTYPE,CLASSNAME,ISBEFORE,PK_BILLTYPE,PK_BILLTYPEID,PK_BUSICLASS,PK_BUSINESSTYPE,PK_GROUP,DR,TS ) values  ( 'SAVE','N_TESTMD24_SAVE','N','TESTMD24','TESTMD24','1001A11LCP000007JZXN',null,null,0,'2023-06-25 10:25:06' ) 
/

insert into PUB_BUSICLASS ( ACTIONTYPE,CLASSNAME,ISBEFORE,PK_BILLTYPE,PK_BILLTYPEID,PK_BUSICLASS,PK_BUSINESSTYPE,PK_GROUP,DR,TS ) values  ( 'UNSAVE','N_TESTMD24_UNSAVE','N','TESTMD24','TESTMD24','1001A11LCP000007JZXO',null,null,0,'2023-06-25 10:25:06' ) 
/

insert into PUB_BUSICLASS ( ACTIONTYPE,CLASSNAME,ISBEFORE,PK_BILLTYPE,PK_BILLTYPEID,PK_BUSICLASS,PK_BUSINESSTYPE,PK_GROUP,DR,TS ) values  ( 'APPROVE','N_TESTMD24_APPROVE','N','TESTMD24','TESTMD24','1001A11LCP000007JZXP',null,null,0,'2023-06-25 10:25:06' ) 
/

insert into PUB_BUSICLASS ( ACTIONTYPE,CLASSNAME,ISBEFORE,PK_BILLTYPE,PK_BILLTYPEID,PK_BUSICLASS,PK_BUSINESSTYPE,PK_GROUP,DR,TS ) values  ( 'UNAPPROVE','N_TESTMD24_UNAPPROVE','N','TESTMD24','TESTMD24','1001A11LCP000007JZXQ',null,null,0,'2023-06-25 10:25:06' ) 
/

insert into PUB_MSGTEMP_TYPE ( PK_TEMPTYPE,TEMPCODE,NAME,PARENTPK,INNERCODE,METAID,DR,TS ) values  ( '1001A11LCP000007JZXS','TESTMD24','示例','1001Z01LCP0000006BYL','DTUQZY9GZ6J1','c20d2227-2ecd-44d8-bc4f-f5fcafe82248',0,'2023-06-25 10:25:06' ) 
/

insert into PUB_VOCHANGE ( BACKCLASS,DEST_BILLTYPE,DEST_SYSTYPE,DEST_TRANSTYPE,FRONTCLASS,PK_BUSITYPE,PK_GROUP,PK_VOCHANGE,RESERVEBACKCLASS,RESERVEFRONTCLASS,SRC_APPCODE,SRC_BILLTYPE,SRC_BILLUI,SRC_NCCQUERYCLASS,SRC_NODEKEY,SRC_PAGECODE,SRC_QRYTEMPLATE,SRC_SYSTYPE,SRC_TRANSTYPE,UPGRADEEXCLASS,TS,DR ) values  ( null,'TESTMD24','uapbd','~',null,'~','global00000000000000','1001A11LCP000007JZXT',null,null,null,'10KH',null,null,null,null,null,'UAPBD','~',null,'2023-06-25 10:25:06',null ) 
/

insert into PUB_VOCHANGE_B ( DEST_ATTR,RULEDATA,RULETYPE,PK_VOCHANGE,PK_VOCHANGE_B,TS,DR ) values  ( 'pk_org','pk_org',2,'1001A11LCP000007JZXT','1001A11LCP000007JZXU','2023-06-25 10:25:06',0 ) 
/

insert into PUB_VOCHANGE_B ( DEST_ATTR,RULEDATA,RULETYPE,PK_VOCHANGE,PK_VOCHANGE_B,TS,DR ) values  ( 'pk_group','SYSGROUP',1,'1001A11LCP000007JZXT','1001A11LCP000007JZXV','2023-06-25 10:25:06',0 ) 
/

insert into PUB_VOCHANGE_B ( DEST_ATTR,RULEDATA,RULETYPE,PK_VOCHANGE,PK_VOCHANGE_B,TS,DR ) values  ( 'billmaker','SYSOPERATOR',1,'1001A11LCP000007JZXT','1001A11LCP000007JZXW','2023-06-25 10:25:06',0 ) 
/

insert into PUB_VOCHANGE_B ( DEST_ATTR,RULEDATA,RULETYPE,PK_VOCHANGE,PK_VOCHANGE_B,TS,DR ) values  ( 'billtype','DESTBILLTYPE',1,'1001A11LCP000007JZXT','1001A11LCP000007JZXX','2023-06-25 10:25:06',0 ) 
/

insert into PUB_VOCHANGE_B ( DEST_ATTR,RULEDATA,RULETYPE,PK_VOCHANGE,PK_VOCHANGE_B,TS,DR ) values  ( 'approvestatus','-1',1,'1001A11LCP000007JZXT','1001A11LCP000007JZXY','2023-06-25 10:25:06',0 ) 
/

insert into PUB_VOCHANGE_B ( DEST_ATTR,RULEDATA,RULETYPE,PK_VOCHANGE,PK_VOCHANGE_B,TS,DR ) values  ( 'transtype','DESTTRANSTYPE',1,'1001A11LCP000007JZXT','1001A11LCP000007JZXZ','2023-06-25 10:25:06',0 ) 
/

insert into PUB_VOCHANGE_B ( DEST_ATTR,RULEDATA,RULETYPE,PK_VOCHANGE,PK_VOCHANGE_B,TS,DR ) values  ( 'srcbilltype','pk_billtype',2,'1001A11LCP000007JZXT','1001A11LCP000007JZY0','2023-06-25 10:25:06',0 ) 
/

insert into PUB_VOCHANGE_B ( DEST_ATTR,RULEDATA,RULETYPE,PK_VOCHANGE,PK_VOCHANGE_B,TS,DR ) values  ( 'srcbillid','pk_customerpf',2,'1001A11LCP000007JZXT','1001A11LCP000007JZY1','2023-06-25 10:25:06',0 ) 
/

insert into PUB_VOCHANGE_B ( DEST_ATTR,RULEDATA,RULETYPE,PK_VOCHANGE,PK_VOCHANGE_B,TS,DR ) values  ( 'maketime','SYSTIME',1,'1001A11LCP000007JZXT','1001A11LCP000007JZY2','2023-06-25 10:25:06',0 ) 
/

insert into BD_FWDBILLTYPE ( PK_BACKBILLTYPE,PK_BILLTYPE,PK_BILLTYPEID,PK_FWDBILLTYPE,ISBIZFLOWBILL,ISCROSSGRP,DR,TS ) values  ( '10KH','TESTMD24','10KHZ000000000000000','1001A11LCP000007JZY3','N','Y',0,'2023-06-25 10:25:06' ) 
/

insert into OPM_APIMANAGER ( PK_API,APIURI,CODE,DESCRIBE,DOCPATH,FK_PARENT,ISAPIDATA,MODULE_CODE,NAME,DR,TS ) values  ( '1001A11LCP000007K010','/nccloud/api/uapbd/testmdmanage/testmdMaster/addAggTestmdMasterVO','10880387','新增示例应用','/uapbd/testmdMastermanage/AggTestmdMasterVO.md','1001ZZ1LCP000000IBUY','Y','1088','新增示例应用',0,'2023-06-25 10:25:07' ) 
/

insert into OPM_APIMANAGER ( PK_API,APIURI,CODE,DESCRIBE,DOCPATH,FK_PARENT,ISAPIDATA,MODULE_CODE,NAME,DR,TS ) values  ( '1001A11LCP000007K011','/nccloud/api/uapbd/testmdmanage/testmdMaster/updateAggTestmdMasterVO','10880388','修改示例应用','/uapbd/testmdMastermanage/AggTestmdMasterVO.md','1001ZZ1LCP000000IBUY','Y','1088','修改示例应用',0,'2023-06-25 10:25:07' ) 
/

insert into OPM_APIMANAGER ( PK_API,APIURI,CODE,DESCRIBE,DOCPATH,FK_PARENT,ISAPIDATA,MODULE_CODE,NAME,DR,TS ) values  ( '1001A11LCP000007K012','/nccloud/api/uapbd/testmdmanage/testmdMaster/deleteAggTestmdMasterVO','10880389','删除示例应用','/uapbd/testmdMastermanage/AggTestmdMasterVO.md','1001ZZ1LCP000000IBUY','Y','1088','删除示例应用',0,'2023-06-25 10:25:07' ) 
/

insert into OPM_APIMANAGER ( PK_API,APIURI,CODE,DESCRIBE,DOCPATH,FK_PARENT,ISAPIDATA,MODULE_CODE,NAME,DR,TS ) values  ( '1001A11LCP000007K013','/nccloud/api/uapbd/testmdmanage/testmdMaster/queryAggTestmdMasterVO','10880390','查询示例应用','/uapbd/testmdMastermanage/AggTestmdMasterVO.md','1001ZZ1LCP000000IBUY','Y','1088','查询示例应用',0,'2023-06-25 10:25:07' ) 
/

insert into BD_REFINFO ( CODE,ISTREELAZYLOAD,ISNEEDPARA,ISSPECIALREF,LAYER,REFTYPE,METADATANAMESPACE,METADATATYPENAME,MOBILEREFPATH,MODULENAME,NAME,PARA1,PARA2,PARA3,PK_COUNTRY,PK_INDUSTRY,PK_REFINFO,REFCLASS,REFPATH,REFSYSTEM,RESERV1,RESERV2,RESERV3,RESID,RESIDPATH,WHEREPART,WORKFLOWCONDITIONUSEUNITORG,TS,DR ) values  ( '10880557','N',null,null,null,0,'testmd','testmdMaster',null,'uapbd','示例_主实体_表参照_testmd_testmdMaster',null,null,null,null,null,'1001A11LCP000007JZX8',null,'uapbd/refer/testmd/testmdMasterGridRef/index',null,null,null,null,'testmd','testmd',null,null,'2023-06-25 10:25:05',0 ) 
/

insert into PUB_PRINT_TEMPLATE ( APPCODE,BDIRECTOR,BDISPAGENUM,BDISTOTALPAGENUM,BILLSPACE,BNORMALCOLOR,CTEMPLATEID,DEVORG,DR,EXTENDATTR,FFONTSTYLE,FPAGINATION,IBOTMARGIN,IBREAKPOSITION,IFONTSIZE,IGRIDCOLOR,ILEFTMARGIN,IPAGEHEIGHT,IPAGELOCATE,IPAGEWIDTH,IRIGHTMARGIN,ISCALE,ITOPMARGIN,ITYPE,LAYER,MDCLASS,MODEL_TYPE,MODELHEIGHT,MODELWIDTH,PK_CORP,PK_ORG,PREPARE1,PREPARE2,PTEMPLATEID,TS,VDEFAULTPRINTER,VFONTNAME,VLEFTNOTE,VMIDNOTE,VNODECODE,VRIGHTNOTE,VTEMPLATECODE,VTEMPLATENAME ) values  ( '10880557','N','N','N',null,'N','1001A11LCP000007JZV5','~',0,'<nc.vo.pub.print.PrintTemplateExtVO>
  <isBindUp>false</isBindUp>
  <zdline__position>0.0</zdline__position>
  <pagehead__position>0.0</pagehead__position>
  <pagetail__position>0.0</pagetail__position>
  <pagenumber__position>0.0</pagenumber__position>
  <m__withFullPageNumber>false</m__withFullPageNumber>
  <baseLineWeight>0.65</baseLineWeight>
  <initPageNo>1</initPageNo>
</nc.vo.pub.print.PrintTemplateExtVO>
','0',0,20,0,9,-4144960,20,595,21,595,20,100,20,1,0,'c20d2227-2ecd-44d8-bc4f-f5fcafe82248',null,null,null,'@@@@','~','000000001000','false','~','2023-06-25 10:25:05',null,'SimSun','第','页 共','@@@@','页','10880557_list','主实体列表打印模板' ) 
/

insert into PUB_PRINT_TEMPLATE ( APPCODE,BDIRECTOR,BDISPAGENUM,BDISTOTALPAGENUM,BILLSPACE,BNORMALCOLOR,CTEMPLATEID,DEVORG,DR,EXTENDATTR,FFONTSTYLE,FPAGINATION,IBOTMARGIN,IBREAKPOSITION,IFONTSIZE,IGRIDCOLOR,ILEFTMARGIN,IPAGEHEIGHT,IPAGELOCATE,IPAGEWIDTH,IRIGHTMARGIN,ISCALE,ITOPMARGIN,ITYPE,LAYER,MDCLASS,MODEL_TYPE,MODELHEIGHT,MODELWIDTH,PK_CORP,PK_ORG,PREPARE1,PREPARE2,PTEMPLATEID,TS,VDEFAULTPRINTER,VFONTNAME,VLEFTNOTE,VMIDNOTE,VNODECODE,VRIGHTNOTE,VTEMPLATECODE,VTEMPLATENAME ) values  ( '10880557','N','N','N',null,'N','1001A11LCP000007JZV6','~',0,'<nc.vo.pub.print.PrintTemplateExtVO>
  <isBindUp>false</isBindUp>
  <zdline__position>0.0</zdline__position>
  <pagehead__position>0.0</pagehead__position>
  <pagetail__position>0.0</pagetail__position>
  <pagenumber__position>0.0</pagenumber__position>
  <m__withFullPageNumber>false</m__withFullPageNumber>
  <baseLineWeight>0.65</baseLineWeight>
  <initPageNo>1</initPageNo>
</nc.vo.pub.print.PrintTemplateExtVO>
','0',0,20,0,9,-4144960,20,595,21,595,20,100,20,1,0,'c20d2227-2ecd-44d8-bc4f-f5fcafe82248',null,null,null,'@@@@','~','000000001000','false','~','2023-06-25 10:25:05',null,'SimSun','第','页 共','@@@@','页','10880557_card','主实体卡片打印模板' ) 
/

insert into PUB_PRINT_CELL ( BUNDERLINE,CCELLCODE,CCELLID,CCOMBINEPROPERTY,CCONTENTPROPERTY,CISFROZEN,CISHEADTAIL,CLINEPROPERTY,CTEMPLATEID,FFONTSTYLE,FIXEDSTYLE,FSHADOWTYPE,IBGCOLOR,IBOTLINECOLOR,IFGCOLOR,IFONRSIZE,IHEIGHT,ILEFTLINECOLOR,IRIGHTCOLOR,ISDYCOLGROUP,ISDYNROWHEIGHT,ISLASTPAGETRAIL,ISTARTX,ISTARTY,ITOPLINECOLOR,IWIDTH,OPTIONS,PREPARE1,PREPARE2,TABLE_CODE,VFONTNAME,VTEXT,VVAR,DR,TS ) values  ( '0','000000000000','1001A11LCP000007JZV7','1000000','0110','00','00','01010101','1001A11LCP000007JZV5',0,'0000',0,-1,-16777216,-16777216,12,9,-16777216,-16777216,'N','N','N',0,0,-16777216,80,'<nc.vo.pub.print.PrintCellExtVO>
  <height__decimal>0.0</height__decimal>
  <textDirection>0</textDirection>
  <lineSpaceBetween>0</lineSpaceBetween>
  <formatType>0</formatType>
</nc.vo.pub.print.PrintCellExtVO>','N',null,null,'宋体','示例',null,0,'2023-06-25 10:25:05' ) 
/

insert into PUB_PRINT_CELL ( BUNDERLINE,CCELLCODE,CCELLID,CCOMBINEPROPERTY,CCONTENTPROPERTY,CISFROZEN,CISHEADTAIL,CLINEPROPERTY,CTEMPLATEID,FFONTSTYLE,FIXEDSTYLE,FSHADOWTYPE,IBGCOLOR,IBOTLINECOLOR,IFGCOLOR,IFONRSIZE,IHEIGHT,ILEFTLINECOLOR,IRIGHTCOLOR,ISDYCOLGROUP,ISDYNROWHEIGHT,ISLASTPAGETRAIL,ISTARTX,ISTARTY,ITOPLINECOLOR,IWIDTH,OPTIONS,PREPARE1,PREPARE2,TABLE_CODE,VFONTNAME,VTEXT,VVAR,DR,TS ) values  ( '0','000001000001','1001A11LCP000007JZV8','1000000','0110','00','00','01010101','1001A11LCP000007JZV5',0,'0000',0,-1,-16777216,-16777216,12,9,-16777216,-16777216,'N','N','N',0,0,-16777216,80,'<nc.vo.pub.print.PrintCellExtVO>
  <height__decimal>0.0</height__decimal>
  <textDirection>0</textDirection>
  <lineSpaceBetween>0</lineSpaceBetween>
  <formatType>0</formatType>
</nc.vo.pub.print.PrintCellExtVO>','N',null,null,'宋体','示例',null,0,'2023-06-25 10:25:05' ) 
/

insert into PUB_PRINT_CELL ( BUNDERLINE,CCELLCODE,CCELLID,CCOMBINEPROPERTY,CCONTENTPROPERTY,CISFROZEN,CISHEADTAIL,CLINEPROPERTY,CTEMPLATEID,FFONTSTYLE,FIXEDSTYLE,FSHADOWTYPE,IBGCOLOR,IBOTLINECOLOR,IFGCOLOR,IFONRSIZE,IHEIGHT,ILEFTLINECOLOR,IRIGHTCOLOR,ISDYCOLGROUP,ISDYNROWHEIGHT,ISLASTPAGETRAIL,ISTARTX,ISTARTY,ITOPLINECOLOR,IWIDTH,OPTIONS,PREPARE1,PREPARE2,TABLE_CODE,VFONTNAME,VTEXT,VVAR,DR,TS ) values  ( '0','000002000002','1001A11LCP000007JZV9','1000000','0110','00','00','01010101','1001A11LCP000007JZV5',0,'0000',0,-1,-16777216,-16777216,12,9,-16777216,-16777216,'N','N','N',0,0,-16777216,80,'<nc.vo.pub.print.PrintCellExtVO>
  <height__decimal>0.0</height__decimal>
  <textDirection>0</textDirection>
  <lineSpaceBetween>0</lineSpaceBetween>
  <formatType>0</formatType>
</nc.vo.pub.print.PrintCellExtVO>','N',null,null,'宋体','示例',null,0,'2023-06-25 10:25:05' ) 
/

insert into PUB_PRINT_CELL ( BUNDERLINE,CCELLCODE,CCELLID,CCOMBINEPROPERTY,CCONTENTPROPERTY,CISFROZEN,CISHEADTAIL,CLINEPROPERTY,CTEMPLATEID,FFONTSTYLE,FIXEDSTYLE,FSHADOWTYPE,IBGCOLOR,IBOTLINECOLOR,IFGCOLOR,IFONRSIZE,IHEIGHT,ILEFTLINECOLOR,IRIGHTCOLOR,ISDYCOLGROUP,ISDYNROWHEIGHT,ISLASTPAGETRAIL,ISTARTX,ISTARTY,ITOPLINECOLOR,IWIDTH,OPTIONS,PREPARE1,PREPARE2,TABLE_CODE,VFONTNAME,VTEXT,VVAR,DR,TS ) values  ( '0','000003000003','1001A11LCP000007JZVA','1000000','0110','00','00','01010101','1001A11LCP000007JZV5',0,'0000',0,-1,-16777216,-16777216,12,9,-16777216,-16777216,'N','N','N',0,0,-16777216,80,'<nc.vo.pub.print.PrintCellExtVO>
  <height__decimal>0.0</height__decimal>
  <textDirection>0</textDirection>
  <lineSpaceBetween>0</lineSpaceBetween>
  <formatType>0</formatType>
</nc.vo.pub.print.PrintCellExtVO>','N',null,null,'宋体','示例',null,0,'2023-06-25 10:25:05' ) 
/

insert into PUB_PRINT_CELL ( BUNDERLINE,CCELLCODE,CCELLID,CCOMBINEPROPERTY,CCONTENTPROPERTY,CISFROZEN,CISHEADTAIL,CLINEPROPERTY,CTEMPLATEID,FFONTSTYLE,FIXEDSTYLE,FSHADOWTYPE,IBGCOLOR,IBOTLINECOLOR,IFGCOLOR,IFONRSIZE,IHEIGHT,ILEFTLINECOLOR,IRIGHTCOLOR,ISDYCOLGROUP,ISDYNROWHEIGHT,ISLASTPAGETRAIL,ISTARTX,ISTARTY,ITOPLINECOLOR,IWIDTH,OPTIONS,PREPARE1,PREPARE2,TABLE_CODE,VFONTNAME,VTEXT,VVAR,DR,TS ) values  ( '0','000004000004','1001A11LCP000007JZVB','1000000','0110','00','00','01010101','1001A11LCP000007JZV5',0,'0000',0,-1,-16777216,-16777216,12,9,-16777216,-16777216,'N','N','N',0,0,-16777216,80,'<nc.vo.pub.print.PrintCellExtVO>
  <height__decimal>0.0</height__decimal>
  <textDirection>0</textDirection>
  <lineSpaceBetween>0</lineSpaceBetween>
  <formatType>0</formatType>
</nc.vo.pub.print.PrintCellExtVO>','N',null,null,'宋体','示例',null,0,'2023-06-25 10:25:05' ) 
/

insert into PUB_PRINT_CELL ( BUNDERLINE,CCELLCODE,CCELLID,CCOMBINEPROPERTY,CCONTENTPROPERTY,CISFROZEN,CISHEADTAIL,CLINEPROPERTY,CTEMPLATEID,FFONTSTYLE,FIXEDSTYLE,FSHADOWTYPE,IBGCOLOR,IBOTLINECOLOR,IFGCOLOR,IFONRSIZE,IHEIGHT,ILEFTLINECOLOR,IRIGHTCOLOR,ISDYCOLGROUP,ISDYNROWHEIGHT,ISLASTPAGETRAIL,ISTARTX,ISTARTY,ITOPLINECOLOR,IWIDTH,OPTIONS,PREPARE1,PREPARE2,TABLE_CODE,VFONTNAME,VTEXT,VVAR,DR,TS ) values  ( '0','000005000005','1001A11LCP000007JZVC','1000000','0110','00','00','01010101','1001A11LCP000007JZV5',0,'0000',0,-1,-16777216,-16777216,12,9,-16777216,-16777216,'N','N','N',0,0,-16777216,80,'<nc.vo.pub.print.PrintCellExtVO>
  <height__decimal>0.0</height__decimal>
  <textDirection>0</textDirection>
  <lineSpaceBetween>0</lineSpaceBetween>
  <formatType>0</formatType>
</nc.vo.pub.print.PrintCellExtVO>','N',null,null,'宋体','示例',null,0,'2023-06-25 10:25:05' ) 
/

insert into PUB_PRINT_CELL ( BUNDERLINE,CCELLCODE,CCELLID,CCOMBINEPROPERTY,CCONTENTPROPERTY,CISFROZEN,CISHEADTAIL,CLINEPROPERTY,CTEMPLATEID,FFONTSTYLE,FIXEDSTYLE,FSHADOWTYPE,IBGCOLOR,IBOTLINECOLOR,IFGCOLOR,IFONRSIZE,IHEIGHT,ILEFTLINECOLOR,IRIGHTCOLOR,ISDYCOLGROUP,ISDYNROWHEIGHT,ISLASTPAGETRAIL,ISTARTX,ISTARTY,ITOPLINECOLOR,IWIDTH,OPTIONS,PREPARE1,PREPARE2,TABLE_CODE,VFONTNAME,VTEXT,VVAR,DR,TS ) values  ( '0','000006000006','1001A11LCP000007JZVD','1000000','0110','00','00','01010101','1001A11LCP000007JZV5',0,'0000',0,-1,-16777216,-16777216,12,9,-16777216,-16777216,'N','N','N',0,0,-16777216,80,'<nc.vo.pub.print.PrintCellExtVO>
  <height__decimal>0.0</height__decimal>
  <textDirection>0</textDirection>
  <lineSpaceBetween>0</lineSpaceBetween>
  <formatType>0</formatType>
</nc.vo.pub.print.PrintCellExtVO>','N',null,null,'宋体','示例',null,0,'2023-06-25 10:25:05' ) 
/

insert into PUB_PRINT_CELL ( BUNDERLINE,CCELLCODE,CCELLID,CCOMBINEPROPERTY,CCONTENTPROPERTY,CISFROZEN,CISHEADTAIL,CLINEPROPERTY,CTEMPLATEID,FFONTSTYLE,FIXEDSTYLE,FSHADOWTYPE,IBGCOLOR,IBOTLINECOLOR,IFGCOLOR,IFONRSIZE,IHEIGHT,ILEFTLINECOLOR,IRIGHTCOLOR,ISDYCOLGROUP,ISDYNROWHEIGHT,ISLASTPAGETRAIL,ISTARTX,ISTARTY,ITOPLINECOLOR,IWIDTH,OPTIONS,PREPARE1,PREPARE2,TABLE_CODE,VFONTNAME,VTEXT,VVAR,DR,TS ) values  ( '0','000007000007','1001A11LCP000007JZVE','1000000','0110','00','00','01010101','1001A11LCP000007JZV5',0,'0000',0,-1,-16777216,-16777216,12,9,-16777216,-16777216,'N','N','N',0,0,-16777216,80,'<nc.vo.pub.print.PrintCellExtVO>
  <height__decimal>0.0</height__decimal>
  <textDirection>0</textDirection>
  <lineSpaceBetween>0</lineSpaceBetween>
  <formatType>0</formatType>
</nc.vo.pub.print.PrintCellExtVO>','N',null,null,'宋体','示例',null,0,'2023-06-25 10:25:05' ) 
/

insert into PUB_PRINT_CELL ( BUNDERLINE,CCELLCODE,CCELLID,CCOMBINEPROPERTY,CCONTENTPROPERTY,CISFROZEN,CISHEADTAIL,CLINEPROPERTY,CTEMPLATEID,FFONTSTYLE,FIXEDSTYLE,FSHADOWTYPE,IBGCOLOR,IBOTLINECOLOR,IFGCOLOR,IFONRSIZE,IHEIGHT,ILEFTLINECOLOR,IRIGHTCOLOR,ISDYCOLGROUP,ISDYNROWHEIGHT,ISLASTPAGETRAIL,ISTARTX,ISTARTY,ITOPLINECOLOR,IWIDTH,OPTIONS,PREPARE1,PREPARE2,TABLE_CODE,VFONTNAME,VTEXT,VVAR,DR,TS ) values  ( '0','000008000008','1001A11LCP000007JZVF','1000000','0110','00','00','01010101','1001A11LCP000007JZV5',0,'0000',0,-1,-16777216,-16777216,12,9,-16777216,-16777216,'N','N','N',0,0,-16777216,80,'<nc.vo.pub.print.PrintCellExtVO>
  <height__decimal>0.0</height__decimal>
  <textDirection>0</textDirection>
  <lineSpaceBetween>0</lineSpaceBetween>
  <formatType>0</formatType>
</nc.vo.pub.print.PrintCellExtVO>','N',null,null,'宋体','示例',null,0,'2023-06-25 10:25:05' ) 
/

insert into PUB_PRINT_CELL ( BUNDERLINE,CCELLCODE,CCELLID,CCOMBINEPROPERTY,CCONTENTPROPERTY,CISFROZEN,CISHEADTAIL,CLINEPROPERTY,CTEMPLATEID,FFONTSTYLE,FIXEDSTYLE,FSHADOWTYPE,IBGCOLOR,IBOTLINECOLOR,IFGCOLOR,IFONRSIZE,IHEIGHT,ILEFTLINECOLOR,IRIGHTCOLOR,ISDYCOLGROUP,ISDYNROWHEIGHT,ISLASTPAGETRAIL,ISTARTX,ISTARTY,ITOPLINECOLOR,IWIDTH,OPTIONS,PREPARE1,PREPARE2,TABLE_CODE,VFONTNAME,VTEXT,VVAR,DR,TS ) values  ( '0','000009000009','1001A11LCP000007JZVG','1000000','0110','00','00','01010101','1001A11LCP000007JZV5',0,'0000',0,-1,-16777216,-16777216,12,9,-16777216,-16777216,'N','N','N',0,0,-16777216,80,'<nc.vo.pub.print.PrintCellExtVO>
  <height__decimal>0.0</height__decimal>
  <textDirection>0</textDirection>
  <lineSpaceBetween>0</lineSpaceBetween>
  <formatType>0</formatType>
</nc.vo.pub.print.PrintCellExtVO>','N',null,null,'宋体','示例',null,0,'2023-06-25 10:25:05' ) 
/

insert into PUB_PRINT_CELL ( BUNDERLINE,CCELLCODE,CCELLID,CCOMBINEPROPERTY,CCONTENTPROPERTY,CISFROZEN,CISHEADTAIL,CLINEPROPERTY,CTEMPLATEID,FFONTSTYLE,FIXEDSTYLE,FSHADOWTYPE,IBGCOLOR,IBOTLINECOLOR,IFGCOLOR,IFONRSIZE,IHEIGHT,ILEFTLINECOLOR,IRIGHTCOLOR,ISDYCOLGROUP,ISDYNROWHEIGHT,ISLASTPAGETRAIL,ISTARTX,ISTARTY,ITOPLINECOLOR,IWIDTH,OPTIONS,PREPARE1,PREPARE2,TABLE_CODE,VFONTNAME,VTEXT,VVAR,DR,TS ) values  ( '0','000000000009','1001A11LCP000007JZVH','0','0110','00','00','01010101','1001A11LCP000007JZV5',0,'0000',0,-1,-16777216,-16777216,12,9,-16777216,-16777216,'N','N','N',0,0,-16777216,803,'<nc.vo.pub.print.PrintCellExtVO>
  <height__decimal>0.0</height__decimal>
  <textDirection>0</textDirection>
  <lineSpaceBetween>0</lineSpaceBetween>
  <formatType>0</formatType>
</nc.vo.pub.print.PrintCellExtVO>','N',null,null,'宋体','示例',null,0,'2023-06-25 10:25:05' ) 
/

insert into PUB_PRINT_CELL ( BUNDERLINE,CCELLCODE,CCELLID,CCOMBINEPROPERTY,CCONTENTPROPERTY,CISFROZEN,CISHEADTAIL,CLINEPROPERTY,CTEMPLATEID,FFONTSTYLE,FIXEDSTYLE,FSHADOWTYPE,IBGCOLOR,IBOTLINECOLOR,IFGCOLOR,IFONRSIZE,IHEIGHT,ILEFTLINECOLOR,IRIGHTCOLOR,ISDYCOLGROUP,ISDYNROWHEIGHT,ISLASTPAGETRAIL,ISTARTX,ISTARTY,ITOPLINECOLOR,IWIDTH,OPTIONS,PREPARE1,PREPARE2,TABLE_CODE,VFONTNAME,VTEXT,VVAR,DR,TS ) values  ( '0','001000001000','1001A11LCP000007JZVI','0','0210','00','00','00000000','1001A11LCP000007JZV5',0,'0000',0,-1,-16777216,-16777216,12,15,-16777216,-16777216,'N','N','N',0,0,-16777216,80,'<nc.vo.pub.print.PrintCellExtVO>
  <height__decimal>0.0</height__decimal>
  <textDirection>0</textDirection>
  <lineSpaceBetween>0</lineSpaceBetween>
  <formatType>0</formatType>
</nc.vo.pub.print.PrintCellExtVO>',null,null,null,'宋体','主键:',null,0,'2023-06-25 10:25:05' ) 
/

insert into PUB_PRINT_CELL ( BUNDERLINE,CCELLCODE,CCELLID,CCOMBINEPROPERTY,CCONTENTPROPERTY,CISFROZEN,CISHEADTAIL,CLINEPROPERTY,CTEMPLATEID,FFONTSTYLE,FIXEDSTYLE,FSHADOWTYPE,IBGCOLOR,IBOTLINECOLOR,IFGCOLOR,IFONRSIZE,IHEIGHT,ILEFTLINECOLOR,IRIGHTCOLOR,ISDYCOLGROUP,ISDYNROWHEIGHT,ISLASTPAGETRAIL,ISTARTX,ISTARTY,ITOPLINECOLOR,IWIDTH,OPTIONS,PREPARE1,PREPARE2,TABLE_CODE,VFONTNAME,VTEXT,VVAR,DR,TS ) values  ( '0','001001001001','1001A11LCP000007JZVJ','0','0210','00','00','00000000','1001A11LCP000007JZV5',0,'0000',0,-1,-16777216,-16777216,12,15,-16777216,-16777216,'N','N','N',48,0,-16777216,80,'<nc.vo.pub.print.PrintCellExtVO>
  <height__decimal>0.0</height__decimal>
  <textDirection>0</textDirection>
  <lineSpaceBetween>0</lineSpaceBetween>
  <formatType>0</formatType>
</nc.vo.pub.print.PrintCellExtVO>',null,null,null,'宋体','code:',null,0,'2023-06-25 10:25:05' ) 
/

insert into PUB_PRINT_CELL ( BUNDERLINE,CCELLCODE,CCELLID,CCOMBINEPROPERTY,CCONTENTPROPERTY,CISFROZEN,CISHEADTAIL,CLINEPROPERTY,CTEMPLATEID,FFONTSTYLE,FIXEDSTYLE,FSHADOWTYPE,IBGCOLOR,IBOTLINECOLOR,IFGCOLOR,IFONRSIZE,IHEIGHT,ILEFTLINECOLOR,IRIGHTCOLOR,ISDYCOLGROUP,ISDYNROWHEIGHT,ISLASTPAGETRAIL,ISTARTX,ISTARTY,ITOPLINECOLOR,IWIDTH,OPTIONS,PREPARE1,PREPARE2,TABLE_CODE,VFONTNAME,VTEXT,VVAR,DR,TS ) values  ( '0','001002001002','1001A11LCP000007JZVK','0','0210','00','00','00000000','1001A11LCP000007JZV5',0,'0000',0,-1,-16777216,-16777216,12,15,-16777216,-16777216,'N','N','N',96,0,-16777216,80,'<nc.vo.pub.print.PrintCellExtVO>
  <height__decimal>0.0</height__decimal>
  <textDirection>0</textDirection>
  <lineSpaceBetween>0</lineSpaceBetween>
  <formatType>0</formatType>
</nc.vo.pub.print.PrintCellExtVO>',null,null,null,'宋体','name:',null,0,'2023-06-25 10:25:05' ) 
/

insert into PUB_PRINT_CELL ( BUNDERLINE,CCELLCODE,CCELLID,CCOMBINEPROPERTY,CCONTENTPROPERTY,CISFROZEN,CISHEADTAIL,CLINEPROPERTY,CTEMPLATEID,FFONTSTYLE,FIXEDSTYLE,FSHADOWTYPE,IBGCOLOR,IBOTLINECOLOR,IFGCOLOR,IFONRSIZE,IHEIGHT,ILEFTLINECOLOR,IRIGHTCOLOR,ISDYCOLGROUP,ISDYNROWHEIGHT,ISLASTPAGETRAIL,ISTARTX,ISTARTY,ITOPLINECOLOR,IWIDTH,OPTIONS,PREPARE1,PREPARE2,TABLE_CODE,VFONTNAME,VTEXT,VVAR,DR,TS ) values  ( '0','001003001003','1001A11LCP000007JZVL','0','0210','00','00','00000000','1001A11LCP000007JZV5',0,'0000',0,-1,-16777216,-16777216,12,15,-16777216,-16777216,'N','N','N',156,0,-16777216,80,'<nc.vo.pub.print.PrintCellExtVO>
  <height__decimal>0.0</height__decimal>
  <textDirection>0</textDirection>
  <lineSpaceBetween>0</lineSpaceBetween>
  <formatType>0</formatType>
</nc.vo.pub.print.PrintCellExtVO>',null,null,null,'宋体','创建时间:',null,0,'2023-06-25 10:25:05' ) 
/

insert into PUB_PRINT_CELL ( BUNDERLINE,CCELLCODE,CCELLID,CCOMBINEPROPERTY,CCONTENTPROPERTY,CISFROZEN,CISHEADTAIL,CLINEPROPERTY,CTEMPLATEID,FFONTSTYLE,FIXEDSTYLE,FSHADOWTYPE,IBGCOLOR,IBOTLINECOLOR,IFGCOLOR,IFONRSIZE,IHEIGHT,ILEFTLINECOLOR,IRIGHTCOLOR,ISDYCOLGROUP,ISDYNROWHEIGHT,ISLASTPAGETRAIL,ISTARTX,ISTARTY,ITOPLINECOLOR,IWIDTH,OPTIONS,PREPARE1,PREPARE2,TABLE_CODE,VFONTNAME,VTEXT,VVAR,DR,TS ) values  ( '0','001004001004','1001A11LCP000007JZVM','0','0210','00','00','00000000','1001A11LCP000007JZV5',0,'0000',0,-1,-16777216,-16777216,12,15,-16777216,-16777216,'N','N','N',216,0,-16777216,80,'<nc.vo.pub.print.PrintCellExtVO>
  <height__decimal>0.0</height__decimal>
  <textDirection>0</textDirection>
  <lineSpaceBetween>0</lineSpaceBetween>
  <formatType>0</formatType>
</nc.vo.pub.print.PrintCellExtVO>',null,null,null,'宋体','最后修改时间:',null,0,'2023-06-25 10:25:05' ) 
/

insert into PUB_PRINT_CELL ( BUNDERLINE,CCELLCODE,CCELLID,CCOMBINEPROPERTY,CCONTENTPROPERTY,CISFROZEN,CISHEADTAIL,CLINEPROPERTY,CTEMPLATEID,FFONTSTYLE,FIXEDSTYLE,FSHADOWTYPE,IBGCOLOR,IBOTLINECOLOR,IFGCOLOR,IFONRSIZE,IHEIGHT,ILEFTLINECOLOR,IRIGHTCOLOR,ISDYCOLGROUP,ISDYNROWHEIGHT,ISLASTPAGETRAIL,ISTARTX,ISTARTY,ITOPLINECOLOR,IWIDTH,OPTIONS,PREPARE1,PREPARE2,TABLE_CODE,VFONTNAME,VTEXT,VVAR,DR,TS ) values  ( '0','001005001005','1001A11LCP000007JZVN','0','0210','00','00','00000000','1001A11LCP000007JZV5',0,'0000',0,-1,-16777216,-16777216,12,15,-16777216,-16777216,'N','N','N',276,0,-16777216,80,'<nc.vo.pub.print.PrintCellExtVO>
  <height__decimal>0.0</height__decimal>
  <textDirection>0</textDirection>
  <lineSpaceBetween>0</lineSpaceBetween>
  <formatType>0</formatType>
</nc.vo.pub.print.PrintCellExtVO>',null,null,null,'宋体','制单时间:',null,0,'2023-06-25 10:25:05' ) 
/

insert into PUB_PRINT_CELL ( BUNDERLINE,CCELLCODE,CCELLID,CCOMBINEPROPERTY,CCONTENTPROPERTY,CISFROZEN,CISHEADTAIL,CLINEPROPERTY,CTEMPLATEID,FFONTSTYLE,FIXEDSTYLE,FSHADOWTYPE,IBGCOLOR,IBOTLINECOLOR,IFGCOLOR,IFONRSIZE,IHEIGHT,ILEFTLINECOLOR,IRIGHTCOLOR,ISDYCOLGROUP,ISDYNROWHEIGHT,ISLASTPAGETRAIL,ISTARTX,ISTARTY,ITOPLINECOLOR,IWIDTH,OPTIONS,PREPARE1,PREPARE2,TABLE_CODE,VFONTNAME,VTEXT,VVAR,DR,TS ) values  ( '0','001006001006','1001A11LCP000007JZVO','0','0210','00','00','00000000','1001A11LCP000007JZV5',0,'0000',0,-1,-16777216,-16777216,12,15,-16777216,-16777216,'N','N','N',336,0,-16777216,80,'<nc.vo.pub.print.PrintCellExtVO>
  <height__decimal>0.0</height__decimal>
  <textDirection>0</textDirection>
  <lineSpaceBetween>0</lineSpaceBetween>
  <formatType>0</formatType>
</nc.vo.pub.print.PrintCellExtVO>',null,null,null,'宋体','最后修改时间1:',null,0,'2023-06-25 10:25:05' ) 
/

insert into PUB_PRINT_CELL ( BUNDERLINE,CCELLCODE,CCELLID,CCOMBINEPROPERTY,CCONTENTPROPERTY,CISFROZEN,CISHEADTAIL,CLINEPROPERTY,CTEMPLATEID,FFONTSTYLE,FIXEDSTYLE,FSHADOWTYPE,IBGCOLOR,IBOTLINECOLOR,IFGCOLOR,IFONRSIZE,IHEIGHT,ILEFTLINECOLOR,IRIGHTCOLOR,ISDYCOLGROUP,ISDYNROWHEIGHT,ISLASTPAGETRAIL,ISTARTX,ISTARTY,ITOPLINECOLOR,IWIDTH,OPTIONS,PREPARE1,PREPARE2,TABLE_CODE,VFONTNAME,VTEXT,VVAR,DR,TS ) values  ( '0','001007001007','1001A11LCP000007JZVP','0','0210','00','00','00000000','1001A11LCP000007JZV5',0,'0000',0,-1,-16777216,-16777216,12,15,-16777216,-16777216,'N','N','N',396,0,-16777216,80,'<nc.vo.pub.print.PrintCellExtVO>
  <height__decimal>0.0</height__decimal>
  <textDirection>0</textDirection>
  <lineSpaceBetween>0</lineSpaceBetween>
  <formatType>0</formatType>
</nc.vo.pub.print.PrintCellExtVO>',null,null,null,'宋体','单据版本pk:',null,0,'2023-06-25 10:25:05' ) 
/

insert into PUB_PRINT_CELL ( BUNDERLINE,CCELLCODE,CCELLID,CCOMBINEPROPERTY,CCONTENTPROPERTY,CISFROZEN,CISHEADTAIL,CLINEPROPERTY,CTEMPLATEID,FFONTSTYLE,FIXEDSTYLE,FSHADOWTYPE,IBGCOLOR,IBOTLINECOLOR,IFGCOLOR,IFONRSIZE,IHEIGHT,ILEFTLINECOLOR,IRIGHTCOLOR,ISDYCOLGROUP,ISDYNROWHEIGHT,ISLASTPAGETRAIL,ISTARTX,ISTARTY,ITOPLINECOLOR,IWIDTH,OPTIONS,PREPARE1,PREPARE2,TABLE_CODE,VFONTNAME,VTEXT,VVAR,DR,TS ) values  ( '0','001008001008','1001A11LCP000007JZVQ','0','0210','00','00','00000000','1001A11LCP000007JZV5',0,'0000',0,-1,-16777216,-16777216,12,15,-16777216,-16777216,'N','N','N',456,0,-16777216,80,'<nc.vo.pub.print.PrintCellExtVO>
  <height__decimal>0.0</height__decimal>
  <textDirection>0</textDirection>
  <lineSpaceBetween>0</lineSpaceBetween>
  <formatType>0</formatType>
</nc.vo.pub.print.PrintCellExtVO>',null,null,null,'宋体','单据类型:',null,0,'2023-06-25 10:25:05' ) 
/

insert into PUB_PRINT_CELL ( BUNDERLINE,CCELLCODE,CCELLID,CCOMBINEPROPERTY,CCONTENTPROPERTY,CISFROZEN,CISHEADTAIL,CLINEPROPERTY,CTEMPLATEID,FFONTSTYLE,FIXEDSTYLE,FSHADOWTYPE,IBGCOLOR,IBOTLINECOLOR,IFGCOLOR,IFONRSIZE,IHEIGHT,ILEFTLINECOLOR,IRIGHTCOLOR,ISDYCOLGROUP,ISDYNROWHEIGHT,ISLASTPAGETRAIL,ISTARTX,ISTARTY,ITOPLINECOLOR,IWIDTH,OPTIONS,PREPARE1,PREPARE2,TABLE_CODE,VFONTNAME,VTEXT,VVAR,DR,TS ) values  ( '0','001009001009','1001A11LCP000007JZVR','0','0210','00','00','00000000','1001A11LCP000007JZV5',0,'0000',0,-1,-16777216,-16777216,12,15,-16777216,-16777216,'N','N','N',516,0,-16777216,80,'<nc.vo.pub.print.PrintCellExtVO>
  <height__decimal>0.0</height__decimal>
  <textDirection>0</textDirection>
  <lineSpaceBetween>0</lineSpaceBetween>
  <formatType>0</formatType>
</nc.vo.pub.print.PrintCellExtVO>',null,null,null,'宋体','交易类型:',null,0,'2023-06-25 10:25:05' ) 
/

insert into PUB_PRINT_CELL ( BUNDERLINE,CCELLCODE,CCELLID,CCOMBINEPROPERTY,CCONTENTPROPERTY,CISFROZEN,CISHEADTAIL,CLINEPROPERTY,CTEMPLATEID,FFONTSTYLE,FIXEDSTYLE,FSHADOWTYPE,IBGCOLOR,IBOTLINECOLOR,IFGCOLOR,IFONRSIZE,IHEIGHT,ILEFTLINECOLOR,IRIGHTCOLOR,ISDYCOLGROUP,ISDYNROWHEIGHT,ISLASTPAGETRAIL,ISTARTX,ISTARTY,ITOPLINECOLOR,IWIDTH,OPTIONS,PREPARE1,PREPARE2,TABLE_CODE,VFONTNAME,VTEXT,VVAR,DR,TS ) values  ( '0','002000002000','1001A11LCP000007JZVS','0','1110','00','00','00000000','1001A11LCP000007JZV5',0,'0000',0,-1,-16777216,-16777216,12,15,-16777216,-16777216,'N','N','N',0,9,-16777216,80,'<nc.vo.pub.print.PrintCellExtVO>
  <height__decimal>0.0</height__decimal>
  <textDirection>0</textDirection>
  <lineSpaceBetween>0</lineSpaceBetween>
  <formatType>0</formatType>
</nc.vo.pub.print.PrintCellExtVO>',null,null,null,'宋体','主键','pk_testmdmaster',0,'2023-06-25 10:25:05' ) 
/

insert into PUB_PRINT_CELL ( BUNDERLINE,CCELLCODE,CCELLID,CCOMBINEPROPERTY,CCONTENTPROPERTY,CISFROZEN,CISHEADTAIL,CLINEPROPERTY,CTEMPLATEID,FFONTSTYLE,FIXEDSTYLE,FSHADOWTYPE,IBGCOLOR,IBOTLINECOLOR,IFGCOLOR,IFONRSIZE,IHEIGHT,ILEFTLINECOLOR,IRIGHTCOLOR,ISDYCOLGROUP,ISDYNROWHEIGHT,ISLASTPAGETRAIL,ISTARTX,ISTARTY,ITOPLINECOLOR,IWIDTH,OPTIONS,PREPARE1,PREPARE2,TABLE_CODE,VFONTNAME,VTEXT,VVAR,DR,TS ) values  ( '0','002001002001','1001A11LCP000007JZVT','0','1110','00','00','00000000','1001A11LCP000007JZV5',0,'0000',0,-1,-16777216,-16777216,12,15,-16777216,-16777216,'N','N','N',48,9,-16777216,80,'<nc.vo.pub.print.PrintCellExtVO>
  <height__decimal>0.0</height__decimal>
  <textDirection>0</textDirection>
  <lineSpaceBetween>0</lineSpaceBetween>
  <formatType>0</formatType>
</nc.vo.pub.print.PrintCellExtVO>',null,null,null,'宋体','code','code',0,'2023-06-25 10:25:05' ) 
/

insert into PUB_PRINT_CELL ( BUNDERLINE,CCELLCODE,CCELLID,CCOMBINEPROPERTY,CCONTENTPROPERTY,CISFROZEN,CISHEADTAIL,CLINEPROPERTY,CTEMPLATEID,FFONTSTYLE,FIXEDSTYLE,FSHADOWTYPE,IBGCOLOR,IBOTLINECOLOR,IFGCOLOR,IFONRSIZE,IHEIGHT,ILEFTLINECOLOR,IRIGHTCOLOR,ISDYCOLGROUP,ISDYNROWHEIGHT,ISLASTPAGETRAIL,ISTARTX,ISTARTY,ITOPLINECOLOR,IWIDTH,OPTIONS,PREPARE1,PREPARE2,TABLE_CODE,VFONTNAME,VTEXT,VVAR,DR,TS ) values  ( '0','002002002002','1001A11LCP000007JZVU','0','1110','00','00','00000000','1001A11LCP000007JZV5',0,'0000',0,-1,-16777216,-16777216,12,15,-16777216,-16777216,'N','N','N',96,9,-16777216,80,'<nc.vo.pub.print.PrintCellExtVO>
  <height__decimal>0.0</height__decimal>
  <textDirection>0</textDirection>
  <lineSpaceBetween>0</lineSpaceBetween>
  <formatType>0</formatType>
</nc.vo.pub.print.PrintCellExtVO>',null,null,null,'宋体','name','name',0,'2023-06-25 10:25:05' ) 
/

insert into PUB_PRINT_CELL ( BUNDERLINE,CCELLCODE,CCELLID,CCOMBINEPROPERTY,CCONTENTPROPERTY,CISFROZEN,CISHEADTAIL,CLINEPROPERTY,CTEMPLATEID,FFONTSTYLE,FIXEDSTYLE,FSHADOWTYPE,IBGCOLOR,IBOTLINECOLOR,IFGCOLOR,IFONRSIZE,IHEIGHT,ILEFTLINECOLOR,IRIGHTCOLOR,ISDYCOLGROUP,ISDYNROWHEIGHT,ISLASTPAGETRAIL,ISTARTX,ISTARTY,ITOPLINECOLOR,IWIDTH,OPTIONS,PREPARE1,PREPARE2,TABLE_CODE,VFONTNAME,VTEXT,VVAR,DR,TS ) values  ( '0','002003002003','1001A11LCP000007JZVV','0','1110','00','00','00000000','1001A11LCP000007JZV5',0,'0000',0,-1,-16777216,-16777216,12,15,-16777216,-16777216,'N','N','N',156,9,-16777216,80,'<nc.vo.pub.print.PrintCellExtVO>
  <height__decimal>0.0</height__decimal>
  <textDirection>0</textDirection>
  <lineSpaceBetween>0</lineSpaceBetween>
  <formatType>0</formatType>
</nc.vo.pub.print.PrintCellExtVO>',null,null,null,'宋体','创建时间','creationtime',0,'2023-06-25 10:25:05' ) 
/

insert into PUB_PRINT_CELL ( BUNDERLINE,CCELLCODE,CCELLID,CCOMBINEPROPERTY,CCONTENTPROPERTY,CISFROZEN,CISHEADTAIL,CLINEPROPERTY,CTEMPLATEID,FFONTSTYLE,FIXEDSTYLE,FSHADOWTYPE,IBGCOLOR,IBOTLINECOLOR,IFGCOLOR,IFONRSIZE,IHEIGHT,ILEFTLINECOLOR,IRIGHTCOLOR,ISDYCOLGROUP,ISDYNROWHEIGHT,ISLASTPAGETRAIL,ISTARTX,ISTARTY,ITOPLINECOLOR,IWIDTH,OPTIONS,PREPARE1,PREPARE2,TABLE_CODE,VFONTNAME,VTEXT,VVAR,DR,TS ) values  ( '0','002004002004','1001A11LCP000007JZVW','0','1110','00','00','00000000','1001A11LCP000007JZV5',0,'0000',0,-1,-16777216,-16777216,12,15,-16777216,-16777216,'N','N','N',216,9,-16777216,80,'<nc.vo.pub.print.PrintCellExtVO>
  <height__decimal>0.0</height__decimal>
  <textDirection>0</textDirection>
  <lineSpaceBetween>0</lineSpaceBetween>
  <formatType>0</formatType>
</nc.vo.pub.print.PrintCellExtVO>',null,null,null,'宋体','最后修改时间','modifiedtime',0,'2023-06-25 10:25:05' ) 
/

insert into PUB_PRINT_CELL ( BUNDERLINE,CCELLCODE,CCELLID,CCOMBINEPROPERTY,CCONTENTPROPERTY,CISFROZEN,CISHEADTAIL,CLINEPROPERTY,CTEMPLATEID,FFONTSTYLE,FIXEDSTYLE,FSHADOWTYPE,IBGCOLOR,IBOTLINECOLOR,IFGCOLOR,IFONRSIZE,IHEIGHT,ILEFTLINECOLOR,IRIGHTCOLOR,ISDYCOLGROUP,ISDYNROWHEIGHT,ISLASTPAGETRAIL,ISTARTX,ISTARTY,ITOPLINECOLOR,IWIDTH,OPTIONS,PREPARE1,PREPARE2,TABLE_CODE,VFONTNAME,VTEXT,VVAR,DR,TS ) values  ( '0','002005002005','1001A11LCP000007JZVX','0','1110','00','00','00000000','1001A11LCP000007JZV5',0,'0000',0,-1,-16777216,-16777216,12,15,-16777216,-16777216,'N','N','N',276,9,-16777216,80,'<nc.vo.pub.print.PrintCellExtVO>
  <height__decimal>0.0</height__decimal>
  <textDirection>0</textDirection>
  <lineSpaceBetween>0</lineSpaceBetween>
  <formatType>0</formatType>
</nc.vo.pub.print.PrintCellExtVO>',null,null,null,'宋体','制单时间','maketime',0,'2023-06-25 10:25:05' ) 
/

insert into PUB_PRINT_CELL ( BUNDERLINE,CCELLCODE,CCELLID,CCOMBINEPROPERTY,CCONTENTPROPERTY,CISFROZEN,CISHEADTAIL,CLINEPROPERTY,CTEMPLATEID,FFONTSTYLE,FIXEDSTYLE,FSHADOWTYPE,IBGCOLOR,IBOTLINECOLOR,IFGCOLOR,IFONRSIZE,IHEIGHT,ILEFTLINECOLOR,IRIGHTCOLOR,ISDYCOLGROUP,ISDYNROWHEIGHT,ISLASTPAGETRAIL,ISTARTX,ISTARTY,ITOPLINECOLOR,IWIDTH,OPTIONS,PREPARE1,PREPARE2,TABLE_CODE,VFONTNAME,VTEXT,VVAR,DR,TS ) values  ( '0','002006002006','1001A11LCP000007JZVY','0','1110','00','00','00000000','1001A11LCP000007JZV5',0,'0000',0,-1,-16777216,-16777216,12,15,-16777216,-16777216,'N','N','N',336,9,-16777216,80,'<nc.vo.pub.print.PrintCellExtVO>
  <height__decimal>0.0</height__decimal>
  <textDirection>0</textDirection>
  <lineSpaceBetween>0</lineSpaceBetween>
  <formatType>0</formatType>
</nc.vo.pub.print.PrintCellExtVO>',null,null,null,'宋体','最后修改时间1','lastmaketime',0,'2023-06-25 10:25:05' ) 
/

insert into PUB_PRINT_CELL ( BUNDERLINE,CCELLCODE,CCELLID,CCOMBINEPROPERTY,CCONTENTPROPERTY,CISFROZEN,CISHEADTAIL,CLINEPROPERTY,CTEMPLATEID,FFONTSTYLE,FIXEDSTYLE,FSHADOWTYPE,IBGCOLOR,IBOTLINECOLOR,IFGCOLOR,IFONRSIZE,IHEIGHT,ILEFTLINECOLOR,IRIGHTCOLOR,ISDYCOLGROUP,ISDYNROWHEIGHT,ISLASTPAGETRAIL,ISTARTX,ISTARTY,ITOPLINECOLOR,IWIDTH,OPTIONS,PREPARE1,PREPARE2,TABLE_CODE,VFONTNAME,VTEXT,VVAR,DR,TS ) values  ( '0','002007002007','1001A11LCP000007JZVZ','0','1110','00','00','00000000','1001A11LCP000007JZV5',0,'0000',0,-1,-16777216,-16777216,12,15,-16777216,-16777216,'N','N','N',396,9,-16777216,80,'<nc.vo.pub.print.PrintCellExtVO>
  <height__decimal>0.0</height__decimal>
  <textDirection>0</textDirection>
  <lineSpaceBetween>0</lineSpaceBetween>
  <formatType>0</formatType>
</nc.vo.pub.print.PrintCellExtVO>',null,null,null,'宋体','单据版本pk','billversionpk',0,'2023-06-25 10:25:05' ) 
/

insert into PUB_PRINT_CELL ( BUNDERLINE,CCELLCODE,CCELLID,CCOMBINEPROPERTY,CCONTENTPROPERTY,CISFROZEN,CISHEADTAIL,CLINEPROPERTY,CTEMPLATEID,FFONTSTYLE,FIXEDSTYLE,FSHADOWTYPE,IBGCOLOR,IBOTLINECOLOR,IFGCOLOR,IFONRSIZE,IHEIGHT,ILEFTLINECOLOR,IRIGHTCOLOR,ISDYCOLGROUP,ISDYNROWHEIGHT,ISLASTPAGETRAIL,ISTARTX,ISTARTY,ITOPLINECOLOR,IWIDTH,OPTIONS,PREPARE1,PREPARE2,TABLE_CODE,VFONTNAME,VTEXT,VVAR,DR,TS ) values  ( '0','002008002008','1001A11LCP000007JZW0','0','1110','00','00','00000000','1001A11LCP000007JZV5',0,'0000',0,-1,-16777216,-16777216,12,15,-16777216,-16777216,'N','N','N',456,9,-16777216,80,'<nc.vo.pub.print.PrintCellExtVO>
  <height__decimal>0.0</height__decimal>
  <textDirection>0</textDirection>
  <lineSpaceBetween>0</lineSpaceBetween>
  <formatType>0</formatType>
</nc.vo.pub.print.PrintCellExtVO>',null,null,null,'宋体','单据类型','billtype',0,'2023-06-25 10:25:05' ) 
/

insert into PUB_PRINT_CELL ( BUNDERLINE,CCELLCODE,CCELLID,CCOMBINEPROPERTY,CCONTENTPROPERTY,CISFROZEN,CISHEADTAIL,CLINEPROPERTY,CTEMPLATEID,FFONTSTYLE,FIXEDSTYLE,FSHADOWTYPE,IBGCOLOR,IBOTLINECOLOR,IFGCOLOR,IFONRSIZE,IHEIGHT,ILEFTLINECOLOR,IRIGHTCOLOR,ISDYCOLGROUP,ISDYNROWHEIGHT,ISLASTPAGETRAIL,ISTARTX,ISTARTY,ITOPLINECOLOR,IWIDTH,OPTIONS,PREPARE1,PREPARE2,TABLE_CODE,VFONTNAME,VTEXT,VVAR,DR,TS ) values  ( '0','002009002009','1001A11LCP000007JZW1','0','1110','00','00','00000000','1001A11LCP000007JZV5',0,'0000',0,-1,-16777216,-16777216,12,15,-16777216,-16777216,'N','N','N',516,9,-16777216,80,'<nc.vo.pub.print.PrintCellExtVO>
  <height__decimal>0.0</height__decimal>
  <textDirection>0</textDirection>
  <lineSpaceBetween>0</lineSpaceBetween>
  <formatType>0</formatType>
</nc.vo.pub.print.PrintCellExtVO>',null,null,null,'宋体','交易类型','transtype',0,'2023-06-25 10:25:05' ) 
/

insert into PUB_PRINT_CELL ( BUNDERLINE,CCELLCODE,CCELLID,CCOMBINEPROPERTY,CCONTENTPROPERTY,CISFROZEN,CISHEADTAIL,CLINEPROPERTY,CTEMPLATEID,FFONTSTYLE,FIXEDSTYLE,FSHADOWTYPE,IBGCOLOR,IBOTLINECOLOR,IFGCOLOR,IFONRSIZE,IHEIGHT,ILEFTLINECOLOR,IRIGHTCOLOR,ISDYCOLGROUP,ISDYNROWHEIGHT,ISLASTPAGETRAIL,ISTARTX,ISTARTY,ITOPLINECOLOR,IWIDTH,OPTIONS,PREPARE1,PREPARE2,TABLE_CODE,VFONTNAME,VTEXT,VVAR,DR,TS ) values  ( '0','000000000000','1001A11LCP000007JZW2','1000000','0110','00','00','01010101','1001A11LCP000007JZV6',0,'0000',0,-1,-16777216,-16777216,12,9,-16777216,-16777216,'N','N','N',0,0,-16777216,80,'<nc.vo.pub.print.PrintCellExtVO>
  <height__decimal>0.0</height__decimal>
  <textDirection>0</textDirection>
  <lineSpaceBetween>0</lineSpaceBetween>
  <formatType>0</formatType>
</nc.vo.pub.print.PrintCellExtVO>','N',null,null,'宋体','示例',null,0,'2023-06-25 10:25:05' ) 
/

insert into PUB_PRINT_CELL ( BUNDERLINE,CCELLCODE,CCELLID,CCOMBINEPROPERTY,CCONTENTPROPERTY,CISFROZEN,CISHEADTAIL,CLINEPROPERTY,CTEMPLATEID,FFONTSTYLE,FIXEDSTYLE,FSHADOWTYPE,IBGCOLOR,IBOTLINECOLOR,IFGCOLOR,IFONRSIZE,IHEIGHT,ILEFTLINECOLOR,IRIGHTCOLOR,ISDYCOLGROUP,ISDYNROWHEIGHT,ISLASTPAGETRAIL,ISTARTX,ISTARTY,ITOPLINECOLOR,IWIDTH,OPTIONS,PREPARE1,PREPARE2,TABLE_CODE,VFONTNAME,VTEXT,VVAR,DR,TS ) values  ( '0','000001000001','1001A11LCP000007JZW3','1000000','0110','00','00','01010101','1001A11LCP000007JZV6',0,'0000',0,-1,-16777216,-16777216,12,9,-16777216,-16777216,'N','N','N',0,0,-16777216,80,'<nc.vo.pub.print.PrintCellExtVO>
  <height__decimal>0.0</height__decimal>
  <textDirection>0</textDirection>
  <lineSpaceBetween>0</lineSpaceBetween>
  <formatType>0</formatType>
</nc.vo.pub.print.PrintCellExtVO>','N',null,null,'宋体','示例',null,0,'2023-06-25 10:25:05' ) 
/

insert into PUB_PRINT_CELL ( BUNDERLINE,CCELLCODE,CCELLID,CCOMBINEPROPERTY,CCONTENTPROPERTY,CISFROZEN,CISHEADTAIL,CLINEPROPERTY,CTEMPLATEID,FFONTSTYLE,FIXEDSTYLE,FSHADOWTYPE,IBGCOLOR,IBOTLINECOLOR,IFGCOLOR,IFONRSIZE,IHEIGHT,ILEFTLINECOLOR,IRIGHTCOLOR,ISDYCOLGROUP,ISDYNROWHEIGHT,ISLASTPAGETRAIL,ISTARTX,ISTARTY,ITOPLINECOLOR,IWIDTH,OPTIONS,PREPARE1,PREPARE2,TABLE_CODE,VFONTNAME,VTEXT,VVAR,DR,TS ) values  ( '0','000002000002','1001A11LCP000007JZW4','1000000','0110','00','00','01010101','1001A11LCP000007JZV6',0,'0000',0,-1,-16777216,-16777216,12,9,-16777216,-16777216,'N','N','N',0,0,-16777216,80,'<nc.vo.pub.print.PrintCellExtVO>
  <height__decimal>0.0</height__decimal>
  <textDirection>0</textDirection>
  <lineSpaceBetween>0</lineSpaceBetween>
  <formatType>0</formatType>
</nc.vo.pub.print.PrintCellExtVO>','N',null,null,'宋体','示例',null,0,'2023-06-25 10:25:05' ) 
/

insert into PUB_PRINT_CELL ( BUNDERLINE,CCELLCODE,CCELLID,CCOMBINEPROPERTY,CCONTENTPROPERTY,CISFROZEN,CISHEADTAIL,CLINEPROPERTY,CTEMPLATEID,FFONTSTYLE,FIXEDSTYLE,FSHADOWTYPE,IBGCOLOR,IBOTLINECOLOR,IFGCOLOR,IFONRSIZE,IHEIGHT,ILEFTLINECOLOR,IRIGHTCOLOR,ISDYCOLGROUP,ISDYNROWHEIGHT,ISLASTPAGETRAIL,ISTARTX,ISTARTY,ITOPLINECOLOR,IWIDTH,OPTIONS,PREPARE1,PREPARE2,TABLE_CODE,VFONTNAME,VTEXT,VVAR,DR,TS ) values  ( '0','000003000003','1001A11LCP000007JZW5','1000000','0110','00','00','01010101','1001A11LCP000007JZV6',0,'0000',0,-1,-16777216,-16777216,12,9,-16777216,-16777216,'N','N','N',0,0,-16777216,80,'<nc.vo.pub.print.PrintCellExtVO>
  <height__decimal>0.0</height__decimal>
  <textDirection>0</textDirection>
  <lineSpaceBetween>0</lineSpaceBetween>
  <formatType>0</formatType>
</nc.vo.pub.print.PrintCellExtVO>','N',null,null,'宋体','示例',null,0,'2023-06-25 10:25:05' ) 
/

insert into PUB_PRINT_CELL ( BUNDERLINE,CCELLCODE,CCELLID,CCOMBINEPROPERTY,CCONTENTPROPERTY,CISFROZEN,CISHEADTAIL,CLINEPROPERTY,CTEMPLATEID,FFONTSTYLE,FIXEDSTYLE,FSHADOWTYPE,IBGCOLOR,IBOTLINECOLOR,IFGCOLOR,IFONRSIZE,IHEIGHT,ILEFTLINECOLOR,IRIGHTCOLOR,ISDYCOLGROUP,ISDYNROWHEIGHT,ISLASTPAGETRAIL,ISTARTX,ISTARTY,ITOPLINECOLOR,IWIDTH,OPTIONS,PREPARE1,PREPARE2,TABLE_CODE,VFONTNAME,VTEXT,VVAR,DR,TS ) values  ( '0','000004000004','1001A11LCP000007JZW6','1000000','0110','00','00','01010101','1001A11LCP000007JZV6',0,'0000',0,-1,-16777216,-16777216,12,9,-16777216,-16777216,'N','N','N',0,0,-16777216,80,'<nc.vo.pub.print.PrintCellExtVO>
  <height__decimal>0.0</height__decimal>
  <textDirection>0</textDirection>
  <lineSpaceBetween>0</lineSpaceBetween>
  <formatType>0</formatType>
</nc.vo.pub.print.PrintCellExtVO>','N',null,null,'宋体','示例',null,0,'2023-06-25 10:25:05' ) 
/

insert into PUB_PRINT_CELL ( BUNDERLINE,CCELLCODE,CCELLID,CCOMBINEPROPERTY,CCONTENTPROPERTY,CISFROZEN,CISHEADTAIL,CLINEPROPERTY,CTEMPLATEID,FFONTSTYLE,FIXEDSTYLE,FSHADOWTYPE,IBGCOLOR,IBOTLINECOLOR,IFGCOLOR,IFONRSIZE,IHEIGHT,ILEFTLINECOLOR,IRIGHTCOLOR,ISDYCOLGROUP,ISDYNROWHEIGHT,ISLASTPAGETRAIL,ISTARTX,ISTARTY,ITOPLINECOLOR,IWIDTH,OPTIONS,PREPARE1,PREPARE2,TABLE_CODE,VFONTNAME,VTEXT,VVAR,DR,TS ) values  ( '0','000005000005','1001A11LCP000007JZW7','1000000','0110','00','00','01010101','1001A11LCP000007JZV6',0,'0000',0,-1,-16777216,-16777216,12,9,-16777216,-16777216,'N','N','N',0,0,-16777216,80,'<nc.vo.pub.print.PrintCellExtVO>
  <height__decimal>0.0</height__decimal>
  <textDirection>0</textDirection>
  <lineSpaceBetween>0</lineSpaceBetween>
  <formatType>0</formatType>
</nc.vo.pub.print.PrintCellExtVO>','N',null,null,'宋体','示例',null,0,'2023-06-25 10:25:05' ) 
/

insert into PUB_PRINT_CELL ( BUNDERLINE,CCELLCODE,CCELLID,CCOMBINEPROPERTY,CCONTENTPROPERTY,CISFROZEN,CISHEADTAIL,CLINEPROPERTY,CTEMPLATEID,FFONTSTYLE,FIXEDSTYLE,FSHADOWTYPE,IBGCOLOR,IBOTLINECOLOR,IFGCOLOR,IFONRSIZE,IHEIGHT,ILEFTLINECOLOR,IRIGHTCOLOR,ISDYCOLGROUP,ISDYNROWHEIGHT,ISLASTPAGETRAIL,ISTARTX,ISTARTY,ITOPLINECOLOR,IWIDTH,OPTIONS,PREPARE1,PREPARE2,TABLE_CODE,VFONTNAME,VTEXT,VVAR,DR,TS ) values  ( '0','000000000009','1001A11LCP000007JZW8','0','0110','00','00','01010101','1001A11LCP000007JZV6',0,'0000',0,-1,-16777216,-16777216,12,9,-16777216,-16777216,'N','N','N',0,0,-16777216,803,'<nc.vo.pub.print.PrintCellExtVO>
  <height__decimal>0.0</height__decimal>
  <textDirection>0</textDirection>
  <lineSpaceBetween>0</lineSpaceBetween>
  <formatType>0</formatType>
</nc.vo.pub.print.PrintCellExtVO>','N',null,null,'宋体','示例',null,0,'2023-06-25 10:25:05' ) 
/

insert into PUB_PRINT_CELL ( BUNDERLINE,CCELLCODE,CCELLID,CCOMBINEPROPERTY,CCONTENTPROPERTY,CISFROZEN,CISHEADTAIL,CLINEPROPERTY,CTEMPLATEID,FFONTSTYLE,FIXEDSTYLE,FSHADOWTYPE,IBGCOLOR,IBOTLINECOLOR,IFGCOLOR,IFONRSIZE,IHEIGHT,ILEFTLINECOLOR,IRIGHTCOLOR,ISDYCOLGROUP,ISDYNROWHEIGHT,ISLASTPAGETRAIL,ISTARTX,ISTARTY,ITOPLINECOLOR,IWIDTH,OPTIONS,PREPARE1,PREPARE2,TABLE_CODE,VFONTNAME,VTEXT,VVAR,DR,TS ) values  ( '0','001000001000','1001A11LCP000007JZW9','0','0210','00','00','00000000','1001A11LCP000007JZV6',0,'0000',0,-1,-16777216,-16777216,12,15,-16777216,-16777216,'N','N','N',0,0,-16777216,80,'<nc.vo.pub.print.PrintCellExtVO>
  <height__decimal>0.0</height__decimal>
  <textDirection>0</textDirection>
  <lineSpaceBetween>0</lineSpaceBetween>
  <formatType>0</formatType>
</nc.vo.pub.print.PrintCellExtVO>',null,null,null,'宋体','主键:',null,0,'2023-06-25 10:25:05' ) 
/

insert into PUB_PRINT_CELL ( BUNDERLINE,CCELLCODE,CCELLID,CCOMBINEPROPERTY,CCONTENTPROPERTY,CISFROZEN,CISHEADTAIL,CLINEPROPERTY,CTEMPLATEID,FFONTSTYLE,FIXEDSTYLE,FSHADOWTYPE,IBGCOLOR,IBOTLINECOLOR,IFGCOLOR,IFONRSIZE,IHEIGHT,ILEFTLINECOLOR,IRIGHTCOLOR,ISDYCOLGROUP,ISDYNROWHEIGHT,ISLASTPAGETRAIL,ISTARTX,ISTARTY,ITOPLINECOLOR,IWIDTH,OPTIONS,PREPARE1,PREPARE2,TABLE_CODE,VFONTNAME,VTEXT,VVAR,DR,TS ) values  ( '0','001001001001','1001A11LCP000007JZWA','0','1010','00','00','00000000','1001A11LCP000007JZV6',0,'0000',0,-1,-16777216,-16777216,12,15,-16777216,-16777216,'N','N','N',48,0,-16777216,80,'<nc.vo.pub.print.PrintCellExtVO>
  <height__decimal>0.0</height__decimal>
  <textDirection>0</textDirection>
  <lineSpaceBetween>0</lineSpaceBetween>
  <formatType>0</formatType>
</nc.vo.pub.print.PrintCellExtVO>',null,null,null,'宋体','主键','pk_testmdmaster',0,'2023-06-25 10:25:05' ) 
/

insert into PUB_PRINT_CELL ( BUNDERLINE,CCELLCODE,CCELLID,CCOMBINEPROPERTY,CCONTENTPROPERTY,CISFROZEN,CISHEADTAIL,CLINEPROPERTY,CTEMPLATEID,FFONTSTYLE,FIXEDSTYLE,FSHADOWTYPE,IBGCOLOR,IBOTLINECOLOR,IFGCOLOR,IFONRSIZE,IHEIGHT,ILEFTLINECOLOR,IRIGHTCOLOR,ISDYCOLGROUP,ISDYNROWHEIGHT,ISLASTPAGETRAIL,ISTARTX,ISTARTY,ITOPLINECOLOR,IWIDTH,OPTIONS,PREPARE1,PREPARE2,TABLE_CODE,VFONTNAME,VTEXT,VVAR,DR,TS ) values  ( '0','001002001002','1001A11LCP000007JZWB','0','0210','00','00','00000000','1001A11LCP000007JZV6',0,'0000',0,-1,-16777216,-16777216,12,15,-16777216,-16777216,'N','N','N',96,0,-16777216,80,'<nc.vo.pub.print.PrintCellExtVO>
  <height__decimal>0.0</height__decimal>
  <textDirection>0</textDirection>
  <lineSpaceBetween>0</lineSpaceBetween>
  <formatType>0</formatType>
</nc.vo.pub.print.PrintCellExtVO>',null,null,null,'宋体','code:',null,0,'2023-06-25 10:25:05' ) 
/

insert into PUB_PRINT_CELL ( BUNDERLINE,CCELLCODE,CCELLID,CCOMBINEPROPERTY,CCONTENTPROPERTY,CISFROZEN,CISHEADTAIL,CLINEPROPERTY,CTEMPLATEID,FFONTSTYLE,FIXEDSTYLE,FSHADOWTYPE,IBGCOLOR,IBOTLINECOLOR,IFGCOLOR,IFONRSIZE,IHEIGHT,ILEFTLINECOLOR,IRIGHTCOLOR,ISDYCOLGROUP,ISDYNROWHEIGHT,ISLASTPAGETRAIL,ISTARTX,ISTARTY,ITOPLINECOLOR,IWIDTH,OPTIONS,PREPARE1,PREPARE2,TABLE_CODE,VFONTNAME,VTEXT,VVAR,DR,TS ) values  ( '0','001003001003','1001A11LCP000007JZWC','0','1010','00','00','00000000','1001A11LCP000007JZV6',0,'0000',0,-1,-16777216,-16777216,12,15,-16777216,-16777216,'N','N','N',156,0,-16777216,80,'<nc.vo.pub.print.PrintCellExtVO>
  <height__decimal>0.0</height__decimal>
  <textDirection>0</textDirection>
  <lineSpaceBetween>0</lineSpaceBetween>
  <formatType>0</formatType>
</nc.vo.pub.print.PrintCellExtVO>',null,null,null,'宋体','code','code',0,'2023-06-25 10:25:05' ) 
/

insert into PUB_PRINT_CELL ( BUNDERLINE,CCELLCODE,CCELLID,CCOMBINEPROPERTY,CCONTENTPROPERTY,CISFROZEN,CISHEADTAIL,CLINEPROPERTY,CTEMPLATEID,FFONTSTYLE,FIXEDSTYLE,FSHADOWTYPE,IBGCOLOR,IBOTLINECOLOR,IFGCOLOR,IFONRSIZE,IHEIGHT,ILEFTLINECOLOR,IRIGHTCOLOR,ISDYCOLGROUP,ISDYNROWHEIGHT,ISLASTPAGETRAIL,ISTARTX,ISTARTY,ITOPLINECOLOR,IWIDTH,OPTIONS,PREPARE1,PREPARE2,TABLE_CODE,VFONTNAME,VTEXT,VVAR,DR,TS ) values  ( '0','001004001004','1001A11LCP000007JZWD','0','0210','00','00','00000000','1001A11LCP000007JZV6',0,'0000',0,-1,-16777216,-16777216,12,15,-16777216,-16777216,'N','N','N',216,0,-16777216,80,'<nc.vo.pub.print.PrintCellExtVO>
  <height__decimal>0.0</height__decimal>
  <textDirection>0</textDirection>
  <lineSpaceBetween>0</lineSpaceBetween>
  <formatType>0</formatType>
</nc.vo.pub.print.PrintCellExtVO>',null,null,null,'宋体','name:',null,0,'2023-06-25 10:25:05' ) 
/

insert into PUB_PRINT_CELL ( BUNDERLINE,CCELLCODE,CCELLID,CCOMBINEPROPERTY,CCONTENTPROPERTY,CISFROZEN,CISHEADTAIL,CLINEPROPERTY,CTEMPLATEID,FFONTSTYLE,FIXEDSTYLE,FSHADOWTYPE,IBGCOLOR,IBOTLINECOLOR,IFGCOLOR,IFONRSIZE,IHEIGHT,ILEFTLINECOLOR,IRIGHTCOLOR,ISDYCOLGROUP,ISDYNROWHEIGHT,ISLASTPAGETRAIL,ISTARTX,ISTARTY,ITOPLINECOLOR,IWIDTH,OPTIONS,PREPARE1,PREPARE2,TABLE_CODE,VFONTNAME,VTEXT,VVAR,DR,TS ) values  ( '0','001005001005','1001A11LCP000007JZWE','0','1010','00','00','00000000','1001A11LCP000007JZV6',0,'0000',0,-1,-16777216,-16777216,12,15,-16777216,-16777216,'N','N','N',276,0,-16777216,80,'<nc.vo.pub.print.PrintCellExtVO>
  <height__decimal>0.0</height__decimal>
  <textDirection>0</textDirection>
  <lineSpaceBetween>0</lineSpaceBetween>
  <formatType>0</formatType>
</nc.vo.pub.print.PrintCellExtVO>',null,null,null,'宋体','name','name',0,'2023-06-25 10:25:05' ) 
/

insert into PUB_PRINT_CELL ( BUNDERLINE,CCELLCODE,CCELLID,CCOMBINEPROPERTY,CCONTENTPROPERTY,CISFROZEN,CISHEADTAIL,CLINEPROPERTY,CTEMPLATEID,FFONTSTYLE,FIXEDSTYLE,FSHADOWTYPE,IBGCOLOR,IBOTLINECOLOR,IFGCOLOR,IFONRSIZE,IHEIGHT,ILEFTLINECOLOR,IRIGHTCOLOR,ISDYCOLGROUP,ISDYNROWHEIGHT,ISLASTPAGETRAIL,ISTARTX,ISTARTY,ITOPLINECOLOR,IWIDTH,OPTIONS,PREPARE1,PREPARE2,TABLE_CODE,VFONTNAME,VTEXT,VVAR,DR,TS ) values  ( '0','002000002000','1001A11LCP000007JZWF','0','0210','00','00','00000000','1001A11LCP000007JZV6',0,'0000',0,-1,-16777216,-16777216,12,15,-16777216,-16777216,'N','N','N',336,0,-16777216,80,'<nc.vo.pub.print.PrintCellExtVO>
  <height__decimal>0.0</height__decimal>
  <textDirection>0</textDirection>
  <lineSpaceBetween>0</lineSpaceBetween>
  <formatType>0</formatType>
</nc.vo.pub.print.PrintCellExtVO>',null,null,null,'宋体','创建时间:',null,0,'2023-06-25 10:25:05' ) 
/

insert into PUB_PRINT_CELL ( BUNDERLINE,CCELLCODE,CCELLID,CCOMBINEPROPERTY,CCONTENTPROPERTY,CISFROZEN,CISHEADTAIL,CLINEPROPERTY,CTEMPLATEID,FFONTSTYLE,FIXEDSTYLE,FSHADOWTYPE,IBGCOLOR,IBOTLINECOLOR,IFGCOLOR,IFONRSIZE,IHEIGHT,ILEFTLINECOLOR,IRIGHTCOLOR,ISDYCOLGROUP,ISDYNROWHEIGHT,ISLASTPAGETRAIL,ISTARTX,ISTARTY,ITOPLINECOLOR,IWIDTH,OPTIONS,PREPARE1,PREPARE2,TABLE_CODE,VFONTNAME,VTEXT,VVAR,DR,TS ) values  ( '0','002001002001','1001A11LCP000007JZWG','0','1010','00','00','00000000','1001A11LCP000007JZV6',0,'0000',0,-1,-16777216,-16777216,12,15,-16777216,-16777216,'N','N','N',396,0,-16777216,80,'<nc.vo.pub.print.PrintCellExtVO>
  <height__decimal>0.0</height__decimal>
  <textDirection>0</textDirection>
  <lineSpaceBetween>0</lineSpaceBetween>
  <formatType>0</formatType>
</nc.vo.pub.print.PrintCellExtVO>',null,null,null,'宋体','创建时间','creationtime',0,'2023-06-25 10:25:05' ) 
/

insert into PUB_PRINT_CELL ( BUNDERLINE,CCELLCODE,CCELLID,CCOMBINEPROPERTY,CCONTENTPROPERTY,CISFROZEN,CISHEADTAIL,CLINEPROPERTY,CTEMPLATEID,FFONTSTYLE,FIXEDSTYLE,FSHADOWTYPE,IBGCOLOR,IBOTLINECOLOR,IFGCOLOR,IFONRSIZE,IHEIGHT,ILEFTLINECOLOR,IRIGHTCOLOR,ISDYCOLGROUP,ISDYNROWHEIGHT,ISLASTPAGETRAIL,ISTARTX,ISTARTY,ITOPLINECOLOR,IWIDTH,OPTIONS,PREPARE1,PREPARE2,TABLE_CODE,VFONTNAME,VTEXT,VVAR,DR,TS ) values  ( '0','002002002002','1001A11LCP000007JZWH','0','0210','00','00','00000000','1001A11LCP000007JZV6',0,'0000',0,-1,-16777216,-16777216,12,15,-16777216,-16777216,'N','N','N',456,0,-16777216,80,'<nc.vo.pub.print.PrintCellExtVO>
  <height__decimal>0.0</height__decimal>
  <textDirection>0</textDirection>
  <lineSpaceBetween>0</lineSpaceBetween>
  <formatType>0</formatType>
</nc.vo.pub.print.PrintCellExtVO>',null,null,null,'宋体','最后修改时间:',null,0,'2023-06-25 10:25:05' ) 
/

insert into PUB_PRINT_CELL ( BUNDERLINE,CCELLCODE,CCELLID,CCOMBINEPROPERTY,CCONTENTPROPERTY,CISFROZEN,CISHEADTAIL,CLINEPROPERTY,CTEMPLATEID,FFONTSTYLE,FIXEDSTYLE,FSHADOWTYPE,IBGCOLOR,IBOTLINECOLOR,IFGCOLOR,IFONRSIZE,IHEIGHT,ILEFTLINECOLOR,IRIGHTCOLOR,ISDYCOLGROUP,ISDYNROWHEIGHT,ISLASTPAGETRAIL,ISTARTX,ISTARTY,ITOPLINECOLOR,IWIDTH,OPTIONS,PREPARE1,PREPARE2,TABLE_CODE,VFONTNAME,VTEXT,VVAR,DR,TS ) values  ( '0','002003002003','1001A11LCP000007JZWI','0','1010','00','00','00000000','1001A11LCP000007JZV6',0,'0000',0,-1,-16777216,-16777216,12,15,-16777216,-16777216,'N','N','N',516,0,-16777216,80,'<nc.vo.pub.print.PrintCellExtVO>
  <height__decimal>0.0</height__decimal>
  <textDirection>0</textDirection>
  <lineSpaceBetween>0</lineSpaceBetween>
  <formatType>0</formatType>
</nc.vo.pub.print.PrintCellExtVO>',null,null,null,'宋体','最后修改时间','modifiedtime',0,'2023-06-25 10:25:05' ) 
/

insert into PUB_PRINT_CELL ( BUNDERLINE,CCELLCODE,CCELLID,CCOMBINEPROPERTY,CCONTENTPROPERTY,CISFROZEN,CISHEADTAIL,CLINEPROPERTY,CTEMPLATEID,FFONTSTYLE,FIXEDSTYLE,FSHADOWTYPE,IBGCOLOR,IBOTLINECOLOR,IFGCOLOR,IFONRSIZE,IHEIGHT,ILEFTLINECOLOR,IRIGHTCOLOR,ISDYCOLGROUP,ISDYNROWHEIGHT,ISLASTPAGETRAIL,ISTARTX,ISTARTY,ITOPLINECOLOR,IWIDTH,OPTIONS,PREPARE1,PREPARE2,TABLE_CODE,VFONTNAME,VTEXT,VVAR,DR,TS ) values  ( '0','002004002004','1001A11LCP000007JZWJ','0','0210','00','00','00000000','1001A11LCP000007JZV6',0,'0000',0,-1,-16777216,-16777216,12,15,-16777216,-16777216,'N','N','N',0,9,-16777216,80,'<nc.vo.pub.print.PrintCellExtVO>
  <height__decimal>0.0</height__decimal>
  <textDirection>0</textDirection>
  <lineSpaceBetween>0</lineSpaceBetween>
  <formatType>0</formatType>
</nc.vo.pub.print.PrintCellExtVO>',null,null,null,'宋体','制单时间:',null,0,'2023-06-25 10:25:05' ) 
/

insert into PUB_PRINT_CELL ( BUNDERLINE,CCELLCODE,CCELLID,CCOMBINEPROPERTY,CCONTENTPROPERTY,CISFROZEN,CISHEADTAIL,CLINEPROPERTY,CTEMPLATEID,FFONTSTYLE,FIXEDSTYLE,FSHADOWTYPE,IBGCOLOR,IBOTLINECOLOR,IFGCOLOR,IFONRSIZE,IHEIGHT,ILEFTLINECOLOR,IRIGHTCOLOR,ISDYCOLGROUP,ISDYNROWHEIGHT,ISLASTPAGETRAIL,ISTARTX,ISTARTY,ITOPLINECOLOR,IWIDTH,OPTIONS,PREPARE1,PREPARE2,TABLE_CODE,VFONTNAME,VTEXT,VVAR,DR,TS ) values  ( '0','002005002005','1001A11LCP000007JZWK','0','1010','00','00','00000000','1001A11LCP000007JZV6',0,'0000',0,-1,-16777216,-16777216,12,15,-16777216,-16777216,'N','N','N',48,9,-16777216,80,'<nc.vo.pub.print.PrintCellExtVO>
  <height__decimal>0.0</height__decimal>
  <textDirection>0</textDirection>
  <lineSpaceBetween>0</lineSpaceBetween>
  <formatType>0</formatType>
</nc.vo.pub.print.PrintCellExtVO>',null,null,null,'宋体','制单时间','maketime',0,'2023-06-25 10:25:05' ) 
/

insert into PUB_PRINT_CELL ( BUNDERLINE,CCELLCODE,CCELLID,CCOMBINEPROPERTY,CCONTENTPROPERTY,CISFROZEN,CISHEADTAIL,CLINEPROPERTY,CTEMPLATEID,FFONTSTYLE,FIXEDSTYLE,FSHADOWTYPE,IBGCOLOR,IBOTLINECOLOR,IFGCOLOR,IFONRSIZE,IHEIGHT,ILEFTLINECOLOR,IRIGHTCOLOR,ISDYCOLGROUP,ISDYNROWHEIGHT,ISLASTPAGETRAIL,ISTARTX,ISTARTY,ITOPLINECOLOR,IWIDTH,OPTIONS,PREPARE1,PREPARE2,TABLE_CODE,VFONTNAME,VTEXT,VVAR,DR,TS ) values  ( '0','003000003000','1001A11LCP000007JZWL','0','0210','00','00','00000000','1001A11LCP000007JZV6',0,'0000',0,-1,-16777216,-16777216,12,15,-16777216,-16777216,'N','N','N',96,9,-16777216,80,'<nc.vo.pub.print.PrintCellExtVO>
  <height__decimal>0.0</height__decimal>
  <textDirection>0</textDirection>
  <lineSpaceBetween>0</lineSpaceBetween>
  <formatType>0</formatType>
</nc.vo.pub.print.PrintCellExtVO>',null,null,null,'宋体','最后修改时间1:',null,0,'2023-06-25 10:25:05' ) 
/

insert into PUB_PRINT_CELL ( BUNDERLINE,CCELLCODE,CCELLID,CCOMBINEPROPERTY,CCONTENTPROPERTY,CISFROZEN,CISHEADTAIL,CLINEPROPERTY,CTEMPLATEID,FFONTSTYLE,FIXEDSTYLE,FSHADOWTYPE,IBGCOLOR,IBOTLINECOLOR,IFGCOLOR,IFONRSIZE,IHEIGHT,ILEFTLINECOLOR,IRIGHTCOLOR,ISDYCOLGROUP,ISDYNROWHEIGHT,ISLASTPAGETRAIL,ISTARTX,ISTARTY,ITOPLINECOLOR,IWIDTH,OPTIONS,PREPARE1,PREPARE2,TABLE_CODE,VFONTNAME,VTEXT,VVAR,DR,TS ) values  ( '0','003001003001','1001A11LCP000007JZWM','0','1010','00','00','00000000','1001A11LCP000007JZV6',0,'0000',0,-1,-16777216,-16777216,12,15,-16777216,-16777216,'N','N','N',156,9,-16777216,80,'<nc.vo.pub.print.PrintCellExtVO>
  <height__decimal>0.0</height__decimal>
  <textDirection>0</textDirection>
  <lineSpaceBetween>0</lineSpaceBetween>
  <formatType>0</formatType>
</nc.vo.pub.print.PrintCellExtVO>',null,null,null,'宋体','最后修改时间1','lastmaketime',0,'2023-06-25 10:25:05' ) 
/

insert into PUB_PRINT_CELL ( BUNDERLINE,CCELLCODE,CCELLID,CCOMBINEPROPERTY,CCONTENTPROPERTY,CISFROZEN,CISHEADTAIL,CLINEPROPERTY,CTEMPLATEID,FFONTSTYLE,FIXEDSTYLE,FSHADOWTYPE,IBGCOLOR,IBOTLINECOLOR,IFGCOLOR,IFONRSIZE,IHEIGHT,ILEFTLINECOLOR,IRIGHTCOLOR,ISDYCOLGROUP,ISDYNROWHEIGHT,ISLASTPAGETRAIL,ISTARTX,ISTARTY,ITOPLINECOLOR,IWIDTH,OPTIONS,PREPARE1,PREPARE2,TABLE_CODE,VFONTNAME,VTEXT,VVAR,DR,TS ) values  ( '0','003002003002','1001A11LCP000007JZWN','0','0210','00','00','00000000','1001A11LCP000007JZV6',0,'0000',0,-1,-16777216,-16777216,12,15,-16777216,-16777216,'N','N','N',216,9,-16777216,80,'<nc.vo.pub.print.PrintCellExtVO>
  <height__decimal>0.0</height__decimal>
  <textDirection>0</textDirection>
  <lineSpaceBetween>0</lineSpaceBetween>
  <formatType>0</formatType>
</nc.vo.pub.print.PrintCellExtVO>',null,null,null,'宋体','单据版本pk:',null,0,'2023-06-25 10:25:05' ) 
/

insert into PUB_PRINT_CELL ( BUNDERLINE,CCELLCODE,CCELLID,CCOMBINEPROPERTY,CCONTENTPROPERTY,CISFROZEN,CISHEADTAIL,CLINEPROPERTY,CTEMPLATEID,FFONTSTYLE,FIXEDSTYLE,FSHADOWTYPE,IBGCOLOR,IBOTLINECOLOR,IFGCOLOR,IFONRSIZE,IHEIGHT,ILEFTLINECOLOR,IRIGHTCOLOR,ISDYCOLGROUP,ISDYNROWHEIGHT,ISLASTPAGETRAIL,ISTARTX,ISTARTY,ITOPLINECOLOR,IWIDTH,OPTIONS,PREPARE1,PREPARE2,TABLE_CODE,VFONTNAME,VTEXT,VVAR,DR,TS ) values  ( '0','003003003003','1001A11LCP000007JZWO','0','1010','00','00','00000000','1001A11LCP000007JZV6',0,'0000',0,-1,-16777216,-16777216,12,15,-16777216,-16777216,'N','N','N',276,9,-16777216,80,'<nc.vo.pub.print.PrintCellExtVO>
  <height__decimal>0.0</height__decimal>
  <textDirection>0</textDirection>
  <lineSpaceBetween>0</lineSpaceBetween>
  <formatType>0</formatType>
</nc.vo.pub.print.PrintCellExtVO>',null,null,null,'宋体','单据版本pk','billversionpk',0,'2023-06-25 10:25:05' ) 
/

insert into PUB_PRINT_CELL ( BUNDERLINE,CCELLCODE,CCELLID,CCOMBINEPROPERTY,CCONTENTPROPERTY,CISFROZEN,CISHEADTAIL,CLINEPROPERTY,CTEMPLATEID,FFONTSTYLE,FIXEDSTYLE,FSHADOWTYPE,IBGCOLOR,IBOTLINECOLOR,IFGCOLOR,IFONRSIZE,IHEIGHT,ILEFTLINECOLOR,IRIGHTCOLOR,ISDYCOLGROUP,ISDYNROWHEIGHT,ISLASTPAGETRAIL,ISTARTX,ISTARTY,ITOPLINECOLOR,IWIDTH,OPTIONS,PREPARE1,PREPARE2,TABLE_CODE,VFONTNAME,VTEXT,VVAR,DR,TS ) values  ( '0','003004003004','1001A11LCP000007JZWP','0','0210','00','00','00000000','1001A11LCP000007JZV6',0,'0000',0,-1,-16777216,-16777216,12,15,-16777216,-16777216,'N','N','N',336,9,-16777216,80,'<nc.vo.pub.print.PrintCellExtVO>
  <height__decimal>0.0</height__decimal>
  <textDirection>0</textDirection>
  <lineSpaceBetween>0</lineSpaceBetween>
  <formatType>0</formatType>
</nc.vo.pub.print.PrintCellExtVO>',null,null,null,'宋体','单据类型:',null,0,'2023-06-25 10:25:05' ) 
/

insert into PUB_PRINT_CELL ( BUNDERLINE,CCELLCODE,CCELLID,CCOMBINEPROPERTY,CCONTENTPROPERTY,CISFROZEN,CISHEADTAIL,CLINEPROPERTY,CTEMPLATEID,FFONTSTYLE,FIXEDSTYLE,FSHADOWTYPE,IBGCOLOR,IBOTLINECOLOR,IFGCOLOR,IFONRSIZE,IHEIGHT,ILEFTLINECOLOR,IRIGHTCOLOR,ISDYCOLGROUP,ISDYNROWHEIGHT,ISLASTPAGETRAIL,ISTARTX,ISTARTY,ITOPLINECOLOR,IWIDTH,OPTIONS,PREPARE1,PREPARE2,TABLE_CODE,VFONTNAME,VTEXT,VVAR,DR,TS ) values  ( '0','003005003005','1001A11LCP000007JZWQ','0','1010','00','00','00000000','1001A11LCP000007JZV6',0,'0000',0,-1,-16777216,-16777216,12,15,-16777216,-16777216,'N','N','N',396,9,-16777216,80,'<nc.vo.pub.print.PrintCellExtVO>
  <height__decimal>0.0</height__decimal>
  <textDirection>0</textDirection>
  <lineSpaceBetween>0</lineSpaceBetween>
  <formatType>0</formatType>
</nc.vo.pub.print.PrintCellExtVO>',null,null,null,'宋体','单据类型','billtype',0,'2023-06-25 10:25:05' ) 
/

insert into PUB_PRINT_CELL ( BUNDERLINE,CCELLCODE,CCELLID,CCOMBINEPROPERTY,CCONTENTPROPERTY,CISFROZEN,CISHEADTAIL,CLINEPROPERTY,CTEMPLATEID,FFONTSTYLE,FIXEDSTYLE,FSHADOWTYPE,IBGCOLOR,IBOTLINECOLOR,IFGCOLOR,IFONRSIZE,IHEIGHT,ILEFTLINECOLOR,IRIGHTCOLOR,ISDYCOLGROUP,ISDYNROWHEIGHT,ISLASTPAGETRAIL,ISTARTX,ISTARTY,ITOPLINECOLOR,IWIDTH,OPTIONS,PREPARE1,PREPARE2,TABLE_CODE,VFONTNAME,VTEXT,VVAR,DR,TS ) values  ( '0','004000004000','1001A11LCP000007JZWR','0','0110','00','00','00000000','1001A11LCP000007JZV6',0,'0000',0,-1,-16777216,-16777216,12,15,-16777216,-16777216,'N','N','N',0,0,-16777216,80,'<nc.vo.pub.print.PrintCellExtVO>
  <height__decimal>0.0</height__decimal>
  <textDirection>0</textDirection>
  <lineSpaceBetween>0</lineSpaceBetween>
  <formatType>0</formatType>
</nc.vo.pub.print.PrintCellExtVO>',null,null,null,'宋体',null,null,0,'2023-06-25 10:25:05' ) 
/

insert into PUB_PRINT_CELL ( BUNDERLINE,CCELLCODE,CCELLID,CCOMBINEPROPERTY,CCONTENTPROPERTY,CISFROZEN,CISHEADTAIL,CLINEPROPERTY,CTEMPLATEID,FFONTSTYLE,FIXEDSTYLE,FSHADOWTYPE,IBGCOLOR,IBOTLINECOLOR,IFGCOLOR,IFONRSIZE,IHEIGHT,ILEFTLINECOLOR,IRIGHTCOLOR,ISDYCOLGROUP,ISDYNROWHEIGHT,ISLASTPAGETRAIL,ISTARTX,ISTARTY,ITOPLINECOLOR,IWIDTH,OPTIONS,PREPARE1,PREPARE2,TABLE_CODE,VFONTNAME,VTEXT,VVAR,DR,TS ) values  ( '0','004001004001','1001A11LCP000007JZWS','0','0110','00','00','00000000','1001A11LCP000007JZV6',0,'0000',0,-1,-16777216,-16777216,12,15,-16777216,-16777216,'N','N','N',48,0,-16777216,80,'<nc.vo.pub.print.PrintCellExtVO>
  <height__decimal>0.0</height__decimal>
  <textDirection>0</textDirection>
  <lineSpaceBetween>0</lineSpaceBetween>
  <formatType>0</formatType>
</nc.vo.pub.print.PrintCellExtVO>',null,null,null,'宋体',null,null,0,'2023-06-25 10:25:05' ) 
/

insert into PUB_PRINT_CELL ( BUNDERLINE,CCELLCODE,CCELLID,CCOMBINEPROPERTY,CCONTENTPROPERTY,CISFROZEN,CISHEADTAIL,CLINEPROPERTY,CTEMPLATEID,FFONTSTYLE,FIXEDSTYLE,FSHADOWTYPE,IBGCOLOR,IBOTLINECOLOR,IFGCOLOR,IFONRSIZE,IHEIGHT,ILEFTLINECOLOR,IRIGHTCOLOR,ISDYCOLGROUP,ISDYNROWHEIGHT,ISLASTPAGETRAIL,ISTARTX,ISTARTY,ITOPLINECOLOR,IWIDTH,OPTIONS,PREPARE1,PREPARE2,TABLE_CODE,VFONTNAME,VTEXT,VVAR,DR,TS ) values  ( '0','004002004002','1001A11LCP000007JZWT','0','0110','00','00','00000000','1001A11LCP000007JZV6',0,'0000',0,-1,-16777216,-16777216,12,15,-16777216,-16777216,'N','N','N',96,0,-16777216,80,'<nc.vo.pub.print.PrintCellExtVO>
  <height__decimal>0.0</height__decimal>
  <textDirection>0</textDirection>
  <lineSpaceBetween>0</lineSpaceBetween>
  <formatType>0</formatType>
</nc.vo.pub.print.PrintCellExtVO>',null,null,null,'宋体',null,null,0,'2023-06-25 10:25:05' ) 
/

insert into PUB_PRINT_CELL ( BUNDERLINE,CCELLCODE,CCELLID,CCOMBINEPROPERTY,CCONTENTPROPERTY,CISFROZEN,CISHEADTAIL,CLINEPROPERTY,CTEMPLATEID,FFONTSTYLE,FIXEDSTYLE,FSHADOWTYPE,IBGCOLOR,IBOTLINECOLOR,IFGCOLOR,IFONRSIZE,IHEIGHT,ILEFTLINECOLOR,IRIGHTCOLOR,ISDYCOLGROUP,ISDYNROWHEIGHT,ISLASTPAGETRAIL,ISTARTX,ISTARTY,ITOPLINECOLOR,IWIDTH,OPTIONS,PREPARE1,PREPARE2,TABLE_CODE,VFONTNAME,VTEXT,VVAR,DR,TS ) values  ( '0','004003004003','1001A11LCP000007JZWU','0','0110','00','00','00000000','1001A11LCP000007JZV6',0,'0000',0,-1,-16777216,-16777216,12,15,-16777216,-16777216,'N','N','N',156,0,-16777216,80,'<nc.vo.pub.print.PrintCellExtVO>
  <height__decimal>0.0</height__decimal>
  <textDirection>0</textDirection>
  <lineSpaceBetween>0</lineSpaceBetween>
  <formatType>0</formatType>
</nc.vo.pub.print.PrintCellExtVO>',null,null,null,'宋体',null,null,0,'2023-06-25 10:25:05' ) 
/

insert into PUB_PRINT_CELL ( BUNDERLINE,CCELLCODE,CCELLID,CCOMBINEPROPERTY,CCONTENTPROPERTY,CISFROZEN,CISHEADTAIL,CLINEPROPERTY,CTEMPLATEID,FFONTSTYLE,FIXEDSTYLE,FSHADOWTYPE,IBGCOLOR,IBOTLINECOLOR,IFGCOLOR,IFONRSIZE,IHEIGHT,ILEFTLINECOLOR,IRIGHTCOLOR,ISDYCOLGROUP,ISDYNROWHEIGHT,ISLASTPAGETRAIL,ISTARTX,ISTARTY,ITOPLINECOLOR,IWIDTH,OPTIONS,PREPARE1,PREPARE2,TABLE_CODE,VFONTNAME,VTEXT,VVAR,DR,TS ) values  ( '0','004004004004','1001A11LCP000007JZWV','0','0110','00','00','00000000','1001A11LCP000007JZV6',0,'0000',0,-1,-16777216,-16777216,12,15,-16777216,-16777216,'N','N','N',216,0,-16777216,80,'<nc.vo.pub.print.PrintCellExtVO>
  <height__decimal>0.0</height__decimal>
  <textDirection>0</textDirection>
  <lineSpaceBetween>0</lineSpaceBetween>
  <formatType>0</formatType>
</nc.vo.pub.print.PrintCellExtVO>',null,null,null,'宋体',null,null,0,'2023-06-25 10:25:05' ) 
/

insert into PUB_PRINT_CELL ( BUNDERLINE,CCELLCODE,CCELLID,CCOMBINEPROPERTY,CCONTENTPROPERTY,CISFROZEN,CISHEADTAIL,CLINEPROPERTY,CTEMPLATEID,FFONTSTYLE,FIXEDSTYLE,FSHADOWTYPE,IBGCOLOR,IBOTLINECOLOR,IFGCOLOR,IFONRSIZE,IHEIGHT,ILEFTLINECOLOR,IRIGHTCOLOR,ISDYCOLGROUP,ISDYNROWHEIGHT,ISLASTPAGETRAIL,ISTARTX,ISTARTY,ITOPLINECOLOR,IWIDTH,OPTIONS,PREPARE1,PREPARE2,TABLE_CODE,VFONTNAME,VTEXT,VVAR,DR,TS ) values  ( '0','004005004005','1001A11LCP000007JZWW','0','0110','00','00','00000000','1001A11LCP000007JZV6',0,'0000',0,-1,-16777216,-16777216,12,15,-16777216,-16777216,'N','N','N',276,0,-16777216,80,'<nc.vo.pub.print.PrintCellExtVO>
  <height__decimal>0.0</height__decimal>
  <textDirection>0</textDirection>
  <lineSpaceBetween>0</lineSpaceBetween>
  <formatType>0</formatType>
</nc.vo.pub.print.PrintCellExtVO>',null,null,null,'宋体',null,null,0,'2023-06-25 10:25:05' ) 
/

insert into PUB_PRINT_CELL ( BUNDERLINE,CCELLCODE,CCELLID,CCOMBINEPROPERTY,CCONTENTPROPERTY,CISFROZEN,CISHEADTAIL,CLINEPROPERTY,CTEMPLATEID,FFONTSTYLE,FIXEDSTYLE,FSHADOWTYPE,IBGCOLOR,IBOTLINECOLOR,IFGCOLOR,IFONRSIZE,IHEIGHT,ILEFTLINECOLOR,IRIGHTCOLOR,ISDYCOLGROUP,ISDYNROWHEIGHT,ISLASTPAGETRAIL,ISTARTX,ISTARTY,ITOPLINECOLOR,IWIDTH,OPTIONS,PREPARE1,PREPARE2,TABLE_CODE,VFONTNAME,VTEXT,VVAR,DR,TS ) values  ( '0','005000005000','1001A11LCP000007JZWX','0','0210','00','00','00000000','1001A11LCP000007JZV6',0,'0000',0,-1,-16777216,-16777216,12,15,-16777216,-16777216,'N','N','N',336,0,-16777216,80,'<nc.vo.pub.print.PrintCellExtVO>
  <height__decimal>0.0</height__decimal>
  <textDirection>0</textDirection>
  <lineSpaceBetween>0</lineSpaceBetween>
  <formatType>0</formatType>
</nc.vo.pub.print.PrintCellExtVO>',null,null,null,'宋体','主键:',null,0,'2023-06-25 10:25:05' ) 
/

insert into PUB_PRINT_CELL ( BUNDERLINE,CCELLCODE,CCELLID,CCOMBINEPROPERTY,CCONTENTPROPERTY,CISFROZEN,CISHEADTAIL,CLINEPROPERTY,CTEMPLATEID,FFONTSTYLE,FIXEDSTYLE,FSHADOWTYPE,IBGCOLOR,IBOTLINECOLOR,IFGCOLOR,IFONRSIZE,IHEIGHT,ILEFTLINECOLOR,IRIGHTCOLOR,ISDYCOLGROUP,ISDYNROWHEIGHT,ISLASTPAGETRAIL,ISTARTX,ISTARTY,ITOPLINECOLOR,IWIDTH,OPTIONS,PREPARE1,PREPARE2,TABLE_CODE,VFONTNAME,VTEXT,VVAR,DR,TS ) values  ( '0','005001005001','1001A11LCP000007JZWY','0','0210','00','00','00000000','1001A11LCP000007JZV6',0,'0000',0,-1,-16777216,-16777216,12,15,-16777216,-16777216,'N','N','N',396,0,-16777216,80,'<nc.vo.pub.print.PrintCellExtVO>
  <height__decimal>0.0</height__decimal>
  <textDirection>0</textDirection>
  <lineSpaceBetween>0</lineSpaceBetween>
  <formatType>0</formatType>
</nc.vo.pub.print.PrintCellExtVO>',null,null,null,'宋体','行号:',null,0,'2023-06-25 10:25:05' ) 
/

insert into PUB_PRINT_CELL ( BUNDERLINE,CCELLCODE,CCELLID,CCOMBINEPROPERTY,CCONTENTPROPERTY,CISFROZEN,CISHEADTAIL,CLINEPROPERTY,CTEMPLATEID,FFONTSTYLE,FIXEDSTYLE,FSHADOWTYPE,IBGCOLOR,IBOTLINECOLOR,IFGCOLOR,IFONRSIZE,IHEIGHT,ILEFTLINECOLOR,IRIGHTCOLOR,ISDYCOLGROUP,ISDYNROWHEIGHT,ISLASTPAGETRAIL,ISTARTX,ISTARTY,ITOPLINECOLOR,IWIDTH,OPTIONS,PREPARE1,PREPARE2,TABLE_CODE,VFONTNAME,VTEXT,VVAR,DR,TS ) values  ( '0','005002005002','1001A11LCP000007JZWZ','0','0210','00','00','00000000','1001A11LCP000007JZV6',0,'0000',0,-1,-16777216,-16777216,12,15,-16777216,-16777216,'N','N','N',456,0,-16777216,80,'<nc.vo.pub.print.PrintCellExtVO>
  <height__decimal>0.0</height__decimal>
  <textDirection>0</textDirection>
  <lineSpaceBetween>0</lineSpaceBetween>
  <formatType>0</formatType>
</nc.vo.pub.print.PrintCellExtVO>',null,null,null,'宋体','来源行号:',null,0,'2023-06-25 10:25:05' ) 
/

insert into PUB_PRINT_CELL ( BUNDERLINE,CCELLCODE,CCELLID,CCOMBINEPROPERTY,CCONTENTPROPERTY,CISFROZEN,CISHEADTAIL,CLINEPROPERTY,CTEMPLATEID,FFONTSTYLE,FIXEDSTYLE,FSHADOWTYPE,IBGCOLOR,IBOTLINECOLOR,IFGCOLOR,IFONRSIZE,IHEIGHT,ILEFTLINECOLOR,IRIGHTCOLOR,ISDYCOLGROUP,ISDYNROWHEIGHT,ISLASTPAGETRAIL,ISTARTX,ISTARTY,ITOPLINECOLOR,IWIDTH,OPTIONS,PREPARE1,PREPARE2,TABLE_CODE,VFONTNAME,VTEXT,VVAR,DR,TS ) values  ( '0','006000006000','1001A11LCP000007JZX0','0','1110','00','00','00000000','1001A11LCP000007JZV6',0,'0000',0,-1,-16777216,-16777216,12,15,-16777216,-16777216,'N','N','N',96,9,-16777216,80,'<nc.vo.pub.print.PrintCellExtVO>
  <height__decimal>0.0</height__decimal>
  <textDirection>0</textDirection>
  <lineSpaceBetween>0</lineSpaceBetween>
  <formatType>0</formatType>
</nc.vo.pub.print.PrintCellExtVO>',null,null,null,'宋体','主键','testmdslave0_testmdslave0.pk_testmdslave0',0,'2023-06-25 10:25:05' ) 
/

insert into PUB_PRINT_CELL ( BUNDERLINE,CCELLCODE,CCELLID,CCOMBINEPROPERTY,CCONTENTPROPERTY,CISFROZEN,CISHEADTAIL,CLINEPROPERTY,CTEMPLATEID,FFONTSTYLE,FIXEDSTYLE,FSHADOWTYPE,IBGCOLOR,IBOTLINECOLOR,IFGCOLOR,IFONRSIZE,IHEIGHT,ILEFTLINECOLOR,IRIGHTCOLOR,ISDYCOLGROUP,ISDYNROWHEIGHT,ISLASTPAGETRAIL,ISTARTX,ISTARTY,ITOPLINECOLOR,IWIDTH,OPTIONS,PREPARE1,PREPARE2,TABLE_CODE,VFONTNAME,VTEXT,VVAR,DR,TS ) values  ( '0','006001006001','1001A11LCP000007JZX1','0','1110','00','00','00000000','1001A11LCP000007JZV6',0,'0000',0,-1,-16777216,-16777216,12,15,-16777216,-16777216,'N','N','N',156,9,-16777216,80,'<nc.vo.pub.print.PrintCellExtVO>
  <height__decimal>0.0</height__decimal>
  <textDirection>0</textDirection>
  <lineSpaceBetween>0</lineSpaceBetween>
  <formatType>0</formatType>
</nc.vo.pub.print.PrintCellExtVO>',null,null,null,'宋体','行号','testmdslave0_testmdslave0.rowno',0,'2023-06-25 10:25:05' ) 
/

insert into PUB_PRINT_CELL ( BUNDERLINE,CCELLCODE,CCELLID,CCOMBINEPROPERTY,CCONTENTPROPERTY,CISFROZEN,CISHEADTAIL,CLINEPROPERTY,CTEMPLATEID,FFONTSTYLE,FIXEDSTYLE,FSHADOWTYPE,IBGCOLOR,IBOTLINECOLOR,IFGCOLOR,IFONRSIZE,IHEIGHT,ILEFTLINECOLOR,IRIGHTCOLOR,ISDYCOLGROUP,ISDYNROWHEIGHT,ISLASTPAGETRAIL,ISTARTX,ISTARTY,ITOPLINECOLOR,IWIDTH,OPTIONS,PREPARE1,PREPARE2,TABLE_CODE,VFONTNAME,VTEXT,VVAR,DR,TS ) values  ( '0','006002006002','1001A11LCP000007JZX2','0','1110','00','00','00000000','1001A11LCP000007JZV6',0,'0000',0,-1,-16777216,-16777216,12,15,-16777216,-16777216,'N','N','N',216,9,-16777216,80,'<nc.vo.pub.print.PrintCellExtVO>
  <height__decimal>0.0</height__decimal>
  <textDirection>0</textDirection>
  <lineSpaceBetween>0</lineSpaceBetween>
  <formatType>0</formatType>
</nc.vo.pub.print.PrintCellExtVO>',null,null,null,'宋体','来源行号','testmdslave0_testmdslave0.srcrowno',0,'2023-06-25 10:25:05' ) 
/

insert into PUB_SYSTEMPLATE_BASE ( APPCODE,DEVORG,FUNNODE,LAYER,MODULEID,NODEKEY,PK_COUNTRY,PK_INDUSTRY,PK_SYSTEMPLATE,TEMPLATEID,TEMPSTYLE,DR,TS ) values  ( '10880557',null,'10880557',0,'1088','1088055701','~','~','1001A11LCP000007JZX3','1001A11LCP000007JZV5',3,0,'2023-06-25 10:25:05' ) 
/

insert into PUB_SYSTEMPLATE_BASE ( APPCODE,DEVORG,FUNNODE,LAYER,MODULEID,NODEKEY,PK_COUNTRY,PK_INDUSTRY,PK_SYSTEMPLATE,TEMPLATEID,TEMPSTYLE,DR,TS ) values  ( '10880557',null,'10880557',0,'1088','1088055702','~','~','1001A11LCP000007JZX4','1001A11LCP000007JZV6',3,0,'2023-06-25 10:25:05' ) 
/

insert into PUB_BCR_NBCR ( CODE,CODELENTH,PK_NBCR,CODESCOPE,CODESTYLE,METAID,NAME,ORGTYPE,DR,TS ) values  ( 'testmdtestmd',40,'1001A11LCP000007JZX9','global','both','c20d2227-2ecd-44d8-bc4f-f5fcafe82248','主实体','BUSINESSUNIT00000000',null,null ) 
/

insert into PUB_BCR_RULEBASE ( CODEMODE,CODESCOPE,FORMAT,ISAUTOFILL,ISDEFAULT,ISEDITABLE,NBCRCODE,PK_BILLCODEBASE,PK_GROUP,RULECODE,RULENAME,ISLENVAR,ISGETPK,DR,TS ) values  ( 'after','g','yyyyMMdd','N','Y','N','testmdtestmd','1001A11LCP000007JZXA','GLOBLE00000000000000','testmdtestmd','主实体','Y','N',null,null ) 
/

insert into PUB_BCR_ELEM ( ELEMLENTH,ELEMTYPE,ELEMVALUE,EORDER,ISREFER,PK_BILLCODEELEM,PK_BILLCODEENTITY,FILLSTYLE,FILLSIGN,DR,TS,PK_BILLCODEBASE ) values  ( 5,'0','uapbd',0,'0','1001A11LCP000007JZXB','~',0,null,null,null,'1001A11LCP000007JZXA' ) 
/

insert into PUB_BCR_ELEM ( ELEMLENTH,ELEMTYPE,ELEMVALUE,EORDER,ISREFER,PK_BILLCODEELEM,PK_BILLCODEENTITY,FILLSTYLE,FILLSIGN,DR,TS,PK_BILLCODEBASE ) values  ( 8,'2','2023-06-25 10:25:05',1,'3','1001A11LCP000007JZXC','~',0,null,null,null,'1001A11LCP000007JZXA' ) 
/

insert into PUB_BCR_ELEM ( ELEMLENTH,ELEMTYPE,ELEMVALUE,EORDER,ISREFER,PK_BILLCODEELEM,PK_BILLCODEENTITY,FILLSTYLE,FILLSIGN,DR,TS,PK_BILLCODEBASE ) values  ( 4,'3','nc.pub.billcode.BillCodePureDigitalSNGenerator',2,'0','1001A11LCP000007JZXD','~',0,null,null,null,'1001A11LCP000007JZXA' ) 
/

insert into BD_REFINFO ( CODE,ISTREELAZYLOAD,ISNEEDPARA,ISSPECIALREF,LAYER,REFTYPE,METADATANAMESPACE,METADATATYPENAME,MOBILEREFPATH,MODULENAME,NAME,PARA1,PARA2,PARA3,PK_COUNTRY,PK_INDUSTRY,PK_REFINFO,REFCLASS,REFPATH,REFSYSTEM,RESERV1,RESERV2,RESERV3,RESID,RESIDPATH,WHEREPART,WORKFLOWCONDITIONUSEUNITORG,TS,DR ) values  ( '10880557','N',null,null,null,0,'testmd','testmdMaster',null,'uapbd','示例_主实体_默认表参照_testmd_testmdMaster',null,null,null,null,null,'1001A11LCP000007K053',null,'uapbd/refer/testmd/testmdMasterDefaultGridRef/index',null,null,null,null,'testmd','testmd',null,null,'2023-06-25 10:25:23',0 ) 
/

insert into SM_APPREGISTER ( PK_APPREGISTER,CODE,NAME,OWN_MODULE,MOUNTID,WIDTH,HEIGHT,TARGET_PATH,APPTYPE,IMAGE_SRC,USELICENSE_LOAD,ORGTYPECODE,FUNTYPE,PARENT_ID,ISENABLE,PK_GROUP,APP_DESC,SCOPEID,HELP_NAME,ISCAUSERUSABLE,MDID,SOURCE_APP_CODE,RESID,FUN_PROPERTY,ISCOPYPAGE,PAGERESFILE,CREATOR,CREATIONTIME,MODIFIER,MODIFIEDTIME,FASTLAUNCHPARAM,FASTLAUNCHURL,FASTLAUNCHPAGECODE,DR,TS ) values  ( '1001A11LCP000007K014','10880557P','示例应用审批','1088',null,1,1,null,1,'default','Y','ACCOUNTINGBOOK000000',0,'1001Z0100000000455LO','Y',null,null,null,null,'N','c20d2227-2ecd-44d8-bc4f-f5fcafe82248','10880557P',null,1,'N',null,'1001A11000000000002O','2023-06-25 10:25:03',null,null,null,null,null,0,null ) 
/

insert into SM_APPMENUITEM ( PK_MENUITEM,MENUITEMCODE,MENUITEMNAME,MENUDES,APPCODE,APPID,PK_MENU,PARENTCODE,RESID,PK_GROUP,IMAGE_SRC,APP_IMAGE,IS_CLOUD_APP,FLOOR,MENUORDER,DR,TS ) values  ( '1001A11LCP000007K015','10880557P','示例应用审批',null,'10880557P','1001A11LCP000007K014','1004Z510000000000FFL','108805',null,null,null,null,null,null,null,0,null ) 
/

insert into SM_APPPAGE ( PK_APPPAGE,PAGECODE,PAGENAME,PAGEDESC,PAGEURL,PARENT_ID,PARENTCODE,RESID,ISDEFAULT,ISCARDDEFAULT,CREATOR,CREATIONTIME,MODIFIER,MODIFIEDTIME,PAGEJSURL,PAGERESFILE,STYLETYPE,MOBPAGERESFILE,ISNEWPAGE,TRANSFERSIGN,DR,TS ) values  ( '1001A11LCP000007K016','10880557P_testmdMasterP','主实体审批',null,'/nccloud/resources/uapbd/testmd/testmdmasterp/main/index.html','1001A11LCP000007K014','10880557P',null,'Y','Y',null,null,null,null,null,null,null,null,null,null,0,'2023-06-25 10:25:07' ) 
/

insert into PUB_PAGE_TEMPLET ( PK_PAGE_TEMPLET,CODE,NAME,RESID,CREATOR,CREATIONTIME,MODIFIER,MODIFIEDTIME,TEMPLETDESC,ISDEFAULT,PARENTID,PAGECODE,CLAZZ,METAID,HEADCODE,APPCODE,APPID,RESMODULE,PK_GROUP,PK_ORG,LAYOUT,PAGESTYLE,DR,TS ) values  ( '1001A11LCP000007K017','10880557P_testmdMasterP','主实体审批',null,null,null,null,null,null,'Y','root','10880557P_testmdMasterP','nc.vo.testmd.testmd.AggTestmdMasterVO','c20d2227-2ecd-44d8-bc4f-f5fcafe82248','testmdMasterForm','10880557P',null,null,null,null,null,null,0,'2023-06-25 10:25:07' ) 
/

insert into PUB_FORM_PROPERTY ( PK_FORM_PROPERTY,AREAID,LABEL,CODE,METAPATH,WIDTH,REFCODE,ISNEXTROW,ISREVISE,ISTOTAL,REQUIRED,DISABLED,VISIBLE,MAXLENGTH,TEXTROWS,CREATOR,MODIFIER,CREATIONTIME,MODIFIEDTIME,RESID,POSITION,COLOR,DATATYPE,DATAVAL,SHOWFORMULA,EDITFORMULA,VALIDATEFORMULA,DEFAULTVAR,RELATEMETA,DEFINE1,DEFINE2,DEFINE3,ISMULTISELECTEDENABLED,METADATAPROPERTY,ITEMTYPE,REFNAME,METAID,ISCODE,COLNUM,DEFAULTVALUE,ISDEFINED,CLASSID,PROID,HYPERLINKFLAG,ONLYLEAFCANSELECT,MOBILETITLE,ISLOCK,ISRESLABEL,SHOWDATAVAL,SHOWFOCUS,ISSYNCSIDE,ISSYNCFOLD,ISSYNCLIST,ISDATAPOWERENABLE,ISCONVERTTIMEZONES,REFCONDITION,ISGROUPPOWER,EDITDISABLED,TABSKIP,ALIGNMENT,FROZEN,SHOWASRANGE,ANOTHERLINE,COLUMNNUM,ICONTYPE,COREINDEX,ISCOREDATA,ISHIGHLIGHT,ISBOLD,CONTENTCOLOR,REFENTER,MULTIPLELINES,DR,TS ) values  ( '1001A11LCP000007K01A','1001A11LCP000007K018','pk_group','pk_group','pk_group',120,'uap/refer/riart/groupTreeRef/index',null,null,null,'N','N','N',20,null,null,null,null,null,null,0,null,204,'0001Z010000000000ZKS,code=N',null,null,null,null,null,null,null,null,'N','uap.group.name','refer','集团','3b6dd171-2900-47f3-bfbe-41e4483a2a65',null,null,null,'N','c20d2227-2ecd-44d8-bc4f-f5fcafe82248','c4383a89-28b5-4072-94d3-fd3d7863f301',null,null,null,null,null,null,null,null,null,null,null,null,null,null,null,null,null,null,null,null,null,null,null,null,null,null,null,null,null,0,null ) 
/

insert into PUB_FORM_PROPERTY ( PK_FORM_PROPERTY,AREAID,LABEL,CODE,METAPATH,WIDTH,REFCODE,ISNEXTROW,ISREVISE,ISTOTAL,REQUIRED,DISABLED,VISIBLE,MAXLENGTH,TEXTROWS,CREATOR,MODIFIER,CREATIONTIME,MODIFIEDTIME,RESID,POSITION,COLOR,DATATYPE,DATAVAL,SHOWFORMULA,EDITFORMULA,VALIDATEFORMULA,DEFAULTVAR,RELATEMETA,DEFINE1,DEFINE2,DEFINE3,ISMULTISELECTEDENABLED,METADATAPROPERTY,ITEMTYPE,REFNAME,METAID,ISCODE,COLNUM,DEFAULTVALUE,ISDEFINED,CLASSID,PROID,HYPERLINKFLAG,ONLYLEAFCANSELECT,MOBILETITLE,ISLOCK,ISRESLABEL,SHOWDATAVAL,SHOWFOCUS,ISSYNCSIDE,ISSYNCFOLD,ISSYNCLIST,ISDATAPOWERENABLE,ISCONVERTTIMEZONES,REFCONDITION,ISGROUPPOWER,EDITDISABLED,TABSKIP,ALIGNMENT,FROZEN,SHOWASRANGE,ANOTHERLINE,COLUMNNUM,ICONTYPE,COREINDEX,ISCOREDATA,ISHIGHLIGHT,ISBOLD,CONTENTCOLOR,REFENTER,MULTIPLELINES,DR,TS ) values  ( '1001A11LCP000007K01B','1001A11LCP000007K018','pk_org','pk_org','pk_org',120,'uapbd/refer/org/OrgWithGlobalAllDataTreeRef/index',null,null,null,'N','N','Y',20,null,null,null,null,null,null,1,null,204,'0001Z01000000001V017,code=N',null,null,null,null,null,null,null,null,'N','uap.org.name','refer','组织（包含全局）(所有)','985be8a4-3a36-4778-8afe-2d8ed3902659',null,null,null,'N','c20d2227-2ecd-44d8-bc4f-f5fcafe82248','00708833-92b5-4b71-ab8e-5b56a054035a',null,null,null,null,null,null,null,null,null,null,null,null,null,null,null,null,null,null,null,null,null,null,null,null,null,null,null,null,null,0,null ) 
/

insert into PUB_FORM_PROPERTY ( PK_FORM_PROPERTY,AREAID,LABEL,CODE,METAPATH,WIDTH,REFCODE,ISNEXTROW,ISREVISE,ISTOTAL,REQUIRED,DISABLED,VISIBLE,MAXLENGTH,TEXTROWS,CREATOR,MODIFIER,CREATIONTIME,MODIFIEDTIME,RESID,POSITION,COLOR,DATATYPE,DATAVAL,SHOWFORMULA,EDITFORMULA,VALIDATEFORMULA,DEFAULTVAR,RELATEMETA,DEFINE1,DEFINE2,DEFINE3,ISMULTISELECTEDENABLED,METADATAPROPERTY,ITEMTYPE,REFNAME,METAID,ISCODE,COLNUM,DEFAULTVALUE,ISDEFINED,CLASSID,PROID,HYPERLINKFLAG,ONLYLEAFCANSELECT,MOBILETITLE,ISLOCK,ISRESLABEL,SHOWDATAVAL,SHOWFOCUS,ISSYNCSIDE,ISSYNCFOLD,ISSYNCLIST,ISDATAPOWERENABLE,ISCONVERTTIMEZONES,REFCONDITION,ISGROUPPOWER,EDITDISABLED,TABSKIP,ALIGNMENT,FROZEN,SHOWASRANGE,ANOTHERLINE,COLUMNNUM,ICONTYPE,COREINDEX,ISCOREDATA,ISHIGHLIGHT,ISBOLD,CONTENTCOLOR,REFENTER,MULTIPLELINES,DR,TS ) values  ( '1001A11LCP000007K01C','1001A11LCP000007K018','code','code','code',120,null,null,null,null,'N','N','Y',50,null,null,null,null,null,null,2,null,1,null,null,null,null,null,null,null,null,null,'N',null,'input',null,null,null,null,null,'N','c20d2227-2ecd-44d8-bc4f-f5fcafe82248','6b28d3dd-6703-4a6e-8ecf-c99f8c814617',null,null,null,null,null,null,null,null,null,null,null,null,null,null,null,null,null,null,null,null,null,null,null,null,null,null,null,null,null,0,null ) 
/

insert into PUB_FORM_PROPERTY ( PK_FORM_PROPERTY,AREAID,LABEL,CODE,METAPATH,WIDTH,REFCODE,ISNEXTROW,ISREVISE,ISTOTAL,REQUIRED,DISABLED,VISIBLE,MAXLENGTH,TEXTROWS,CREATOR,MODIFIER,CREATIONTIME,MODIFIEDTIME,RESID,POSITION,COLOR,DATATYPE,DATAVAL,SHOWFORMULA,EDITFORMULA,VALIDATEFORMULA,DEFAULTVAR,RELATEMETA,DEFINE1,DEFINE2,DEFINE3,ISMULTISELECTEDENABLED,METADATAPROPERTY,ITEMTYPE,REFNAME,METAID,ISCODE,COLNUM,DEFAULTVALUE,ISDEFINED,CLASSID,PROID,HYPERLINKFLAG,ONLYLEAFCANSELECT,MOBILETITLE,ISLOCK,ISRESLABEL,SHOWDATAVAL,SHOWFOCUS,ISSYNCSIDE,ISSYNCFOLD,ISSYNCLIST,ISDATAPOWERENABLE,ISCONVERTTIMEZONES,REFCONDITION,ISGROUPPOWER,EDITDISABLED,TABSKIP,ALIGNMENT,FROZEN,SHOWASRANGE,ANOTHERLINE,COLUMNNUM,ICONTYPE,COREINDEX,ISCOREDATA,ISHIGHLIGHT,ISBOLD,CONTENTCOLOR,REFENTER,MULTIPLELINES,DR,TS ) values  ( '1001A11LCP000007K01D','1001A11LCP000007K018','name','name','name',120,null,null,null,null,'N','N','Y',50,null,null,null,null,null,null,3,null,1,null,null,null,null,null,null,null,null,null,'N',null,'input',null,null,null,null,null,'N','c20d2227-2ecd-44d8-bc4f-f5fcafe82248','1ed5c81f-1a29-49c7-9aa6-636b2cf100ef',null,null,null,null,null,null,null,null,null,null,null,null,null,null,null,null,null,null,null,null,null,null,null,null,null,null,null,null,null,0,null ) 
/

insert into PUB_FORM_PROPERTY ( PK_FORM_PROPERTY,AREAID,LABEL,CODE,METAPATH,WIDTH,REFCODE,ISNEXTROW,ISREVISE,ISTOTAL,REQUIRED,DISABLED,VISIBLE,MAXLENGTH,TEXTROWS,CREATOR,MODIFIER,CREATIONTIME,MODIFIEDTIME,RESID,POSITION,COLOR,DATATYPE,DATAVAL,SHOWFORMULA,EDITFORMULA,VALIDATEFORMULA,DEFAULTVAR,RELATEMETA,DEFINE1,DEFINE2,DEFINE3,ISMULTISELECTEDENABLED,METADATAPROPERTY,ITEMTYPE,REFNAME,METAID,ISCODE,COLNUM,DEFAULTVALUE,ISDEFINED,CLASSID,PROID,HYPERLINKFLAG,ONLYLEAFCANSELECT,MOBILETITLE,ISLOCK,ISRESLABEL,SHOWDATAVAL,SHOWFOCUS,ISSYNCSIDE,ISSYNCFOLD,ISSYNCLIST,ISDATAPOWERENABLE,ISCONVERTTIMEZONES,REFCONDITION,ISGROUPPOWER,EDITDISABLED,TABSKIP,ALIGNMENT,FROZEN,SHOWASRANGE,ANOTHERLINE,COLUMNNUM,ICONTYPE,COREINDEX,ISCOREDATA,ISHIGHLIGHT,ISBOLD,CONTENTCOLOR,REFENTER,MULTIPLELINES,DR,TS ) values  ( '1001A11LCP000007K01E','1001A11LCP000007K018','单据类型','billtype','billtype',120,null,null,null,null,'N','Y','Y',50,null,null,null,null,null,null,4,null,1,null,null,null,null,null,null,null,null,null,'N',null,'input',null,null,null,null,null,'N','c20d2227-2ecd-44d8-bc4f-f5fcafe82248','56e48fd8-1523-49e4-bb92-7907ca0cb858',null,null,null,null,null,null,null,null,null,null,null,null,null,null,null,null,null,null,null,null,null,null,null,null,null,null,null,null,null,0,null ) 
/

insert into PUB_FORM_PROPERTY ( PK_FORM_PROPERTY,AREAID,LABEL,CODE,METAPATH,WIDTH,REFCODE,ISNEXTROW,ISREVISE,ISTOTAL,REQUIRED,DISABLED,VISIBLE,MAXLENGTH,TEXTROWS,CREATOR,MODIFIER,CREATIONTIME,MODIFIEDTIME,RESID,POSITION,COLOR,DATATYPE,DATAVAL,SHOWFORMULA,EDITFORMULA,VALIDATEFORMULA,DEFAULTVAR,RELATEMETA,DEFINE1,DEFINE2,DEFINE3,ISMULTISELECTEDENABLED,METADATAPROPERTY,ITEMTYPE,REFNAME,METAID,ISCODE,COLNUM,DEFAULTVALUE,ISDEFINED,CLASSID,PROID,HYPERLINKFLAG,ONLYLEAFCANSELECT,MOBILETITLE,ISLOCK,ISRESLABEL,SHOWDATAVAL,SHOWFOCUS,ISSYNCSIDE,ISSYNCFOLD,ISSYNCLIST,ISDATAPOWERENABLE,ISCONVERTTIMEZONES,REFCONDITION,ISGROUPPOWER,EDITDISABLED,TABSKIP,ALIGNMENT,FROZEN,SHOWASRANGE,ANOTHERLINE,COLUMNNUM,ICONTYPE,COREINDEX,ISCOREDATA,ISHIGHLIGHT,ISBOLD,CONTENTCOLOR,REFENTER,MULTIPLELINES,DR,TS ) values  ( '1001A11LCP000007K01F','1001A11LCP000007K018','交易类型pk','transtypepk','transtypepk',120,'uap/refer/riart/transtype/index',null,null,null,'N','Y','Y',20,null,null,null,null,null,null,5,null,204,'0001Z0100BILLTYPEZJ8,code=N',null,null,null,null,null,null,null,null,'N','uap.BilltypeVO.billtypename','refer','影响因素交 易类型','b0fa41cd-a649-4309-b685-d341a5d1b0ed',null,null,null,'N','c20d2227-2ecd-44d8-bc4f-f5fcafe82248','7e9a71ee-4b06-4e85-8304-c1873c13d95b',null,null,null,null,null,null,null,null,null,null,null,null,null,null,null,null,null,null,null,null,null,null,null,null,null,null,null,null,null,0,null ) 
/

insert into PUB_FORM_PROPERTY ( PK_FORM_PROPERTY,AREAID,LABEL,CODE,METAPATH,WIDTH,REFCODE,ISNEXTROW,ISREVISE,ISTOTAL,REQUIRED,DISABLED,VISIBLE,MAXLENGTH,TEXTROWS,CREATOR,MODIFIER,CREATIONTIME,MODIFIEDTIME,RESID,POSITION,COLOR,DATATYPE,DATAVAL,SHOWFORMULA,EDITFORMULA,VALIDATEFORMULA,DEFAULTVAR,RELATEMETA,DEFINE1,DEFINE2,DEFINE3,ISMULTISELECTEDENABLED,METADATAPROPERTY,ITEMTYPE,REFNAME,METAID,ISCODE,COLNUM,DEFAULTVALUE,ISDEFINED,CLASSID,PROID,HYPERLINKFLAG,ONLYLEAFCANSELECT,MOBILETITLE,ISLOCK,ISRESLABEL,SHOWDATAVAL,SHOWFOCUS,ISSYNCSIDE,ISSYNCFOLD,ISSYNCLIST,ISDATAPOWERENABLE,ISCONVERTTIMEZONES,REFCONDITION,ISGROUPPOWER,EDITDISABLED,TABSKIP,ALIGNMENT,FROZEN,SHOWASRANGE,ANOTHERLINE,COLUMNNUM,ICONTYPE,COREINDEX,ISCOREDATA,ISHIGHLIGHT,ISBOLD,CONTENTCOLOR,REFENTER,MULTIPLELINES,DR,TS ) values  ( '1001A11LCP000007K01G','1001A11LCP000007K018','交易类型','transtype','transtype',120,null,null,null,null,'N','Y','Y',50,null,null,null,null,null,null,6,null,1,null,null,null,null,null,null,null,null,null,'N',null,'input',null,null,null,null,null,'N','c20d2227-2ecd-44d8-bc4f-f5fcafe82248','1865e0e2-0c3b-43f7-ad7d-dff371831908',null,null,null,null,null,null,null,null,null,null,null,null,null,null,null,null,null,null,null,null,null,null,null,null,null,null,null,null,null,0,null ) 
/

insert into PUB_FORM_PROPERTY ( PK_FORM_PROPERTY,AREAID,LABEL,CODE,METAPATH,WIDTH,REFCODE,ISNEXTROW,ISREVISE,ISTOTAL,REQUIRED,DISABLED,VISIBLE,MAXLENGTH,TEXTROWS,CREATOR,MODIFIER,CREATIONTIME,MODIFIEDTIME,RESID,POSITION,COLOR,DATATYPE,DATAVAL,SHOWFORMULA,EDITFORMULA,VALIDATEFORMULA,DEFAULTVAR,RELATEMETA,DEFINE1,DEFINE2,DEFINE3,ISMULTISELECTEDENABLED,METADATAPROPERTY,ITEMTYPE,REFNAME,METAID,ISCODE,COLNUM,DEFAULTVALUE,ISDEFINED,CLASSID,PROID,HYPERLINKFLAG,ONLYLEAFCANSELECT,MOBILETITLE,ISLOCK,ISRESLABEL,SHOWDATAVAL,SHOWFOCUS,ISSYNCSIDE,ISSYNCFOLD,ISSYNCLIST,ISDATAPOWERENABLE,ISCONVERTTIMEZONES,REFCONDITION,ISGROUPPOWER,EDITDISABLED,TABSKIP,ALIGNMENT,FROZEN,SHOWASRANGE,ANOTHERLINE,COLUMNNUM,ICONTYPE,COREINDEX,ISCOREDATA,ISHIGHLIGHT,ISBOLD,CONTENTCOLOR,REFENTER,MULTIPLELINES,DR,TS ) values  ( '1001A11LCP000007K01H','1001A11LCP000007K018','业务类型','busitype','busitype',120,'uap/refer/riart/busitype/index',null,null,null,'N','N','Y',20,null,null,null,null,null,null,7,null,204,'0001Z0100BUSITYPEZJ7,code=N',null,null,null,null,null,null,null,null,'N','uap.BusitypeVO.businame','refer','业务流程','7717f1a3-b777-454e-abb5-ef8705a0f0c2',null,null,null,'N','c20d2227-2ecd-44d8-bc4f-f5fcafe82248','1bd15df1-c2d4-4469-a81b-559dd5e5a62e',null,null,null,null,null,null,null,null,null,null,null,null,null,null,null,null,null,null,null,null,null,null,null,null,null,null,null,null,null,0,null ) 
/

insert into PUB_FORM_PROPERTY ( PK_FORM_PROPERTY,AREAID,LABEL,CODE,METAPATH,WIDTH,REFCODE,ISNEXTROW,ISREVISE,ISTOTAL,REQUIRED,DISABLED,VISIBLE,MAXLENGTH,TEXTROWS,CREATOR,MODIFIER,CREATIONTIME,MODIFIEDTIME,RESID,POSITION,COLOR,DATATYPE,DATAVAL,SHOWFORMULA,EDITFORMULA,VALIDATEFORMULA,DEFAULTVAR,RELATEMETA,DEFINE1,DEFINE2,DEFINE3,ISMULTISELECTEDENABLED,METADATAPROPERTY,ITEMTYPE,REFNAME,METAID,ISCODE,COLNUM,DEFAULTVALUE,ISDEFINED,CLASSID,PROID,HYPERLINKFLAG,ONLYLEAFCANSELECT,MOBILETITLE,ISLOCK,ISRESLABEL,SHOWDATAVAL,SHOWFOCUS,ISSYNCSIDE,ISSYNCFOLD,ISSYNCLIST,ISDATAPOWERENABLE,ISCONVERTTIMEZONES,REFCONDITION,ISGROUPPOWER,EDITDISABLED,TABSKIP,ALIGNMENT,FROZEN,SHOWASRANGE,ANOTHERLINE,COLUMNNUM,ICONTYPE,COREINDEX,ISCOREDATA,ISHIGHLIGHT,ISBOLD,CONTENTCOLOR,REFENTER,MULTIPLELINES,DR,TS ) values  ( '1001A11LCP000007K01I','1001A11LCP000007K018','来源单据类型','srcbilltype','srcbilltype',120,null,null,null,null,'N','Y','Y',50,null,null,null,null,null,null,8,null,1,null,null,null,null,null,null,null,null,null,'N',null,'input',null,null,null,null,null,'N','c20d2227-2ecd-44d8-bc4f-f5fcafe82248','abc26087-7959-483b-beab-83f1f8bf07fe',null,null,null,null,null,null,null,null,null,null,null,null,null,null,null,null,null,null,null,null,null,null,null,null,null,null,null,null,null,0,null ) 
/

insert into PUB_FORM_PROPERTY ( PK_FORM_PROPERTY,AREAID,LABEL,CODE,METAPATH,WIDTH,REFCODE,ISNEXTROW,ISREVISE,ISTOTAL,REQUIRED,DISABLED,VISIBLE,MAXLENGTH,TEXTROWS,CREATOR,MODIFIER,CREATIONTIME,MODIFIEDTIME,RESID,POSITION,COLOR,DATATYPE,DATAVAL,SHOWFORMULA,EDITFORMULA,VALIDATEFORMULA,DEFAULTVAR,RELATEMETA,DEFINE1,DEFINE2,DEFINE3,ISMULTISELECTEDENABLED,METADATAPROPERTY,ITEMTYPE,REFNAME,METAID,ISCODE,COLNUM,DEFAULTVALUE,ISDEFINED,CLASSID,PROID,HYPERLINKFLAG,ONLYLEAFCANSELECT,MOBILETITLE,ISLOCK,ISRESLABEL,SHOWDATAVAL,SHOWFOCUS,ISSYNCSIDE,ISSYNCFOLD,ISSYNCLIST,ISDATAPOWERENABLE,ISCONVERTTIMEZONES,REFCONDITION,ISGROUPPOWER,EDITDISABLED,TABSKIP,ALIGNMENT,FROZEN,SHOWASRANGE,ANOTHERLINE,COLUMNNUM,ICONTYPE,COREINDEX,ISCOREDATA,ISHIGHLIGHT,ISBOLD,CONTENTCOLOR,REFENTER,MULTIPLELINES,DR,TS ) values  ( '1001A11LCP000007K01J','1001A11LCP000007K018','审批状态','approvestatus','approvestatus',120,null,null,null,null,'N','Y','Y',20,null,null,null,null,null,null,9,null,203,'审批未通过=0,审批通过=1,审批进行中=2,提交=3,自由=-1',null,null,null,null,null,null,null,null,'N',null,'select',null,null,null,null,null,'N','c20d2227-2ecd-44d8-bc4f-f5fcafe82248','0fef04b9-8ba5-44dc-8912-4f14cec12774',null,null,null,null,null,'审批未通过=0,审批通过=1,审批进行中=2,提交=3,自由=-1',null,null,null,null,null,null,null,null,null,null,null,null,null,null,null,null,null,null,null,null,null,null,null,0,null ) 
/

insert into PUB_FORM_PROPERTY ( PK_FORM_PROPERTY,AREAID,LABEL,CODE,METAPATH,WIDTH,REFCODE,ISNEXTROW,ISREVISE,ISTOTAL,REQUIRED,DISABLED,VISIBLE,MAXLENGTH,TEXTROWS,CREATOR,MODIFIER,CREATIONTIME,MODIFIEDTIME,RESID,POSITION,COLOR,DATATYPE,DATAVAL,SHOWFORMULA,EDITFORMULA,VALIDATEFORMULA,DEFAULTVAR,RELATEMETA,DEFINE1,DEFINE2,DEFINE3,ISMULTISELECTEDENABLED,METADATAPROPERTY,ITEMTYPE,REFNAME,METAID,ISCODE,COLNUM,DEFAULTVALUE,ISDEFINED,CLASSID,PROID,HYPERLINKFLAG,ONLYLEAFCANSELECT,MOBILETITLE,ISLOCK,ISRESLABEL,SHOWDATAVAL,SHOWFOCUS,ISSYNCSIDE,ISSYNCFOLD,ISSYNCLIST,ISDATAPOWERENABLE,ISCONVERTTIMEZONES,REFCONDITION,ISGROUPPOWER,EDITDISABLED,TABSKIP,ALIGNMENT,FROZEN,SHOWASRANGE,ANOTHERLINE,COLUMNNUM,ICONTYPE,COREINDEX,ISCOREDATA,ISHIGHLIGHT,ISBOLD,CONTENTCOLOR,REFENTER,MULTIPLELINES,DR,TS ) values  ( '1001A11LCP000007K01K','1001A11LCP000007K018','审批人','approver','approver',120,'uap/refer/riart/userDefaultRefer/index',null,null,null,'N','Y','Y',20,null,null,null,null,null,null,10,null,204,'0001Z01000000001BVPB,code=N',null,null,null,null,null,null,null,null,'N','uap.user.user_name','refer','用户','f6f9a473-56c0-432f-8bc7-fbf8fde54fee',null,null,null,'N','c20d2227-2ecd-44d8-bc4f-f5fcafe82248','1bd2622e-8236-40ee-bca6-55bd4361ed04',null,null,null,null,null,null,null,null,null,null,null,null,null,null,null,null,null,null,null,null,null,null,null,null,null,null,null,null,null,0,null ) 
/

insert into PUB_FORM_PROPERTY ( PK_FORM_PROPERTY,AREAID,LABEL,CODE,METAPATH,WIDTH,REFCODE,ISNEXTROW,ISREVISE,ISTOTAL,REQUIRED,DISABLED,VISIBLE,MAXLENGTH,TEXTROWS,CREATOR,MODIFIER,CREATIONTIME,MODIFIEDTIME,RESID,POSITION,COLOR,DATATYPE,DATAVAL,SHOWFORMULA,EDITFORMULA,VALIDATEFORMULA,DEFAULTVAR,RELATEMETA,DEFINE1,DEFINE2,DEFINE3,ISMULTISELECTEDENABLED,METADATAPROPERTY,ITEMTYPE,REFNAME,METAID,ISCODE,COLNUM,DEFAULTVALUE,ISDEFINED,CLASSID,PROID,HYPERLINKFLAG,ONLYLEAFCANSELECT,MOBILETITLE,ISLOCK,ISRESLABEL,SHOWDATAVAL,SHOWFOCUS,ISSYNCSIDE,ISSYNCFOLD,ISSYNCLIST,ISDATAPOWERENABLE,ISCONVERTTIMEZONES,REFCONDITION,ISGROUPPOWER,EDITDISABLED,TABSKIP,ALIGNMENT,FROZEN,SHOWASRANGE,ANOTHERLINE,COLUMNNUM,ICONTYPE,COREINDEX,ISCOREDATA,ISHIGHLIGHT,ISBOLD,CONTENTCOLOR,REFENTER,MULTIPLELINES,DR,TS ) values  ( '1001A11LCP000007K01L','1001A11LCP000007K018','审批时间','approvedate','approvedate',120,null,null,null,null,'N','Y','Y',19,null,null,null,null,null,null,11,null,34,null,null,null,null,null,null,null,null,null,'N',null,'datetimepicker',null,null,null,null,null,'N','c20d2227-2ecd-44d8-bc4f-f5fcafe82248','1c340ee3-5ab6-4234-9390-e819946b16f3',null,null,null,null,null,null,null,null,null,null,null,null,null,null,null,null,null,null,null,null,null,null,null,null,null,null,null,null,null,0,null ) 
/

insert into PUB_FORM_PROPERTY ( PK_FORM_PROPERTY,AREAID,LABEL,CODE,METAPATH,WIDTH,REFCODE,ISNEXTROW,ISREVISE,ISTOTAL,REQUIRED,DISABLED,VISIBLE,MAXLENGTH,TEXTROWS,CREATOR,MODIFIER,CREATIONTIME,MODIFIEDTIME,RESID,POSITION,COLOR,DATATYPE,DATAVAL,SHOWFORMULA,EDITFORMULA,VALIDATEFORMULA,DEFAULTVAR,RELATEMETA,DEFINE1,DEFINE2,DEFINE3,ISMULTISELECTEDENABLED,METADATAPROPERTY,ITEMTYPE,REFNAME,METAID,ISCODE,COLNUM,DEFAULTVALUE,ISDEFINED,CLASSID,PROID,HYPERLINKFLAG,ONLYLEAFCANSELECT,MOBILETITLE,ISLOCK,ISRESLABEL,SHOWDATAVAL,SHOWFOCUS,ISSYNCSIDE,ISSYNCFOLD,ISSYNCLIST,ISDATAPOWERENABLE,ISCONVERTTIMEZONES,REFCONDITION,ISGROUPPOWER,EDITDISABLED,TABSKIP,ALIGNMENT,FROZEN,SHOWASRANGE,ANOTHERLINE,COLUMNNUM,ICONTYPE,COREINDEX,ISCOREDATA,ISHIGHLIGHT,ISBOLD,CONTENTCOLOR,REFENTER,MULTIPLELINES,DR,TS ) values  ( '1001A11LCP000007K01M','1001A11LCP000007K018','审批批语','approvenote','approvenote',120,null,null,null,null,'N','Y','Y',50,null,null,null,null,null,null,12,null,1,null,null,null,null,null,null,null,null,null,'N',null,'input',null,null,null,null,null,'N','c20d2227-2ecd-44d8-bc4f-f5fcafe82248','78d52b4a-7b02-4d6a-a261-9cb705bad8c8',null,null,null,null,null,null,null,null,null,null,null,null,null,null,null,null,null,null,null,null,null,null,null,null,null,null,null,null,null,0,null ) 
/

insert into PUB_FORM_PROPERTY ( PK_FORM_PROPERTY,AREAID,LABEL,CODE,METAPATH,WIDTH,REFCODE,ISNEXTROW,ISREVISE,ISTOTAL,REQUIRED,DISABLED,VISIBLE,MAXLENGTH,TEXTROWS,CREATOR,MODIFIER,CREATIONTIME,MODIFIEDTIME,RESID,POSITION,COLOR,DATATYPE,DATAVAL,SHOWFORMULA,EDITFORMULA,VALIDATEFORMULA,DEFAULTVAR,RELATEMETA,DEFINE1,DEFINE2,DEFINE3,ISMULTISELECTEDENABLED,METADATAPROPERTY,ITEMTYPE,REFNAME,METAID,ISCODE,COLNUM,DEFAULTVALUE,ISDEFINED,CLASSID,PROID,HYPERLINKFLAG,ONLYLEAFCANSELECT,MOBILETITLE,ISLOCK,ISRESLABEL,SHOWDATAVAL,SHOWFOCUS,ISSYNCSIDE,ISSYNCFOLD,ISSYNCLIST,ISDATAPOWERENABLE,ISCONVERTTIMEZONES,REFCONDITION,ISGROUPPOWER,EDITDISABLED,TABSKIP,ALIGNMENT,FROZEN,SHOWASRANGE,ANOTHERLINE,COLUMNNUM,ICONTYPE,COREINDEX,ISCOREDATA,ISHIGHLIGHT,ISBOLD,CONTENTCOLOR,REFENTER,MULTIPLELINES,DR,TS ) values  ( '1001A11LCP000007K01N','1001A11LCP000007K018','主键','pk_testmdmaster','pk_testmdmaster',120,null,null,null,null,'Y','N','N',20,null,null,null,null,null,null,13,null,51,null,null,null,null,null,null,null,null,null,'N',null,'input',null,null,null,null,null,'N','c20d2227-2ecd-44d8-bc4f-f5fcafe82248','7dc318ff-2837-4af2-b040-ada7efc6d6fa',null,null,null,null,null,null,null,null,null,null,null,null,null,null,null,null,null,null,null,null,null,null,null,null,null,null,null,null,null,0,null ) 
/

insert into PUB_FORM_PROPERTY ( PK_FORM_PROPERTY,AREAID,LABEL,CODE,METAPATH,WIDTH,REFCODE,ISNEXTROW,ISREVISE,ISTOTAL,REQUIRED,DISABLED,VISIBLE,MAXLENGTH,TEXTROWS,CREATOR,MODIFIER,CREATIONTIME,MODIFIEDTIME,RESID,POSITION,COLOR,DATATYPE,DATAVAL,SHOWFORMULA,EDITFORMULA,VALIDATEFORMULA,DEFAULTVAR,RELATEMETA,DEFINE1,DEFINE2,DEFINE3,ISMULTISELECTEDENABLED,METADATAPROPERTY,ITEMTYPE,REFNAME,METAID,ISCODE,COLNUM,DEFAULTVALUE,ISDEFINED,CLASSID,PROID,HYPERLINKFLAG,ONLYLEAFCANSELECT,MOBILETITLE,ISLOCK,ISRESLABEL,SHOWDATAVAL,SHOWFOCUS,ISSYNCSIDE,ISSYNCFOLD,ISSYNCLIST,ISDATAPOWERENABLE,ISCONVERTTIMEZONES,REFCONDITION,ISGROUPPOWER,EDITDISABLED,TABSKIP,ALIGNMENT,FROZEN,SHOWASRANGE,ANOTHERLINE,COLUMNNUM,ICONTYPE,COREINDEX,ISCOREDATA,ISHIGHLIGHT,ISBOLD,CONTENTCOLOR,REFENTER,MULTIPLELINES,DR,TS ) values  ( '1001A11LCP000007K01O','1001A11LCP000007K018','来源单据id','srcbillid','srcbillid',120,null,null,null,null,'N','N','N',50,null,null,null,null,null,null,14,null,1,null,null,null,null,null,null,null,null,null,'N',null,'input',null,null,null,null,null,'N','c20d2227-2ecd-44d8-bc4f-f5fcafe82248','58af1393-cb6f-4acb-abc5-4583da093d49',null,null,null,null,null,null,null,null,null,null,null,null,null,null,null,null,null,null,null,null,null,null,null,null,null,null,null,null,null,0,null ) 
/

insert into PUB_FORM_PROPERTY ( PK_FORM_PROPERTY,AREAID,LABEL,CODE,METAPATH,WIDTH,REFCODE,ISNEXTROW,ISREVISE,ISTOTAL,REQUIRED,DISABLED,VISIBLE,MAXLENGTH,TEXTROWS,CREATOR,MODIFIER,CREATIONTIME,MODIFIEDTIME,RESID,POSITION,COLOR,DATATYPE,DATAVAL,SHOWFORMULA,EDITFORMULA,VALIDATEFORMULA,DEFAULTVAR,RELATEMETA,DEFINE1,DEFINE2,DEFINE3,ISMULTISELECTEDENABLED,METADATAPROPERTY,ITEMTYPE,REFNAME,METAID,ISCODE,COLNUM,DEFAULTVALUE,ISDEFINED,CLASSID,PROID,HYPERLINKFLAG,ONLYLEAFCANSELECT,MOBILETITLE,ISLOCK,ISRESLABEL,SHOWDATAVAL,SHOWFOCUS,ISSYNCSIDE,ISSYNCFOLD,ISSYNCLIST,ISDATAPOWERENABLE,ISCONVERTTIMEZONES,REFCONDITION,ISGROUPPOWER,EDITDISABLED,TABSKIP,ALIGNMENT,FROZEN,SHOWASRANGE,ANOTHERLINE,COLUMNNUM,ICONTYPE,COREINDEX,ISCOREDATA,ISHIGHLIGHT,ISBOLD,CONTENTCOLOR,REFENTER,MULTIPLELINES,DR,TS ) values  ( '1001A11LCP000007K01P','1001A11LCP000007K018','制单人','billmaker','billmaker',120,'uap/refer/riart/userDefaultRefer/index',null,null,null,'N','Y','Y',20,null,null,null,null,null,null,15,null,204,'0001Z01000000001BVPB,code=N',null,null,null,null,null,null,null,null,'N','uap.user.user_name','refer','用户','f6f9a473-56c0-432f-8bc7-fbf8fde54fee',null,null,null,'N','c20d2227-2ecd-44d8-bc4f-f5fcafe82248','ca022d3e-65a2-4778-b0e0-55667456be33',null,null,null,null,null,null,null,null,null,null,null,null,null,null,null,null,null,null,null,null,null,null,null,null,null,null,null,null,null,0,null ) 
/

insert into PUB_FORM_PROPERTY ( PK_FORM_PROPERTY,AREAID,LABEL,CODE,METAPATH,WIDTH,REFCODE,ISNEXTROW,ISREVISE,ISTOTAL,REQUIRED,DISABLED,VISIBLE,MAXLENGTH,TEXTROWS,CREATOR,MODIFIER,CREATIONTIME,MODIFIEDTIME,RESID,POSITION,COLOR,DATATYPE,DATAVAL,SHOWFORMULA,EDITFORMULA,VALIDATEFORMULA,DEFAULTVAR,RELATEMETA,DEFINE1,DEFINE2,DEFINE3,ISMULTISELECTEDENABLED,METADATAPROPERTY,ITEMTYPE,REFNAME,METAID,ISCODE,COLNUM,DEFAULTVALUE,ISDEFINED,CLASSID,PROID,HYPERLINKFLAG,ONLYLEAFCANSELECT,MOBILETITLE,ISLOCK,ISRESLABEL,SHOWDATAVAL,SHOWFOCUS,ISSYNCSIDE,ISSYNCFOLD,ISSYNCLIST,ISDATAPOWERENABLE,ISCONVERTTIMEZONES,REFCONDITION,ISGROUPPOWER,EDITDISABLED,TABSKIP,ALIGNMENT,FROZEN,SHOWASRANGE,ANOTHERLINE,COLUMNNUM,ICONTYPE,COREINDEX,ISCOREDATA,ISHIGHLIGHT,ISBOLD,CONTENTCOLOR,REFENTER,MULTIPLELINES,DR,TS ) values  ( '1001A11LCP000007K01Q','1001A11LCP000007K018','单据版本pk','billversionpk','billversionpk',120,null,null,null,null,'N','N','N',50,null,null,null,null,null,null,16,null,1,null,null,null,null,null,null,null,null,null,'N',null,'input',null,null,null,null,null,'N','c20d2227-2ecd-44d8-bc4f-f5fcafe82248','c1ee19b0-bce4-4ac7-8242-ce24a8cc7a0e',null,null,null,null,null,null,null,null,null,null,null,null,null,null,null,null,null,null,null,null,null,null,null,null,null,null,null,null,null,0,null ) 
/

insert into PUB_FORM_PROPERTY ( PK_FORM_PROPERTY,AREAID,LABEL,CODE,METAPATH,WIDTH,REFCODE,ISNEXTROW,ISREVISE,ISTOTAL,REQUIRED,DISABLED,VISIBLE,MAXLENGTH,TEXTROWS,CREATOR,MODIFIER,CREATIONTIME,MODIFIEDTIME,RESID,POSITION,COLOR,DATATYPE,DATAVAL,SHOWFORMULA,EDITFORMULA,VALIDATEFORMULA,DEFAULTVAR,RELATEMETA,DEFINE1,DEFINE2,DEFINE3,ISMULTISELECTEDENABLED,METADATAPROPERTY,ITEMTYPE,REFNAME,METAID,ISCODE,COLNUM,DEFAULTVALUE,ISDEFINED,CLASSID,PROID,HYPERLINKFLAG,ONLYLEAFCANSELECT,MOBILETITLE,ISLOCK,ISRESLABEL,SHOWDATAVAL,SHOWFOCUS,ISSYNCSIDE,ISSYNCFOLD,ISSYNCLIST,ISDATAPOWERENABLE,ISCONVERTTIMEZONES,REFCONDITION,ISGROUPPOWER,EDITDISABLED,TABSKIP,ALIGNMENT,FROZEN,SHOWASRANGE,ANOTHERLINE,COLUMNNUM,ICONTYPE,COREINDEX,ISCOREDATA,ISHIGHLIGHT,ISBOLD,CONTENTCOLOR,REFENTER,MULTIPLELINES,DR,TS ) values  ( '1001A11LCP000007K01R','1001A11LCP000007K018','制单时间','maketime','maketime',120,null,null,null,null,'N','Y','Y',19,null,null,null,null,null,null,17,null,34,null,null,null,null,null,null,null,null,null,'N',null,'datetimepicker',null,null,null,null,null,'N','c20d2227-2ecd-44d8-bc4f-f5fcafe82248','44304132-72f3-403a-8106-7db8e105f0d0',null,null,null,null,null,null,null,null,null,null,null,null,null,null,null,null,null,null,null,null,null,null,null,null,null,null,null,null,null,0,null ) 
/

insert into PUB_FORM_PROPERTY ( PK_FORM_PROPERTY,AREAID,LABEL,CODE,METAPATH,WIDTH,REFCODE,ISNEXTROW,ISREVISE,ISTOTAL,REQUIRED,DISABLED,VISIBLE,MAXLENGTH,TEXTROWS,CREATOR,MODIFIER,CREATIONTIME,MODIFIEDTIME,RESID,POSITION,COLOR,DATATYPE,DATAVAL,SHOWFORMULA,EDITFORMULA,VALIDATEFORMULA,DEFAULTVAR,RELATEMETA,DEFINE1,DEFINE2,DEFINE3,ISMULTISELECTEDENABLED,METADATAPROPERTY,ITEMTYPE,REFNAME,METAID,ISCODE,COLNUM,DEFAULTVALUE,ISDEFINED,CLASSID,PROID,HYPERLINKFLAG,ONLYLEAFCANSELECT,MOBILETITLE,ISLOCK,ISRESLABEL,SHOWDATAVAL,SHOWFOCUS,ISSYNCSIDE,ISSYNCFOLD,ISSYNCLIST,ISDATAPOWERENABLE,ISCONVERTTIMEZONES,REFCONDITION,ISGROUPPOWER,EDITDISABLED,TABSKIP,ALIGNMENT,FROZEN,SHOWASRANGE,ANOTHERLINE,COLUMNNUM,ICONTYPE,COREINDEX,ISCOREDATA,ISHIGHLIGHT,ISBOLD,CONTENTCOLOR,REFENTER,MULTIPLELINES,DR,TS ) values  ( '1001A11LCP000007K01S','1001A11LCP000007K018','最后修改时间1','lastmaketime','lastmaketime',120,null,null,null,null,'N','Y','Y',19,null,null,null,null,null,null,18,null,34,null,null,null,null,null,null,null,null,null,'N',null,'datetimepicker',null,null,null,null,null,'N','c20d2227-2ecd-44d8-bc4f-f5fcafe82248','b17fd37c-58af-4193-b97e-9d5a54e36b7c',null,null,null,null,null,null,null,null,null,null,null,null,null,null,null,null,null,null,null,null,null,null,null,null,null,null,null,null,null,0,null ) 
/

insert into PUB_FORM_PROPERTY ( PK_FORM_PROPERTY,AREAID,LABEL,CODE,METAPATH,WIDTH,REFCODE,ISNEXTROW,ISREVISE,ISTOTAL,REQUIRED,DISABLED,VISIBLE,MAXLENGTH,TEXTROWS,CREATOR,MODIFIER,CREATIONTIME,MODIFIEDTIME,RESID,POSITION,COLOR,DATATYPE,DATAVAL,SHOWFORMULA,EDITFORMULA,VALIDATEFORMULA,DEFAULTVAR,RELATEMETA,DEFINE1,DEFINE2,DEFINE3,ISMULTISELECTEDENABLED,METADATAPROPERTY,ITEMTYPE,REFNAME,METAID,ISCODE,COLNUM,DEFAULTVALUE,ISDEFINED,CLASSID,PROID,HYPERLINKFLAG,ONLYLEAFCANSELECT,MOBILETITLE,ISLOCK,ISRESLABEL,SHOWDATAVAL,SHOWFOCUS,ISSYNCSIDE,ISSYNCFOLD,ISSYNCLIST,ISDATAPOWERENABLE,ISCONVERTTIMEZONES,REFCONDITION,ISGROUPPOWER,EDITDISABLED,TABSKIP,ALIGNMENT,FROZEN,SHOWASRANGE,ANOTHERLINE,COLUMNNUM,ICONTYPE,COREINDEX,ISCOREDATA,ISHIGHLIGHT,ISBOLD,CONTENTCOLOR,REFENTER,MULTIPLELINES,DR,TS ) values  ( '1001A11LCP000007K01T','1001A11LCP000007K018','修订枚举','emendenum','emendenum',120,null,null,null,null,'N','N','N',5,null,null,null,null,null,null,18,null,4,'-2147483648,2147483647',null,null,null,null,null,null,null,null,'N',null,'number',null,null,null,null,null,'N','c20d2227-2ecd-44d8-bc4f-f5fcafe82248','47d51080-8182-4bb6-9bba-3971213dbb79',null,null,null,null,null,null,null,null,null,null,null,null,null,null,null,null,null,null,null,null,null,null,null,null,null,null,null,null,null,0,null ) 
/

insert into PUB_FORM_PROPERTY ( PK_FORM_PROPERTY,AREAID,LABEL,CODE,METAPATH,WIDTH,REFCODE,ISNEXTROW,ISREVISE,ISTOTAL,REQUIRED,DISABLED,VISIBLE,MAXLENGTH,TEXTROWS,CREATOR,MODIFIER,CREATIONTIME,MODIFIEDTIME,RESID,POSITION,COLOR,DATATYPE,DATAVAL,SHOWFORMULA,EDITFORMULA,VALIDATEFORMULA,DEFAULTVAR,RELATEMETA,DEFINE1,DEFINE2,DEFINE3,ISMULTISELECTEDENABLED,METADATAPROPERTY,ITEMTYPE,REFNAME,METAID,ISCODE,COLNUM,DEFAULTVALUE,ISDEFINED,CLASSID,PROID,HYPERLINKFLAG,ONLYLEAFCANSELECT,MOBILETITLE,ISLOCK,ISRESLABEL,SHOWDATAVAL,SHOWFOCUS,ISSYNCSIDE,ISSYNCFOLD,ISSYNCLIST,ISDATAPOWERENABLE,ISCONVERTTIMEZONES,REFCONDITION,ISGROUPPOWER,EDITDISABLED,TABSKIP,ALIGNMENT,FROZEN,SHOWASRANGE,ANOTHERLINE,COLUMNNUM,ICONTYPE,COREINDEX,ISCOREDATA,ISHIGHLIGHT,ISBOLD,CONTENTCOLOR,REFENTER,MULTIPLELINES,DR,TS ) values  ( '1001A11LCP000007K01U','1001A11LCP000007K018','组织多版本','pk_org_v','pk_org_v',120,'uapbd/refer/orgv/BusinessUnitVersionTreeRef/index',null,null,null,'N','N','N',20,null,null,null,null,null,null,19,null,204,'0001Z01000000002V000,code=N',null,null,null,null,null,null,null,null,'N','uap.org_v.name','refer','业务单元版本','da7bba89-9a59-42d6-a262-c13ef459dbd9',null,null,null,'N','c20d2227-2ecd-44d8-bc4f-f5fcafe82248','e64e8e75-ed43-4401-bf68-61fb48809f67',null,null,null,null,null,null,null,null,null,null,null,null,null,null,null,null,null,null,null,null,null,null,null,null,null,null,null,null,null,0,null ) 
/

insert into PUB_FORM_PROPERTY ( PK_FORM_PROPERTY,AREAID,LABEL,CODE,METAPATH,WIDTH,REFCODE,ISNEXTROW,ISREVISE,ISTOTAL,REQUIRED,DISABLED,VISIBLE,MAXLENGTH,TEXTROWS,CREATOR,MODIFIER,CREATIONTIME,MODIFIEDTIME,RESID,POSITION,COLOR,DATATYPE,DATAVAL,SHOWFORMULA,EDITFORMULA,VALIDATEFORMULA,DEFAULTVAR,RELATEMETA,DEFINE1,DEFINE2,DEFINE3,ISMULTISELECTEDENABLED,METADATAPROPERTY,ITEMTYPE,REFNAME,METAID,ISCODE,COLNUM,DEFAULTVALUE,ISDEFINED,CLASSID,PROID,HYPERLINKFLAG,ONLYLEAFCANSELECT,MOBILETITLE,ISLOCK,ISRESLABEL,SHOWDATAVAL,SHOWFOCUS,ISSYNCSIDE,ISSYNCFOLD,ISSYNCLIST,ISDATAPOWERENABLE,ISCONVERTTIMEZONES,REFCONDITION,ISGROUPPOWER,EDITDISABLED,TABSKIP,ALIGNMENT,FROZEN,SHOWASRANGE,ANOTHERLINE,COLUMNNUM,ICONTYPE,COREINDEX,ISCOREDATA,ISHIGHLIGHT,ISBOLD,CONTENTCOLOR,REFENTER,MULTIPLELINES,DR,TS ) values  ( '1001A11LCP000007K01V','1001A11LCP000007K019','创建人','creator','creator',120,'uap/refer/riart/userDefaultRefer/index',null,null,null,'N','Y','Y',20,null,null,null,null,null,null,0,null,204,'0001Z01000000001BVPB,code=N',null,null,null,null,null,null,null,null,'N','uap.user.user_name','refer','用户','f6f9a473-56c0-432f-8bc7-fbf8fde54fee',null,null,null,'N','c20d2227-2ecd-44d8-bc4f-f5fcafe82248','ee8550c6-dcdd-4f88-96e5-f157e3601a55',null,null,null,null,null,null,null,null,null,null,null,null,null,null,null,null,null,null,null,null,null,null,null,null,null,null,null,null,null,0,null ) 
/

insert into PUB_FORM_PROPERTY ( PK_FORM_PROPERTY,AREAID,LABEL,CODE,METAPATH,WIDTH,REFCODE,ISNEXTROW,ISREVISE,ISTOTAL,REQUIRED,DISABLED,VISIBLE,MAXLENGTH,TEXTROWS,CREATOR,MODIFIER,CREATIONTIME,MODIFIEDTIME,RESID,POSITION,COLOR,DATATYPE,DATAVAL,SHOWFORMULA,EDITFORMULA,VALIDATEFORMULA,DEFAULTVAR,RELATEMETA,DEFINE1,DEFINE2,DEFINE3,ISMULTISELECTEDENABLED,METADATAPROPERTY,ITEMTYPE,REFNAME,METAID,ISCODE,COLNUM,DEFAULTVALUE,ISDEFINED,CLASSID,PROID,HYPERLINKFLAG,ONLYLEAFCANSELECT,MOBILETITLE,ISLOCK,ISRESLABEL,SHOWDATAVAL,SHOWFOCUS,ISSYNCSIDE,ISSYNCFOLD,ISSYNCLIST,ISDATAPOWERENABLE,ISCONVERTTIMEZONES,REFCONDITION,ISGROUPPOWER,EDITDISABLED,TABSKIP,ALIGNMENT,FROZEN,SHOWASRANGE,ANOTHERLINE,COLUMNNUM,ICONTYPE,COREINDEX,ISCOREDATA,ISHIGHLIGHT,ISBOLD,CONTENTCOLOR,REFENTER,MULTIPLELINES,DR,TS ) values  ( '1001A11LCP000007K01W','1001A11LCP000007K019','创建时间','creationtime','creationtime',120,null,null,null,null,'N','Y','Y',19,null,null,null,null,null,null,1,null,34,null,null,null,null,null,null,null,null,null,'N',null,'datetimepicker',null,null,null,null,null,'N','c20d2227-2ecd-44d8-bc4f-f5fcafe82248','59b1702f-4669-4941-91b0-0cb4de24ea03',null,null,null,null,null,null,null,null,null,null,null,null,null,null,null,null,null,null,null,null,null,null,null,null,null,null,null,null,null,0,null ) 
/

insert into PUB_FORM_PROPERTY ( PK_FORM_PROPERTY,AREAID,LABEL,CODE,METAPATH,WIDTH,REFCODE,ISNEXTROW,ISREVISE,ISTOTAL,REQUIRED,DISABLED,VISIBLE,MAXLENGTH,TEXTROWS,CREATOR,MODIFIER,CREATIONTIME,MODIFIEDTIME,RESID,POSITION,COLOR,DATATYPE,DATAVAL,SHOWFORMULA,EDITFORMULA,VALIDATEFORMULA,DEFAULTVAR,RELATEMETA,DEFINE1,DEFINE2,DEFINE3,ISMULTISELECTEDENABLED,METADATAPROPERTY,ITEMTYPE,REFNAME,METAID,ISCODE,COLNUM,DEFAULTVALUE,ISDEFINED,CLASSID,PROID,HYPERLINKFLAG,ONLYLEAFCANSELECT,MOBILETITLE,ISLOCK,ISRESLABEL,SHOWDATAVAL,SHOWFOCUS,ISSYNCSIDE,ISSYNCFOLD,ISSYNCLIST,ISDATAPOWERENABLE,ISCONVERTTIMEZONES,REFCONDITION,ISGROUPPOWER,EDITDISABLED,TABSKIP,ALIGNMENT,FROZEN,SHOWASRANGE,ANOTHERLINE,COLUMNNUM,ICONTYPE,COREINDEX,ISCOREDATA,ISHIGHLIGHT,ISBOLD,CONTENTCOLOR,REFENTER,MULTIPLELINES,DR,TS ) values  ( '1001A11LCP000007K01X','1001A11LCP000007K019','最后修改人','modifier','modifier',120,'uap/refer/riart/userDefaultRefer/index',null,null,null,'N','Y','Y',20,null,null,null,null,null,null,2,null,204,'0001Z01000000001BVPB,code=N',null,null,null,null,null,null,null,null,'N','uap.user.user_name','refer','用户','f6f9a473-56c0-432f-8bc7-fbf8fde54fee',null,null,null,'N','c20d2227-2ecd-44d8-bc4f-f5fcafe82248','d8216a47-88d2-455a-96bb-78f8de12abe9',null,null,null,null,null,null,null,null,null,null,null,null,null,null,null,null,null,null,null,null,null,null,null,null,null,null,null,null,null,0,null ) 
/

insert into PUB_FORM_PROPERTY ( PK_FORM_PROPERTY,AREAID,LABEL,CODE,METAPATH,WIDTH,REFCODE,ISNEXTROW,ISREVISE,ISTOTAL,REQUIRED,DISABLED,VISIBLE,MAXLENGTH,TEXTROWS,CREATOR,MODIFIER,CREATIONTIME,MODIFIEDTIME,RESID,POSITION,COLOR,DATATYPE,DATAVAL,SHOWFORMULA,EDITFORMULA,VALIDATEFORMULA,DEFAULTVAR,RELATEMETA,DEFINE1,DEFINE2,DEFINE3,ISMULTISELECTEDENABLED,METADATAPROPERTY,ITEMTYPE,REFNAME,METAID,ISCODE,COLNUM,DEFAULTVALUE,ISDEFINED,CLASSID,PROID,HYPERLINKFLAG,ONLYLEAFCANSELECT,MOBILETITLE,ISLOCK,ISRESLABEL,SHOWDATAVAL,SHOWFOCUS,ISSYNCSIDE,ISSYNCFOLD,ISSYNCLIST,ISDATAPOWERENABLE,ISCONVERTTIMEZONES,REFCONDITION,ISGROUPPOWER,EDITDISABLED,TABSKIP,ALIGNMENT,FROZEN,SHOWASRANGE,ANOTHERLINE,COLUMNNUM,ICONTYPE,COREINDEX,ISCOREDATA,ISHIGHLIGHT,ISBOLD,CONTENTCOLOR,REFENTER,MULTIPLELINES,DR,TS ) values  ( '1001A11LCP000007K01Y','1001A11LCP000007K019','最后修改时间','modifiedtime','modifiedtime',120,null,null,null,null,'N','Y','Y',19,null,null,null,null,null,null,3,null,34,null,null,null,null,null,null,null,null,null,'N',null,'datetimepicker',null,null,null,null,null,'N','c20d2227-2ecd-44d8-bc4f-f5fcafe82248','62ea3138-a8df-40f5-8ca9-35a161797955',null,null,null,null,null,null,null,null,null,null,null,null,null,null,null,null,null,null,null,null,null,null,null,null,null,null,null,null,null,0,null ) 
/

insert into PUB_AREA ( PK_AREA,CODE,NAME,AREATYPE,ASSOCIATEDTABLAYOUT,TEMPLETID,CREATOR,MODIFIER,CREATIONTIME,MODIFIEDTIME,RESID,RELATIONCODE,AREASTATUS,PAGINATION,CLAZZ,METAID,METANAME,ASSOCIATEDTAB,POSITION,METASPACE,AREADESC,TABHEADCODE,ISUNFOLD,ISGRANDSON,AREAHIDE,ISCLOSEQUICKQUERY,PAGESIZE,MAINNESTAREACODE,COLUMNNUM,ICONTYPE,DR,TS ) values  ( '1001A11LCP000007K018','testmdMasterForm','主实体_主表单',1,'horizontal','1001A11LCP000007K017',null,null,null,null,null,null,'browse','','nc.vo.testmd.testmd.TestmdMasterVO','c20d2227-2ecd-44d8-bc4f-f5fcafe82248','主实体',null,0,'testmd.testmdMaster',null,null,null,'N',null,null,null,null,null,null,0,null ) 
/

insert into PUB_AREA ( PK_AREA,CODE,NAME,AREATYPE,ASSOCIATEDTABLAYOUT,TEMPLETID,CREATOR,MODIFIER,CREATIONTIME,MODIFIEDTIME,RESID,RELATIONCODE,AREASTATUS,PAGINATION,CLAZZ,METAID,METANAME,ASSOCIATEDTAB,POSITION,METASPACE,AREADESC,TABHEADCODE,ISUNFOLD,ISGRANDSON,AREAHIDE,ISCLOSEQUICKQUERY,PAGESIZE,MAINNESTAREACODE,COLUMNNUM,ICONTYPE,DR,TS ) values  ( '1001A11LCP000007K019','testmdMasterAudit','操作信息',1,'horizontal','1001A11LCP000007K017',null,null,null,null,null,'testmdMasterForm','browse','','nc.vo.testmd.testmd.TestmdMasterVO','c20d2227-2ecd-44d8-bc4f-f5fcafe82248','主实体',null,1,'testmd.testmdMaster',null,null,null,'N',null,null,null,null,null,null,0,null ) 
/

insert into PUB_FORM_PROPERTY ( PK_FORM_PROPERTY,AREAID,LABEL,CODE,METAPATH,WIDTH,REFCODE,ISNEXTROW,ISREVISE,ISTOTAL,REQUIRED,DISABLED,VISIBLE,MAXLENGTH,TEXTROWS,CREATOR,MODIFIER,CREATIONTIME,MODIFIEDTIME,RESID,POSITION,COLOR,DATATYPE,DATAVAL,SHOWFORMULA,EDITFORMULA,VALIDATEFORMULA,DEFAULTVAR,RELATEMETA,DEFINE1,DEFINE2,DEFINE3,ISMULTISELECTEDENABLED,METADATAPROPERTY,ITEMTYPE,REFNAME,METAID,ISCODE,COLNUM,DEFAULTVALUE,ISDEFINED,CLASSID,PROID,HYPERLINKFLAG,ONLYLEAFCANSELECT,MOBILETITLE,ISLOCK,ISRESLABEL,SHOWDATAVAL,SHOWFOCUS,ISSYNCSIDE,ISSYNCFOLD,ISSYNCLIST,ISDATAPOWERENABLE,ISCONVERTTIMEZONES,REFCONDITION,ISGROUPPOWER,EDITDISABLED,TABSKIP,ALIGNMENT,FROZEN,SHOWASRANGE,ANOTHERLINE,COLUMNNUM,ICONTYPE,COREINDEX,ISCOREDATA,ISHIGHLIGHT,ISBOLD,CONTENTCOLOR,REFENTER,MULTIPLELINES,DR,TS ) values  ( '1001A11LCP000007K022','1001A11LCP000007K01Z','行号','rowno','rowno',120,null,null,null,null,'N','N','Y',50,null,null,null,null,null,null,0,null,1,null,null,null,null,null,null,null,null,null,'N',null,'input',null,null,null,null,null,'N','8ac0927f-d8fe-4c7a-b892-ba25a16495d0','d15a27ac-71d8-4fee-a010-3c09684dc17a',null,null,null,null,null,null,null,null,null,null,null,null,null,null,null,null,null,null,null,null,null,null,null,null,null,null,null,null,null,0,null ) 
/

insert into PUB_FORM_PROPERTY ( PK_FORM_PROPERTY,AREAID,LABEL,CODE,METAPATH,WIDTH,REFCODE,ISNEXTROW,ISREVISE,ISTOTAL,REQUIRED,DISABLED,VISIBLE,MAXLENGTH,TEXTROWS,CREATOR,MODIFIER,CREATIONTIME,MODIFIEDTIME,RESID,POSITION,COLOR,DATATYPE,DATAVAL,SHOWFORMULA,EDITFORMULA,VALIDATEFORMULA,DEFAULTVAR,RELATEMETA,DEFINE1,DEFINE2,DEFINE3,ISMULTISELECTEDENABLED,METADATAPROPERTY,ITEMTYPE,REFNAME,METAID,ISCODE,COLNUM,DEFAULTVALUE,ISDEFINED,CLASSID,PROID,HYPERLINKFLAG,ONLYLEAFCANSELECT,MOBILETITLE,ISLOCK,ISRESLABEL,SHOWDATAVAL,SHOWFOCUS,ISSYNCSIDE,ISSYNCFOLD,ISSYNCLIST,ISDATAPOWERENABLE,ISCONVERTTIMEZONES,REFCONDITION,ISGROUPPOWER,EDITDISABLED,TABSKIP,ALIGNMENT,FROZEN,SHOWASRANGE,ANOTHERLINE,COLUMNNUM,ICONTYPE,COREINDEX,ISCOREDATA,ISHIGHLIGHT,ISBOLD,CONTENTCOLOR,REFENTER,MULTIPLELINES,DR,TS ) values  ( '1001A11LCP000007K023','1001A11LCP000007K01Z','主键','pk_testmdslave0','pk_testmdslave0',120,null,null,null,null,'Y','N','N',20,null,null,null,null,null,null,1,null,51,null,null,null,null,null,null,null,null,null,'N',null,'input',null,null,null,null,null,'N','8ac0927f-d8fe-4c7a-b892-ba25a16495d0','f8e84a0f-71c8-4fdf-8a0e-9f796f7f6e4a',null,null,null,null,null,null,null,null,null,null,null,null,null,null,null,null,null,null,null,null,null,null,null,null,null,null,null,null,null,0,null ) 
/

insert into PUB_FORM_PROPERTY ( PK_FORM_PROPERTY,AREAID,LABEL,CODE,METAPATH,WIDTH,REFCODE,ISNEXTROW,ISREVISE,ISTOTAL,REQUIRED,DISABLED,VISIBLE,MAXLENGTH,TEXTROWS,CREATOR,MODIFIER,CREATIONTIME,MODIFIEDTIME,RESID,POSITION,COLOR,DATATYPE,DATAVAL,SHOWFORMULA,EDITFORMULA,VALIDATEFORMULA,DEFAULTVAR,RELATEMETA,DEFINE1,DEFINE2,DEFINE3,ISMULTISELECTEDENABLED,METADATAPROPERTY,ITEMTYPE,REFNAME,METAID,ISCODE,COLNUM,DEFAULTVALUE,ISDEFINED,CLASSID,PROID,HYPERLINKFLAG,ONLYLEAFCANSELECT,MOBILETITLE,ISLOCK,ISRESLABEL,SHOWDATAVAL,SHOWFOCUS,ISSYNCSIDE,ISSYNCFOLD,ISSYNCLIST,ISDATAPOWERENABLE,ISCONVERTTIMEZONES,REFCONDITION,ISGROUPPOWER,EDITDISABLED,TABSKIP,ALIGNMENT,FROZEN,SHOWASRANGE,ANOTHERLINE,COLUMNNUM,ICONTYPE,COREINDEX,ISCOREDATA,ISHIGHLIGHT,ISBOLD,CONTENTCOLOR,REFENTER,MULTIPLELINES,DR,TS ) values  ( '1001A11LCP000007K024','1001A11LCP000007K01Z','来源行号','srcrowno','srcrowno',120,null,null,null,null,'N','N','N',50,null,null,null,null,null,null,2,null,1,null,null,null,null,null,null,null,null,null,'N',null,'input',null,null,null,null,null,'N','8ac0927f-d8fe-4c7a-b892-ba25a16495d0','d67ee7e6-d930-4246-a53e-bc47215275ff',null,null,null,null,null,null,null,null,null,null,null,null,null,null,null,null,null,null,null,null,null,null,null,null,null,null,null,null,null,0,null ) 
/

insert into PUB_FORM_PROPERTY ( PK_FORM_PROPERTY,AREAID,LABEL,CODE,METAPATH,WIDTH,REFCODE,ISNEXTROW,ISREVISE,ISTOTAL,REQUIRED,DISABLED,VISIBLE,MAXLENGTH,TEXTROWS,CREATOR,MODIFIER,CREATIONTIME,MODIFIEDTIME,RESID,POSITION,COLOR,DATATYPE,DATAVAL,SHOWFORMULA,EDITFORMULA,VALIDATEFORMULA,DEFAULTVAR,RELATEMETA,DEFINE1,DEFINE2,DEFINE3,ISMULTISELECTEDENABLED,METADATAPROPERTY,ITEMTYPE,REFNAME,METAID,ISCODE,COLNUM,DEFAULTVALUE,ISDEFINED,CLASSID,PROID,HYPERLINKFLAG,ONLYLEAFCANSELECT,MOBILETITLE,ISLOCK,ISRESLABEL,SHOWDATAVAL,SHOWFOCUS,ISSYNCSIDE,ISSYNCFOLD,ISSYNCLIST,ISDATAPOWERENABLE,ISCONVERTTIMEZONES,REFCONDITION,ISGROUPPOWER,EDITDISABLED,TABSKIP,ALIGNMENT,FROZEN,SHOWASRANGE,ANOTHERLINE,COLUMNNUM,ICONTYPE,COREINDEX,ISCOREDATA,ISHIGHLIGHT,ISBOLD,CONTENTCOLOR,REFENTER,MULTIPLELINES,DR,TS ) values  ( '1001A11LCP000007K025','1001A11LCP000007K020','行号','rowno','rowno',120,null,null,null,null,'N','N','Y',50,null,null,null,null,null,null,0,null,1,null,null,null,null,null,null,null,null,null,'N',null,'input',null,null,null,null,null,'N','8ac0927f-d8fe-4c7a-b892-ba25a16495d0','d15a27ac-71d8-4fee-a010-3c09684dc17a',null,null,null,null,null,null,null,null,null,null,null,null,null,null,null,null,null,null,null,null,null,null,null,null,null,null,null,null,null,0,null ) 
/

insert into PUB_FORM_PROPERTY ( PK_FORM_PROPERTY,AREAID,LABEL,CODE,METAPATH,WIDTH,REFCODE,ISNEXTROW,ISREVISE,ISTOTAL,REQUIRED,DISABLED,VISIBLE,MAXLENGTH,TEXTROWS,CREATOR,MODIFIER,CREATIONTIME,MODIFIEDTIME,RESID,POSITION,COLOR,DATATYPE,DATAVAL,SHOWFORMULA,EDITFORMULA,VALIDATEFORMULA,DEFAULTVAR,RELATEMETA,DEFINE1,DEFINE2,DEFINE3,ISMULTISELECTEDENABLED,METADATAPROPERTY,ITEMTYPE,REFNAME,METAID,ISCODE,COLNUM,DEFAULTVALUE,ISDEFINED,CLASSID,PROID,HYPERLINKFLAG,ONLYLEAFCANSELECT,MOBILETITLE,ISLOCK,ISRESLABEL,SHOWDATAVAL,SHOWFOCUS,ISSYNCSIDE,ISSYNCFOLD,ISSYNCLIST,ISDATAPOWERENABLE,ISCONVERTTIMEZONES,REFCONDITION,ISGROUPPOWER,EDITDISABLED,TABSKIP,ALIGNMENT,FROZEN,SHOWASRANGE,ANOTHERLINE,COLUMNNUM,ICONTYPE,COREINDEX,ISCOREDATA,ISHIGHLIGHT,ISBOLD,CONTENTCOLOR,REFENTER,MULTIPLELINES,DR,TS ) values  ( '1001A11LCP000007K026','1001A11LCP000007K020','主键','pk_testmdslave0','pk_testmdslave0',120,null,null,null,null,'Y','N','N',20,null,null,null,null,null,null,1,null,51,null,null,null,null,null,null,null,null,null,'N',null,'input',null,null,null,null,null,'N','8ac0927f-d8fe-4c7a-b892-ba25a16495d0','f8e84a0f-71c8-4fdf-8a0e-9f796f7f6e4a',null,null,null,null,null,null,null,null,null,null,null,null,null,null,null,null,null,null,null,null,null,null,null,null,null,null,null,null,null,0,null ) 
/

insert into PUB_FORM_PROPERTY ( PK_FORM_PROPERTY,AREAID,LABEL,CODE,METAPATH,WIDTH,REFCODE,ISNEXTROW,ISREVISE,ISTOTAL,REQUIRED,DISABLED,VISIBLE,MAXLENGTH,TEXTROWS,CREATOR,MODIFIER,CREATIONTIME,MODIFIEDTIME,RESID,POSITION,COLOR,DATATYPE,DATAVAL,SHOWFORMULA,EDITFORMULA,VALIDATEFORMULA,DEFAULTVAR,RELATEMETA,DEFINE1,DEFINE2,DEFINE3,ISMULTISELECTEDENABLED,METADATAPROPERTY,ITEMTYPE,REFNAME,METAID,ISCODE,COLNUM,DEFAULTVALUE,ISDEFINED,CLASSID,PROID,HYPERLINKFLAG,ONLYLEAFCANSELECT,MOBILETITLE,ISLOCK,ISRESLABEL,SHOWDATAVAL,SHOWFOCUS,ISSYNCSIDE,ISSYNCFOLD,ISSYNCLIST,ISDATAPOWERENABLE,ISCONVERTTIMEZONES,REFCONDITION,ISGROUPPOWER,EDITDISABLED,TABSKIP,ALIGNMENT,FROZEN,SHOWASRANGE,ANOTHERLINE,COLUMNNUM,ICONTYPE,COREINDEX,ISCOREDATA,ISHIGHLIGHT,ISBOLD,CONTENTCOLOR,REFENTER,MULTIPLELINES,DR,TS ) values  ( '1001A11LCP000007K027','1001A11LCP000007K020','来源行号','srcrowno','srcrowno',120,null,null,null,null,'N','N','N',50,null,null,null,null,null,null,2,null,1,null,null,null,null,null,null,null,null,null,'N',null,'input',null,null,null,null,null,'N','8ac0927f-d8fe-4c7a-b892-ba25a16495d0','d67ee7e6-d930-4246-a53e-bc47215275ff',null,null,null,null,null,null,null,null,null,null,null,null,null,null,null,null,null,null,null,null,null,null,null,null,null,null,null,null,null,0,null ) 
/

insert into PUB_FORM_PROPERTY ( PK_FORM_PROPERTY,AREAID,LABEL,CODE,METAPATH,WIDTH,REFCODE,ISNEXTROW,ISREVISE,ISTOTAL,REQUIRED,DISABLED,VISIBLE,MAXLENGTH,TEXTROWS,CREATOR,MODIFIER,CREATIONTIME,MODIFIEDTIME,RESID,POSITION,COLOR,DATATYPE,DATAVAL,SHOWFORMULA,EDITFORMULA,VALIDATEFORMULA,DEFAULTVAR,RELATEMETA,DEFINE1,DEFINE2,DEFINE3,ISMULTISELECTEDENABLED,METADATAPROPERTY,ITEMTYPE,REFNAME,METAID,ISCODE,COLNUM,DEFAULTVALUE,ISDEFINED,CLASSID,PROID,HYPERLINKFLAG,ONLYLEAFCANSELECT,MOBILETITLE,ISLOCK,ISRESLABEL,SHOWDATAVAL,SHOWFOCUS,ISSYNCSIDE,ISSYNCFOLD,ISSYNCLIST,ISDATAPOWERENABLE,ISCONVERTTIMEZONES,REFCONDITION,ISGROUPPOWER,EDITDISABLED,TABSKIP,ALIGNMENT,FROZEN,SHOWASRANGE,ANOTHERLINE,COLUMNNUM,ICONTYPE,COREINDEX,ISCOREDATA,ISHIGHLIGHT,ISBOLD,CONTENTCOLOR,REFENTER,MULTIPLELINES,DR,TS ) values  ( '1001A11LCP000007K028','1001A11LCP000007K021','行号','rowno','rowno',120,null,null,null,null,'N','N','Y',50,null,null,null,null,null,null,0,null,1,null,null,null,null,null,null,null,null,null,'N',null,'input',null,null,null,null,null,'N','8ac0927f-d8fe-4c7a-b892-ba25a16495d0','d15a27ac-71d8-4fee-a010-3c09684dc17a',null,null,null,null,null,null,null,null,null,null,null,null,null,null,null,null,null,null,null,null,null,null,null,null,null,null,null,null,null,0,null ) 
/

insert into PUB_FORM_PROPERTY ( PK_FORM_PROPERTY,AREAID,LABEL,CODE,METAPATH,WIDTH,REFCODE,ISNEXTROW,ISREVISE,ISTOTAL,REQUIRED,DISABLED,VISIBLE,MAXLENGTH,TEXTROWS,CREATOR,MODIFIER,CREATIONTIME,MODIFIEDTIME,RESID,POSITION,COLOR,DATATYPE,DATAVAL,SHOWFORMULA,EDITFORMULA,VALIDATEFORMULA,DEFAULTVAR,RELATEMETA,DEFINE1,DEFINE2,DEFINE3,ISMULTISELECTEDENABLED,METADATAPROPERTY,ITEMTYPE,REFNAME,METAID,ISCODE,COLNUM,DEFAULTVALUE,ISDEFINED,CLASSID,PROID,HYPERLINKFLAG,ONLYLEAFCANSELECT,MOBILETITLE,ISLOCK,ISRESLABEL,SHOWDATAVAL,SHOWFOCUS,ISSYNCSIDE,ISSYNCFOLD,ISSYNCLIST,ISDATAPOWERENABLE,ISCONVERTTIMEZONES,REFCONDITION,ISGROUPPOWER,EDITDISABLED,TABSKIP,ALIGNMENT,FROZEN,SHOWASRANGE,ANOTHERLINE,COLUMNNUM,ICONTYPE,COREINDEX,ISCOREDATA,ISHIGHLIGHT,ISBOLD,CONTENTCOLOR,REFENTER,MULTIPLELINES,DR,TS ) values  ( '1001A11LCP000007K029','1001A11LCP000007K021','主键','pk_testmdslave0','pk_testmdslave0',120,null,null,null,null,'Y','N','N',20,null,null,null,null,null,null,1,null,51,null,null,null,null,null,null,null,null,null,'N',null,'input',null,null,null,null,null,'N','8ac0927f-d8fe-4c7a-b892-ba25a16495d0','f8e84a0f-71c8-4fdf-8a0e-9f796f7f6e4a',null,null,null,null,null,null,null,null,null,null,null,null,null,null,null,null,null,null,null,null,null,null,null,null,null,null,null,null,null,0,null ) 
/

insert into PUB_FORM_PROPERTY ( PK_FORM_PROPERTY,AREAID,LABEL,CODE,METAPATH,WIDTH,REFCODE,ISNEXTROW,ISREVISE,ISTOTAL,REQUIRED,DISABLED,VISIBLE,MAXLENGTH,TEXTROWS,CREATOR,MODIFIER,CREATIONTIME,MODIFIEDTIME,RESID,POSITION,COLOR,DATATYPE,DATAVAL,SHOWFORMULA,EDITFORMULA,VALIDATEFORMULA,DEFAULTVAR,RELATEMETA,DEFINE1,DEFINE2,DEFINE3,ISMULTISELECTEDENABLED,METADATAPROPERTY,ITEMTYPE,REFNAME,METAID,ISCODE,COLNUM,DEFAULTVALUE,ISDEFINED,CLASSID,PROID,HYPERLINKFLAG,ONLYLEAFCANSELECT,MOBILETITLE,ISLOCK,ISRESLABEL,SHOWDATAVAL,SHOWFOCUS,ISSYNCSIDE,ISSYNCFOLD,ISSYNCLIST,ISDATAPOWERENABLE,ISCONVERTTIMEZONES,REFCONDITION,ISGROUPPOWER,EDITDISABLED,TABSKIP,ALIGNMENT,FROZEN,SHOWASRANGE,ANOTHERLINE,COLUMNNUM,ICONTYPE,COREINDEX,ISCOREDATA,ISHIGHLIGHT,ISBOLD,CONTENTCOLOR,REFENTER,MULTIPLELINES,DR,TS ) values  ( '1001A11LCP000007K02A','1001A11LCP000007K021','来源行号','srcrowno','srcrowno',120,null,null,null,null,'N','N','N',50,null,null,null,null,null,null,2,null,1,null,null,null,null,null,null,null,null,null,'N',null,'input',null,null,null,null,null,'N','8ac0927f-d8fe-4c7a-b892-ba25a16495d0','d67ee7e6-d930-4246-a53e-bc47215275ff',null,null,null,null,null,null,null,null,null,null,null,null,null,null,null,null,null,null,null,null,null,null,null,null,null,null,null,null,null,0,null ) 
/

insert into PUB_AREA ( PK_AREA,CODE,NAME,AREATYPE,ASSOCIATEDTABLAYOUT,TEMPLETID,CREATOR,MODIFIER,CREATIONTIME,MODIFIEDTIME,RESID,RELATIONCODE,AREASTATUS,PAGINATION,CLAZZ,METAID,METANAME,ASSOCIATEDTAB,POSITION,METASPACE,AREADESC,TABHEADCODE,ISUNFOLD,ISGRANDSON,AREAHIDE,ISCLOSEQUICKQUERY,PAGESIZE,MAINNESTAREACODE,COLUMNNUM,ICONTYPE,DR,TS ) values  ( '1001A11LCP000007K01Z','testmdSlave0Sub','子实体0',2,'horizontal','1001A11LCP000007K017',null,null,null,null,null,null,'browse','','nc.vo.testmd.testmd.TestmdSlave0VO','8ac0927f-d8fe-4c7a-b892-ba25a16495d0','子实体0',null,2,'testmd.testmdSlave0',null,null,null,'N',null,null,null,null,null,null,0,null ) 
/

insert into PUB_AREA ( PK_AREA,CODE,NAME,AREATYPE,ASSOCIATEDTABLAYOUT,TEMPLETID,CREATOR,MODIFIER,CREATIONTIME,MODIFIEDTIME,RESID,RELATIONCODE,AREASTATUS,PAGINATION,CLAZZ,METAID,METANAME,ASSOCIATEDTAB,POSITION,METASPACE,AREADESC,TABHEADCODE,ISUNFOLD,ISGRANDSON,AREAHIDE,ISCLOSEQUICKQUERY,PAGESIZE,MAINNESTAREACODE,COLUMNNUM,ICONTYPE,DR,TS ) values  ( '1001A11LCP000007K020','testmdSlave0Eside','子实体0',1,'horizontal','1001A11LCP000007K017',null,null,null,null,null,'testmdSlave0Sub','edit','','nc.vo.testmd.testmd.TestmdSlave0VO','8ac0927f-d8fe-4c7a-b892-ba25a16495d0','子实体0',null,3,'testmd.testmdSlave0',null,null,null,'N',null,null,null,null,null,null,0,null ) 
/

insert into PUB_AREA ( PK_AREA,CODE,NAME,AREATYPE,ASSOCIATEDTABLAYOUT,TEMPLETID,CREATOR,MODIFIER,CREATIONTIME,MODIFIEDTIME,RESID,RELATIONCODE,AREASTATUS,PAGINATION,CLAZZ,METAID,METANAME,ASSOCIATEDTAB,POSITION,METASPACE,AREADESC,TABHEADCODE,ISUNFOLD,ISGRANDSON,AREAHIDE,ISCLOSEQUICKQUERY,PAGESIZE,MAINNESTAREACODE,COLUMNNUM,ICONTYPE,DR,TS ) values  ( '1001A11LCP000007K021','testmdSlave0Ecard','子实体0',1,'horizontal','1001A11LCP000007K017',null,null,null,null,null,'testmdSlave0Sub','browse','','nc.vo.testmd.testmd.TestmdSlave0VO','8ac0927f-d8fe-4c7a-b892-ba25a16495d0','子实体0',null,4,'testmd.testmdSlave0',null,null,null,'N',null,null,null,null,null,null,0,null ) 
/

insert into SM_APPBUTNREGISTER ( PK_BTN,BTNCODE,BTNNAME,BTNDESC,RESID,APPID,TEMPLETID,ISENABLE,PAGECODE,BTNORDER,BTNTYPE,BTNAREA,PARENT_CODE,ISKEYFUNC,KEYBOARD,BTNCOLOR,PAGEAREACODE,PAGEDIMENSION,DISPLAYAREA,ACTIONAREA,GROUPDIRECTION,DISABLED,VISIBLE,DR,TS ) values  ( '1001A11LCP000007K054','Refresh','',null,null,'1001A11LCP000007K014',null,'Y','10880557P_testmdMasterP',1,'general_btn','common',null,null,'F5','button_secondary',null,null,null,null,null,null,null,0,null ) 
/

insert into SM_APPBUTNREGISTER ( PK_BTN,BTNCODE,BTNNAME,BTNDESC,RESID,APPID,TEMPLETID,ISENABLE,PAGECODE,BTNORDER,BTNTYPE,BTNAREA,PARENT_CODE,ISKEYFUNC,KEYBOARD,BTNCOLOR,PAGEAREACODE,PAGEDIMENSION,DISPLAYAREA,ACTIONAREA,GROUPDIRECTION,DISABLED,VISIBLE,DR,TS ) values  ( '1001A11LCP000007K055','testmdSlave0_AddLine_Group','',null,null,'1001A11LCP000007K014',null,'Y','10880557P_testmdMasterP',2,'buttongroup','testmdSlave0',null,null,'','button_secondary',null,null,null,null,null,null,null,0,null ) 
/

insert into SM_APPBUTNREGISTER ( PK_BTN,BTNCODE,BTNNAME,BTNDESC,RESID,APPID,TEMPLETID,ISENABLE,PAGECODE,BTNORDER,BTNTYPE,BTNAREA,PARENT_CODE,ISKEYFUNC,KEYBOARD,BTNCOLOR,PAGEAREACODE,PAGEDIMENSION,DISPLAYAREA,ACTIONAREA,GROUPDIRECTION,DISABLED,VISIBLE,DR,TS ) values  ( '1001A11LCP000007K056','testmdSlave0_AddLine','增行',null,null,'1001A11LCP000007K014',null,'Y','10880557P_testmdMasterP',3,'general_btn','testmdSlave0','testmdSlave0_AddLine_Group',null,'Alt+N','button_secondary',null,null,null,null,null,null,null,0,null ) 
/

insert into SM_APPBUTNREGISTER ( PK_BTN,BTNCODE,BTNNAME,BTNDESC,RESID,APPID,TEMPLETID,ISENABLE,PAGECODE,BTNORDER,BTNTYPE,BTNAREA,PARENT_CODE,ISKEYFUNC,KEYBOARD,BTNCOLOR,PAGEAREACODE,PAGEDIMENSION,DISPLAYAREA,ACTIONAREA,GROUPDIRECTION,DISABLED,VISIBLE,DR,TS ) values  ( '1001A11LCP000007K057','testmdSlave0_CopyLine','复制',null,null,'1001A11LCP000007K014',null,'Y','10880557P_testmdMasterP',4,'general_btn','testmdSlave0','testmdSlave0_AddLine_Group',null,'alt+c','button_secondary',null,null,null,null,null,null,null,0,null ) 
/

insert into SM_APPBUTNREGISTER ( PK_BTN,BTNCODE,BTNNAME,BTNDESC,RESID,APPID,TEMPLETID,ISENABLE,PAGECODE,BTNORDER,BTNTYPE,BTNAREA,PARENT_CODE,ISKEYFUNC,KEYBOARD,BTNCOLOR,PAGEAREACODE,PAGEDIMENSION,DISPLAYAREA,ACTIONAREA,GROUPDIRECTION,DISABLED,VISIBLE,DR,TS ) values  ( '1001A11LCP000007K058','testmdSlave0_DelLine','删行',null,null,'1001A11LCP000007K014',null,'Y','10880557P_testmdMasterP',5,'general_btn','testmdSlave0','testmdSlave0_AddLine_Group',null,'alt+del','button_secondary',null,null,null,null,null,null,null,0,null ) 
/

insert into SM_APPBUTNREGISTER ( PK_BTN,BTNCODE,BTNNAME,BTNDESC,RESID,APPID,TEMPLETID,ISENABLE,PAGECODE,BTNORDER,BTNTYPE,BTNAREA,PARENT_CODE,ISKEYFUNC,KEYBOARD,BTNCOLOR,PAGEAREACODE,PAGEDIMENSION,DISPLAYAREA,ACTIONAREA,GROUPDIRECTION,DISABLED,VISIBLE,DR,TS ) values  ( '1001A11LCP000007K059','testmdSlave0_Past_Group','',null,null,'1001A11LCP000007K014',null,'Y','10880557P_testmdMasterP',6,'buttongroup','testmdSlave0',null,null,'','button_secondary',null,null,null,null,null,null,null,0,null ) 
/

insert into SM_APPBUTNREGISTER ( PK_BTN,BTNCODE,BTNNAME,BTNDESC,RESID,APPID,TEMPLETID,ISENABLE,PAGECODE,BTNORDER,BTNTYPE,BTNAREA,PARENT_CODE,ISKEYFUNC,KEYBOARD,BTNCOLOR,PAGEAREACODE,PAGEDIMENSION,DISPLAYAREA,ACTIONAREA,GROUPDIRECTION,DISABLED,VISIBLE,DR,TS ) values  ( '1001A11LCP000007K05A','testmdSlave0_PastEndLine','粘贴到末行',null,null,'1001A11LCP000007K014',null,'Y','10880557P_testmdMasterP',7,'general_btn','testmdSlave0','testmdSlave0_Past_Group',null,'Ctrl+Alt+V','button_secondary',null,null,null,null,null,null,null,0,null ) 
/

insert into SM_APPBUTNREGISTER ( PK_BTN,BTNCODE,BTNNAME,BTNDESC,RESID,APPID,TEMPLETID,ISENABLE,PAGECODE,BTNORDER,BTNTYPE,BTNAREA,PARENT_CODE,ISKEYFUNC,KEYBOARD,BTNCOLOR,PAGEAREACODE,PAGEDIMENSION,DISPLAYAREA,ACTIONAREA,GROUPDIRECTION,DISABLED,VISIBLE,DR,TS ) values  ( '1001A11LCP000007K05B','testmdSlave0_CopyCancelLine','取消',null,null,'1001A11LCP000007K014',null,'Y','10880557P_testmdMasterP',8,'general_btn','testmdSlave0','testmdSlave0_Past_Group',null,null,'button_secondary',null,null,null,null,null,null,null,0,null ) 
/

insert into SM_APPBUTNREGISTER ( PK_BTN,BTNCODE,BTNNAME,BTNDESC,RESID,APPID,TEMPLETID,ISENABLE,PAGECODE,BTNORDER,BTNTYPE,BTNAREA,PARENT_CODE,ISKEYFUNC,KEYBOARD,BTNCOLOR,PAGEAREACODE,PAGEDIMENSION,DISPLAYAREA,ACTIONAREA,GROUPDIRECTION,DISABLED,VISIBLE,DR,TS ) values  ( '1001A11LCP000007K05C','testmdSlave0_Opr_DelLine','删行',null,null,'1001A11LCP000007K014',null,'Y','10880557P_testmdMasterP',9,'general_btn','testmdSlave0_Opr',null,null,'alt+del','button_secondary',null,null,null,null,null,null,null,0,null ) 
/

insert into SM_APPBUTNREGISTER ( PK_BTN,BTNCODE,BTNNAME,BTNDESC,RESID,APPID,TEMPLETID,ISENABLE,PAGECODE,BTNORDER,BTNTYPE,BTNAREA,PARENT_CODE,ISKEYFUNC,KEYBOARD,BTNCOLOR,PAGEAREACODE,PAGEDIMENSION,DISPLAYAREA,ACTIONAREA,GROUPDIRECTION,DISABLED,VISIBLE,DR,TS ) values  ( '1001A11LCP000007K05D','testmdSlave0_Opr_ExpandLine','展开',null,null,'1001A11LCP000007K014',null,'Y','10880557P_testmdMasterP',10,'general_btn','testmdSlave0_Opr',null,null,'F4','button_secondary',null,null,null,null,null,null,null,0,null ) 
/

insert into SM_APPBUTNREGISTER ( PK_BTN,BTNCODE,BTNNAME,BTNDESC,RESID,APPID,TEMPLETID,ISENABLE,PAGECODE,BTNORDER,BTNTYPE,BTNAREA,PARENT_CODE,ISKEYFUNC,KEYBOARD,BTNCOLOR,PAGEAREACODE,PAGEDIMENSION,DISPLAYAREA,ACTIONAREA,GROUPDIRECTION,DISABLED,VISIBLE,DR,TS ) values  ( '1001A11LCP000007K05E','testmdSlave0_Opr_CopyLine','复制',null,null,'1001A11LCP000007K014',null,'Y','10880557P_testmdMasterP',11,'general_btn','testmdSlave0_Opr',null,null,'alt+c','button_secondary',null,null,null,null,null,null,null,0,null ) 
/

insert into SM_APPBUTNREGISTER ( PK_BTN,BTNCODE,BTNNAME,BTNDESC,RESID,APPID,TEMPLETID,ISENABLE,PAGECODE,BTNORDER,BTNTYPE,BTNAREA,PARENT_CODE,ISKEYFUNC,KEYBOARD,BTNCOLOR,PAGEAREACODE,PAGEDIMENSION,DISPLAYAREA,ACTIONAREA,GROUPDIRECTION,DISABLED,VISIBLE,DR,TS ) values  ( '1001A11LCP000007K05F','testmdSlave0_Opr_PastNextLine','粘贴至此',null,null,'1001A11LCP000007K014',null,'Y','10880557P_testmdMasterP',12,'general_btn','testmdSlave0_Opr',null,null,'Alt+V','button_secondary',null,null,null,null,null,null,null,0,null ) 
/

insert into SM_APPREGISTER ( PK_APPREGISTER,CODE,NAME,OWN_MODULE,MOUNTID,WIDTH,HEIGHT,TARGET_PATH,APPTYPE,IMAGE_SRC,USELICENSE_LOAD,ORGTYPECODE,FUNTYPE,PARENT_ID,ISENABLE,PK_GROUP,APP_DESC,SCOPEID,HELP_NAME,ISCAUSERUSABLE,MDID,SOURCE_APP_CODE,RESID,FUN_PROPERTY,ISCOPYPAGE,PAGERESFILE,CREATOR,CREATIONTIME,MODIFIER,MODIFIEDTIME,FASTLAUNCHPARAM,FASTLAUNCHURL,FASTLAUNCHPAGECODE,DR,TS ) values  ( '1001A11LCP000007K02B','10880557L','示例应用联查','1088',null,1,1,null,1,'default','Y','ACCOUNTINGBOOK000000',0,'1001Z0100000000455LO','Y',null,null,null,null,'N','c20d2227-2ecd-44d8-bc4f-f5fcafe82248','10880557L',null,1,'N',null,'1001A11000000000002O','2023-06-25 10:25:03',null,null,null,null,null,0,null ) 
/

insert into SM_APPMENUITEM ( PK_MENUITEM,MENUITEMCODE,MENUITEMNAME,MENUDES,APPCODE,APPID,PK_MENU,PARENTCODE,RESID,PK_GROUP,IMAGE_SRC,APP_IMAGE,IS_CLOUD_APP,FLOOR,MENUORDER,DR,TS ) values  ( '1001A11LCP000007K02C','10880557L','示例应用联查',null,'10880557L','1001A11LCP000007K02B','1004Z510000000000FFL','108805',null,null,null,null,null,null,null,0,null ) 
/

insert into SM_APPPAGE ( PK_APPPAGE,PAGECODE,PAGENAME,PAGEDESC,PAGEURL,PARENT_ID,PARENTCODE,RESID,ISDEFAULT,ISCARDDEFAULT,CREATOR,CREATIONTIME,MODIFIER,MODIFIEDTIME,PAGEJSURL,PAGERESFILE,STYLETYPE,MOBPAGERESFILE,ISNEWPAGE,TRANSFERSIGN,DR,TS ) values  ( '1001A11LCP000007K02D','10880557L_testmdMasterL','主实体联查',null,'/nccloud/resources/uapbd/testmd/testmdmasterl/main/index.html','1001A11LCP000007K02B','10880557L',null,'Y','Y',null,null,null,null,null,null,null,null,null,null,0,'2023-06-25 10:25:07' ) 
/

insert into PUB_PAGE_TEMPLET ( PK_PAGE_TEMPLET,CODE,NAME,RESID,CREATOR,CREATIONTIME,MODIFIER,MODIFIEDTIME,TEMPLETDESC,ISDEFAULT,PARENTID,PAGECODE,CLAZZ,METAID,HEADCODE,APPCODE,APPID,RESMODULE,PK_GROUP,PK_ORG,LAYOUT,PAGESTYLE,DR,TS ) values  ( '1001A11LCP000007K02E','10880557L_testmdMasterL','主实体联查',null,null,null,null,null,null,'Y','root','10880557L_testmdMasterL','nc.vo.testmd.testmd.AggTestmdMasterVO','c20d2227-2ecd-44d8-bc4f-f5fcafe82248','testmdMasterForm','10880557L',null,null,null,null,null,null,0,'2023-06-25 10:25:07' ) 
/

insert into PUB_FORM_PROPERTY ( PK_FORM_PROPERTY,AREAID,LABEL,CODE,METAPATH,WIDTH,REFCODE,ISNEXTROW,ISREVISE,ISTOTAL,REQUIRED,DISABLED,VISIBLE,MAXLENGTH,TEXTROWS,CREATOR,MODIFIER,CREATIONTIME,MODIFIEDTIME,RESID,POSITION,COLOR,DATATYPE,DATAVAL,SHOWFORMULA,EDITFORMULA,VALIDATEFORMULA,DEFAULTVAR,RELATEMETA,DEFINE1,DEFINE2,DEFINE3,ISMULTISELECTEDENABLED,METADATAPROPERTY,ITEMTYPE,REFNAME,METAID,ISCODE,COLNUM,DEFAULTVALUE,ISDEFINED,CLASSID,PROID,HYPERLINKFLAG,ONLYLEAFCANSELECT,MOBILETITLE,ISLOCK,ISRESLABEL,SHOWDATAVAL,SHOWFOCUS,ISSYNCSIDE,ISSYNCFOLD,ISSYNCLIST,ISDATAPOWERENABLE,ISCONVERTTIMEZONES,REFCONDITION,ISGROUPPOWER,EDITDISABLED,TABSKIP,ALIGNMENT,FROZEN,SHOWASRANGE,ANOTHERLINE,COLUMNNUM,ICONTYPE,COREINDEX,ISCOREDATA,ISHIGHLIGHT,ISBOLD,CONTENTCOLOR,REFENTER,MULTIPLELINES,DR,TS ) values  ( '1001A11LCP000007K02H','1001A11LCP000007K02F','pk_group','pk_group','pk_group',120,'uap/refer/riart/groupTreeRef/index',null,null,null,'N','N','N',20,null,null,null,null,null,null,0,null,204,'0001Z010000000000ZKS,code=N',null,null,null,null,null,null,null,null,'N','uap.group.name','refer','集团','3b6dd171-2900-47f3-bfbe-41e4483a2a65',null,null,null,'N','c20d2227-2ecd-44d8-bc4f-f5fcafe82248','c4383a89-28b5-4072-94d3-fd3d7863f301',null,null,null,null,null,null,null,null,null,null,null,null,null,null,null,null,null,null,null,null,null,null,null,null,null,null,null,null,null,0,null ) 
/

insert into PUB_FORM_PROPERTY ( PK_FORM_PROPERTY,AREAID,LABEL,CODE,METAPATH,WIDTH,REFCODE,ISNEXTROW,ISREVISE,ISTOTAL,REQUIRED,DISABLED,VISIBLE,MAXLENGTH,TEXTROWS,CREATOR,MODIFIER,CREATIONTIME,MODIFIEDTIME,RESID,POSITION,COLOR,DATATYPE,DATAVAL,SHOWFORMULA,EDITFORMULA,VALIDATEFORMULA,DEFAULTVAR,RELATEMETA,DEFINE1,DEFINE2,DEFINE3,ISMULTISELECTEDENABLED,METADATAPROPERTY,ITEMTYPE,REFNAME,METAID,ISCODE,COLNUM,DEFAULTVALUE,ISDEFINED,CLASSID,PROID,HYPERLINKFLAG,ONLYLEAFCANSELECT,MOBILETITLE,ISLOCK,ISRESLABEL,SHOWDATAVAL,SHOWFOCUS,ISSYNCSIDE,ISSYNCFOLD,ISSYNCLIST,ISDATAPOWERENABLE,ISCONVERTTIMEZONES,REFCONDITION,ISGROUPPOWER,EDITDISABLED,TABSKIP,ALIGNMENT,FROZEN,SHOWASRANGE,ANOTHERLINE,COLUMNNUM,ICONTYPE,COREINDEX,ISCOREDATA,ISHIGHLIGHT,ISBOLD,CONTENTCOLOR,REFENTER,MULTIPLELINES,DR,TS ) values  ( '1001A11LCP000007K02I','1001A11LCP000007K02F','pk_org','pk_org','pk_org',120,'uapbd/refer/org/OrgWithGlobalAllDataTreeRef/index',null,null,null,'N','N','Y',20,null,null,null,null,null,null,1,null,204,'0001Z01000000001V017,code=N',null,null,null,null,null,null,null,null,'N','uap.org.name','refer','组织（包含全局）(所有)','985be8a4-3a36-4778-8afe-2d8ed3902659',null,null,null,'N','c20d2227-2ecd-44d8-bc4f-f5fcafe82248','00708833-92b5-4b71-ab8e-5b56a054035a',null,null,null,null,null,null,null,null,null,null,null,null,null,null,null,null,null,null,null,null,null,null,null,null,null,null,null,null,null,0,null ) 
/

insert into PUB_FORM_PROPERTY ( PK_FORM_PROPERTY,AREAID,LABEL,CODE,METAPATH,WIDTH,REFCODE,ISNEXTROW,ISREVISE,ISTOTAL,REQUIRED,DISABLED,VISIBLE,MAXLENGTH,TEXTROWS,CREATOR,MODIFIER,CREATIONTIME,MODIFIEDTIME,RESID,POSITION,COLOR,DATATYPE,DATAVAL,SHOWFORMULA,EDITFORMULA,VALIDATEFORMULA,DEFAULTVAR,RELATEMETA,DEFINE1,DEFINE2,DEFINE3,ISMULTISELECTEDENABLED,METADATAPROPERTY,ITEMTYPE,REFNAME,METAID,ISCODE,COLNUM,DEFAULTVALUE,ISDEFINED,CLASSID,PROID,HYPERLINKFLAG,ONLYLEAFCANSELECT,MOBILETITLE,ISLOCK,ISRESLABEL,SHOWDATAVAL,SHOWFOCUS,ISSYNCSIDE,ISSYNCFOLD,ISSYNCLIST,ISDATAPOWERENABLE,ISCONVERTTIMEZONES,REFCONDITION,ISGROUPPOWER,EDITDISABLED,TABSKIP,ALIGNMENT,FROZEN,SHOWASRANGE,ANOTHERLINE,COLUMNNUM,ICONTYPE,COREINDEX,ISCOREDATA,ISHIGHLIGHT,ISBOLD,CONTENTCOLOR,REFENTER,MULTIPLELINES,DR,TS ) values  ( '1001A11LCP000007K02J','1001A11LCP000007K02F','code','code','code',120,null,null,null,null,'N','N','Y',50,null,null,null,null,null,null,2,null,1,null,null,null,null,null,null,null,null,null,'N',null,'input',null,null,null,null,null,'N','c20d2227-2ecd-44d8-bc4f-f5fcafe82248','6b28d3dd-6703-4a6e-8ecf-c99f8c814617',null,null,null,null,null,null,null,null,null,null,null,null,null,null,null,null,null,null,null,null,null,null,null,null,null,null,null,null,null,0,null ) 
/

insert into PUB_FORM_PROPERTY ( PK_FORM_PROPERTY,AREAID,LABEL,CODE,METAPATH,WIDTH,REFCODE,ISNEXTROW,ISREVISE,ISTOTAL,REQUIRED,DISABLED,VISIBLE,MAXLENGTH,TEXTROWS,CREATOR,MODIFIER,CREATIONTIME,MODIFIEDTIME,RESID,POSITION,COLOR,DATATYPE,DATAVAL,SHOWFORMULA,EDITFORMULA,VALIDATEFORMULA,DEFAULTVAR,RELATEMETA,DEFINE1,DEFINE2,DEFINE3,ISMULTISELECTEDENABLED,METADATAPROPERTY,ITEMTYPE,REFNAME,METAID,ISCODE,COLNUM,DEFAULTVALUE,ISDEFINED,CLASSID,PROID,HYPERLINKFLAG,ONLYLEAFCANSELECT,MOBILETITLE,ISLOCK,ISRESLABEL,SHOWDATAVAL,SHOWFOCUS,ISSYNCSIDE,ISSYNCFOLD,ISSYNCLIST,ISDATAPOWERENABLE,ISCONVERTTIMEZONES,REFCONDITION,ISGROUPPOWER,EDITDISABLED,TABSKIP,ALIGNMENT,FROZEN,SHOWASRANGE,ANOTHERLINE,COLUMNNUM,ICONTYPE,COREINDEX,ISCOREDATA,ISHIGHLIGHT,ISBOLD,CONTENTCOLOR,REFENTER,MULTIPLELINES,DR,TS ) values  ( '1001A11LCP000007K02K','1001A11LCP000007K02F','name','name','name',120,null,null,null,null,'N','N','Y',50,null,null,null,null,null,null,3,null,1,null,null,null,null,null,null,null,null,null,'N',null,'input',null,null,null,null,null,'N','c20d2227-2ecd-44d8-bc4f-f5fcafe82248','1ed5c81f-1a29-49c7-9aa6-636b2cf100ef',null,null,null,null,null,null,null,null,null,null,null,null,null,null,null,null,null,null,null,null,null,null,null,null,null,null,null,null,null,0,null ) 
/

insert into PUB_FORM_PROPERTY ( PK_FORM_PROPERTY,AREAID,LABEL,CODE,METAPATH,WIDTH,REFCODE,ISNEXTROW,ISREVISE,ISTOTAL,REQUIRED,DISABLED,VISIBLE,MAXLENGTH,TEXTROWS,CREATOR,MODIFIER,CREATIONTIME,MODIFIEDTIME,RESID,POSITION,COLOR,DATATYPE,DATAVAL,SHOWFORMULA,EDITFORMULA,VALIDATEFORMULA,DEFAULTVAR,RELATEMETA,DEFINE1,DEFINE2,DEFINE3,ISMULTISELECTEDENABLED,METADATAPROPERTY,ITEMTYPE,REFNAME,METAID,ISCODE,COLNUM,DEFAULTVALUE,ISDEFINED,CLASSID,PROID,HYPERLINKFLAG,ONLYLEAFCANSELECT,MOBILETITLE,ISLOCK,ISRESLABEL,SHOWDATAVAL,SHOWFOCUS,ISSYNCSIDE,ISSYNCFOLD,ISSYNCLIST,ISDATAPOWERENABLE,ISCONVERTTIMEZONES,REFCONDITION,ISGROUPPOWER,EDITDISABLED,TABSKIP,ALIGNMENT,FROZEN,SHOWASRANGE,ANOTHERLINE,COLUMNNUM,ICONTYPE,COREINDEX,ISCOREDATA,ISHIGHLIGHT,ISBOLD,CONTENTCOLOR,REFENTER,MULTIPLELINES,DR,TS ) values  ( '1001A11LCP000007K02L','1001A11LCP000007K02F','单据类型','billtype','billtype',120,null,null,null,null,'N','Y','Y',50,null,null,null,null,null,null,4,null,1,null,null,null,null,null,null,null,null,null,'N',null,'input',null,null,null,null,null,'N','c20d2227-2ecd-44d8-bc4f-f5fcafe82248','56e48fd8-1523-49e4-bb92-7907ca0cb858',null,null,null,null,null,null,null,null,null,null,null,null,null,null,null,null,null,null,null,null,null,null,null,null,null,null,null,null,null,0,null ) 
/

insert into PUB_FORM_PROPERTY ( PK_FORM_PROPERTY,AREAID,LABEL,CODE,METAPATH,WIDTH,REFCODE,ISNEXTROW,ISREVISE,ISTOTAL,REQUIRED,DISABLED,VISIBLE,MAXLENGTH,TEXTROWS,CREATOR,MODIFIER,CREATIONTIME,MODIFIEDTIME,RESID,POSITION,COLOR,DATATYPE,DATAVAL,SHOWFORMULA,EDITFORMULA,VALIDATEFORMULA,DEFAULTVAR,RELATEMETA,DEFINE1,DEFINE2,DEFINE3,ISMULTISELECTEDENABLED,METADATAPROPERTY,ITEMTYPE,REFNAME,METAID,ISCODE,COLNUM,DEFAULTVALUE,ISDEFINED,CLASSID,PROID,HYPERLINKFLAG,ONLYLEAFCANSELECT,MOBILETITLE,ISLOCK,ISRESLABEL,SHOWDATAVAL,SHOWFOCUS,ISSYNCSIDE,ISSYNCFOLD,ISSYNCLIST,ISDATAPOWERENABLE,ISCONVERTTIMEZONES,REFCONDITION,ISGROUPPOWER,EDITDISABLED,TABSKIP,ALIGNMENT,FROZEN,SHOWASRANGE,ANOTHERLINE,COLUMNNUM,ICONTYPE,COREINDEX,ISCOREDATA,ISHIGHLIGHT,ISBOLD,CONTENTCOLOR,REFENTER,MULTIPLELINES,DR,TS ) values  ( '1001A11LCP000007K02M','1001A11LCP000007K02F','交易类型pk','transtypepk','transtypepk',120,'uap/refer/riart/transtype/index',null,null,null,'N','N','Y',20,null,null,null,null,null,null,5,null,204,'0001Z0100BILLTYPEZJ8,code=N',null,null,null,null,null,null,null,null,'N','uap.BilltypeVO.billtypename','refer','影响因素交 易类型','b0fa41cd-a649-4309-b685-d341a5d1b0ed',null,null,null,'N','c20d2227-2ecd-44d8-bc4f-f5fcafe82248','7e9a71ee-4b06-4e85-8304-c1873c13d95b',null,null,null,null,null,null,null,null,null,null,null,null,null,null,null,null,null,null,null,null,null,null,null,null,null,null,null,null,null,0,null ) 
/

insert into PUB_FORM_PROPERTY ( PK_FORM_PROPERTY,AREAID,LABEL,CODE,METAPATH,WIDTH,REFCODE,ISNEXTROW,ISREVISE,ISTOTAL,REQUIRED,DISABLED,VISIBLE,MAXLENGTH,TEXTROWS,CREATOR,MODIFIER,CREATIONTIME,MODIFIEDTIME,RESID,POSITION,COLOR,DATATYPE,DATAVAL,SHOWFORMULA,EDITFORMULA,VALIDATEFORMULA,DEFAULTVAR,RELATEMETA,DEFINE1,DEFINE2,DEFINE3,ISMULTISELECTEDENABLED,METADATAPROPERTY,ITEMTYPE,REFNAME,METAID,ISCODE,COLNUM,DEFAULTVALUE,ISDEFINED,CLASSID,PROID,HYPERLINKFLAG,ONLYLEAFCANSELECT,MOBILETITLE,ISLOCK,ISRESLABEL,SHOWDATAVAL,SHOWFOCUS,ISSYNCSIDE,ISSYNCFOLD,ISSYNCLIST,ISDATAPOWERENABLE,ISCONVERTTIMEZONES,REFCONDITION,ISGROUPPOWER,EDITDISABLED,TABSKIP,ALIGNMENT,FROZEN,SHOWASRANGE,ANOTHERLINE,COLUMNNUM,ICONTYPE,COREINDEX,ISCOREDATA,ISHIGHLIGHT,ISBOLD,CONTENTCOLOR,REFENTER,MULTIPLELINES,DR,TS ) values  ( '1001A11LCP000007K02N','1001A11LCP000007K02F','交易类型','transtype','transtype',120,null,null,null,null,'N','Y','Y',50,null,null,null,null,null,null,6,null,1,null,null,null,null,null,null,null,null,null,'N',null,'input',null,null,null,null,null,'N','c20d2227-2ecd-44d8-bc4f-f5fcafe82248','1865e0e2-0c3b-43f7-ad7d-dff371831908',null,null,null,null,null,null,null,null,null,null,null,null,null,null,null,null,null,null,null,null,null,null,null,null,null,null,null,null,null,0,null ) 
/

insert into PUB_FORM_PROPERTY ( PK_FORM_PROPERTY,AREAID,LABEL,CODE,METAPATH,WIDTH,REFCODE,ISNEXTROW,ISREVISE,ISTOTAL,REQUIRED,DISABLED,VISIBLE,MAXLENGTH,TEXTROWS,CREATOR,MODIFIER,CREATIONTIME,MODIFIEDTIME,RESID,POSITION,COLOR,DATATYPE,DATAVAL,SHOWFORMULA,EDITFORMULA,VALIDATEFORMULA,DEFAULTVAR,RELATEMETA,DEFINE1,DEFINE2,DEFINE3,ISMULTISELECTEDENABLED,METADATAPROPERTY,ITEMTYPE,REFNAME,METAID,ISCODE,COLNUM,DEFAULTVALUE,ISDEFINED,CLASSID,PROID,HYPERLINKFLAG,ONLYLEAFCANSELECT,MOBILETITLE,ISLOCK,ISRESLABEL,SHOWDATAVAL,SHOWFOCUS,ISSYNCSIDE,ISSYNCFOLD,ISSYNCLIST,ISDATAPOWERENABLE,ISCONVERTTIMEZONES,REFCONDITION,ISGROUPPOWER,EDITDISABLED,TABSKIP,ALIGNMENT,FROZEN,SHOWASRANGE,ANOTHERLINE,COLUMNNUM,ICONTYPE,COREINDEX,ISCOREDATA,ISHIGHLIGHT,ISBOLD,CONTENTCOLOR,REFENTER,MULTIPLELINES,DR,TS ) values  ( '1001A11LCP000007K02O','1001A11LCP000007K02F','业务类型','busitype','busitype',120,'uap/refer/riart/busitype/index',null,null,null,'N','N','Y',20,null,null,null,null,null,null,7,null,204,'0001Z0100BUSITYPEZJ7,code=N',null,null,null,null,null,null,null,null,'N','uap.BusitypeVO.businame','refer','业务流程','7717f1a3-b777-454e-abb5-ef8705a0f0c2',null,null,null,'N','c20d2227-2ecd-44d8-bc4f-f5fcafe82248','1bd15df1-c2d4-4469-a81b-559dd5e5a62e',null,null,null,null,null,null,null,null,null,null,null,null,null,null,null,null,null,null,null,null,null,null,null,null,null,null,null,null,null,0,null ) 
/

insert into PUB_FORM_PROPERTY ( PK_FORM_PROPERTY,AREAID,LABEL,CODE,METAPATH,WIDTH,REFCODE,ISNEXTROW,ISREVISE,ISTOTAL,REQUIRED,DISABLED,VISIBLE,MAXLENGTH,TEXTROWS,CREATOR,MODIFIER,CREATIONTIME,MODIFIEDTIME,RESID,POSITION,COLOR,DATATYPE,DATAVAL,SHOWFORMULA,EDITFORMULA,VALIDATEFORMULA,DEFAULTVAR,RELATEMETA,DEFINE1,DEFINE2,DEFINE3,ISMULTISELECTEDENABLED,METADATAPROPERTY,ITEMTYPE,REFNAME,METAID,ISCODE,COLNUM,DEFAULTVALUE,ISDEFINED,CLASSID,PROID,HYPERLINKFLAG,ONLYLEAFCANSELECT,MOBILETITLE,ISLOCK,ISRESLABEL,SHOWDATAVAL,SHOWFOCUS,ISSYNCSIDE,ISSYNCFOLD,ISSYNCLIST,ISDATAPOWERENABLE,ISCONVERTTIMEZONES,REFCONDITION,ISGROUPPOWER,EDITDISABLED,TABSKIP,ALIGNMENT,FROZEN,SHOWASRANGE,ANOTHERLINE,COLUMNNUM,ICONTYPE,COREINDEX,ISCOREDATA,ISHIGHLIGHT,ISBOLD,CONTENTCOLOR,REFENTER,MULTIPLELINES,DR,TS ) values  ( '1001A11LCP000007K02P','1001A11LCP000007K02F','来源单据类型','srcbilltype','srcbilltype',120,null,null,null,null,'N','Y','Y',50,null,null,null,null,null,null,8,null,1,null,null,null,null,null,null,null,null,null,'N',null,'input',null,null,null,null,null,'N','c20d2227-2ecd-44d8-bc4f-f5fcafe82248','abc26087-7959-483b-beab-83f1f8bf07fe',null,null,null,null,null,null,null,null,null,null,null,null,null,null,null,null,null,null,null,null,null,null,null,null,null,null,null,null,null,0,null ) 
/

insert into PUB_FORM_PROPERTY ( PK_FORM_PROPERTY,AREAID,LABEL,CODE,METAPATH,WIDTH,REFCODE,ISNEXTROW,ISREVISE,ISTOTAL,REQUIRED,DISABLED,VISIBLE,MAXLENGTH,TEXTROWS,CREATOR,MODIFIER,CREATIONTIME,MODIFIEDTIME,RESID,POSITION,COLOR,DATATYPE,DATAVAL,SHOWFORMULA,EDITFORMULA,VALIDATEFORMULA,DEFAULTVAR,RELATEMETA,DEFINE1,DEFINE2,DEFINE3,ISMULTISELECTEDENABLED,METADATAPROPERTY,ITEMTYPE,REFNAME,METAID,ISCODE,COLNUM,DEFAULTVALUE,ISDEFINED,CLASSID,PROID,HYPERLINKFLAG,ONLYLEAFCANSELECT,MOBILETITLE,ISLOCK,ISRESLABEL,SHOWDATAVAL,SHOWFOCUS,ISSYNCSIDE,ISSYNCFOLD,ISSYNCLIST,ISDATAPOWERENABLE,ISCONVERTTIMEZONES,REFCONDITION,ISGROUPPOWER,EDITDISABLED,TABSKIP,ALIGNMENT,FROZEN,SHOWASRANGE,ANOTHERLINE,COLUMNNUM,ICONTYPE,COREINDEX,ISCOREDATA,ISHIGHLIGHT,ISBOLD,CONTENTCOLOR,REFENTER,MULTIPLELINES,DR,TS ) values  ( '1001A11LCP000007K02Q','1001A11LCP000007K02F','审批状态','approvestatus','approvestatus',120,null,null,null,null,'N','Y','Y',20,null,null,null,null,null,null,9,null,203,'审批未通过=0,审批通过=1,审批进行中=2,提交=3,自由=-1',null,null,null,null,null,null,null,null,'N',null,'select',null,null,null,null,null,'N','c20d2227-2ecd-44d8-bc4f-f5fcafe82248','0fef04b9-8ba5-44dc-8912-4f14cec12774',null,null,null,null,null,'审批未通过=0,审批通过=1,审批进行中=2,提交=3,自由=-1',null,null,null,null,null,null,null,null,null,null,null,null,null,null,null,null,null,null,null,null,null,null,null,0,null ) 
/

insert into PUB_FORM_PROPERTY ( PK_FORM_PROPERTY,AREAID,LABEL,CODE,METAPATH,WIDTH,REFCODE,ISNEXTROW,ISREVISE,ISTOTAL,REQUIRED,DISABLED,VISIBLE,MAXLENGTH,TEXTROWS,CREATOR,MODIFIER,CREATIONTIME,MODIFIEDTIME,RESID,POSITION,COLOR,DATATYPE,DATAVAL,SHOWFORMULA,EDITFORMULA,VALIDATEFORMULA,DEFAULTVAR,RELATEMETA,DEFINE1,DEFINE2,DEFINE3,ISMULTISELECTEDENABLED,METADATAPROPERTY,ITEMTYPE,REFNAME,METAID,ISCODE,COLNUM,DEFAULTVALUE,ISDEFINED,CLASSID,PROID,HYPERLINKFLAG,ONLYLEAFCANSELECT,MOBILETITLE,ISLOCK,ISRESLABEL,SHOWDATAVAL,SHOWFOCUS,ISSYNCSIDE,ISSYNCFOLD,ISSYNCLIST,ISDATAPOWERENABLE,ISCONVERTTIMEZONES,REFCONDITION,ISGROUPPOWER,EDITDISABLED,TABSKIP,ALIGNMENT,FROZEN,SHOWASRANGE,ANOTHERLINE,COLUMNNUM,ICONTYPE,COREINDEX,ISCOREDATA,ISHIGHLIGHT,ISBOLD,CONTENTCOLOR,REFENTER,MULTIPLELINES,DR,TS ) values  ( '1001A11LCP000007K02R','1001A11LCP000007K02F','审批人','approver','approver',120,'uap/refer/riart/userDefaultRefer/index',null,null,null,'N','Y','Y',20,null,null,null,null,null,null,10,null,204,'0001Z01000000001BVPB,code=N',null,null,null,null,null,null,null,null,'N','uap.user.user_name','refer','用户','f6f9a473-56c0-432f-8bc7-fbf8fde54fee',null,null,null,'N','c20d2227-2ecd-44d8-bc4f-f5fcafe82248','1bd2622e-8236-40ee-bca6-55bd4361ed04',null,null,null,null,null,null,null,null,null,null,null,null,null,null,null,null,null,null,null,null,null,null,null,null,null,null,null,null,null,0,null ) 
/

insert into PUB_FORM_PROPERTY ( PK_FORM_PROPERTY,AREAID,LABEL,CODE,METAPATH,WIDTH,REFCODE,ISNEXTROW,ISREVISE,ISTOTAL,REQUIRED,DISABLED,VISIBLE,MAXLENGTH,TEXTROWS,CREATOR,MODIFIER,CREATIONTIME,MODIFIEDTIME,RESID,POSITION,COLOR,DATATYPE,DATAVAL,SHOWFORMULA,EDITFORMULA,VALIDATEFORMULA,DEFAULTVAR,RELATEMETA,DEFINE1,DEFINE2,DEFINE3,ISMULTISELECTEDENABLED,METADATAPROPERTY,ITEMTYPE,REFNAME,METAID,ISCODE,COLNUM,DEFAULTVALUE,ISDEFINED,CLASSID,PROID,HYPERLINKFLAG,ONLYLEAFCANSELECT,MOBILETITLE,ISLOCK,ISRESLABEL,SHOWDATAVAL,SHOWFOCUS,ISSYNCSIDE,ISSYNCFOLD,ISSYNCLIST,ISDATAPOWERENABLE,ISCONVERTTIMEZONES,REFCONDITION,ISGROUPPOWER,EDITDISABLED,TABSKIP,ALIGNMENT,FROZEN,SHOWASRANGE,ANOTHERLINE,COLUMNNUM,ICONTYPE,COREINDEX,ISCOREDATA,ISHIGHLIGHT,ISBOLD,CONTENTCOLOR,REFENTER,MULTIPLELINES,DR,TS ) values  ( '1001A11LCP000007K02S','1001A11LCP000007K02F','审批时间','approvedate','approvedate',120,null,null,null,null,'N','Y','Y',19,null,null,null,null,null,null,11,null,34,null,null,null,null,null,null,null,null,null,'N',null,'datetimepicker',null,null,null,null,null,'N','c20d2227-2ecd-44d8-bc4f-f5fcafe82248','1c340ee3-5ab6-4234-9390-e819946b16f3',null,null,null,null,null,null,null,null,null,null,null,null,null,null,null,null,null,null,null,null,null,null,null,null,null,null,null,null,null,0,null ) 
/

insert into PUB_FORM_PROPERTY ( PK_FORM_PROPERTY,AREAID,LABEL,CODE,METAPATH,WIDTH,REFCODE,ISNEXTROW,ISREVISE,ISTOTAL,REQUIRED,DISABLED,VISIBLE,MAXLENGTH,TEXTROWS,CREATOR,MODIFIER,CREATIONTIME,MODIFIEDTIME,RESID,POSITION,COLOR,DATATYPE,DATAVAL,SHOWFORMULA,EDITFORMULA,VALIDATEFORMULA,DEFAULTVAR,RELATEMETA,DEFINE1,DEFINE2,DEFINE3,ISMULTISELECTEDENABLED,METADATAPROPERTY,ITEMTYPE,REFNAME,METAID,ISCODE,COLNUM,DEFAULTVALUE,ISDEFINED,CLASSID,PROID,HYPERLINKFLAG,ONLYLEAFCANSELECT,MOBILETITLE,ISLOCK,ISRESLABEL,SHOWDATAVAL,SHOWFOCUS,ISSYNCSIDE,ISSYNCFOLD,ISSYNCLIST,ISDATAPOWERENABLE,ISCONVERTTIMEZONES,REFCONDITION,ISGROUPPOWER,EDITDISABLED,TABSKIP,ALIGNMENT,FROZEN,SHOWASRANGE,ANOTHERLINE,COLUMNNUM,ICONTYPE,COREINDEX,ISCOREDATA,ISHIGHLIGHT,ISBOLD,CONTENTCOLOR,REFENTER,MULTIPLELINES,DR,TS ) values  ( '1001A11LCP000007K02T','1001A11LCP000007K02F','审批批语','approvenote','approvenote',120,null,null,null,null,'N','Y','Y',50,null,null,null,null,null,null,12,null,1,null,null,null,null,null,null,null,null,null,'N',null,'input',null,null,null,null,null,'N','c20d2227-2ecd-44d8-bc4f-f5fcafe82248','78d52b4a-7b02-4d6a-a261-9cb705bad8c8',null,null,null,null,null,null,null,null,null,null,null,null,null,null,null,null,null,null,null,null,null,null,null,null,null,null,null,null,null,0,null ) 
/

insert into PUB_FORM_PROPERTY ( PK_FORM_PROPERTY,AREAID,LABEL,CODE,METAPATH,WIDTH,REFCODE,ISNEXTROW,ISREVISE,ISTOTAL,REQUIRED,DISABLED,VISIBLE,MAXLENGTH,TEXTROWS,CREATOR,MODIFIER,CREATIONTIME,MODIFIEDTIME,RESID,POSITION,COLOR,DATATYPE,DATAVAL,SHOWFORMULA,EDITFORMULA,VALIDATEFORMULA,DEFAULTVAR,RELATEMETA,DEFINE1,DEFINE2,DEFINE3,ISMULTISELECTEDENABLED,METADATAPROPERTY,ITEMTYPE,REFNAME,METAID,ISCODE,COLNUM,DEFAULTVALUE,ISDEFINED,CLASSID,PROID,HYPERLINKFLAG,ONLYLEAFCANSELECT,MOBILETITLE,ISLOCK,ISRESLABEL,SHOWDATAVAL,SHOWFOCUS,ISSYNCSIDE,ISSYNCFOLD,ISSYNCLIST,ISDATAPOWERENABLE,ISCONVERTTIMEZONES,REFCONDITION,ISGROUPPOWER,EDITDISABLED,TABSKIP,ALIGNMENT,FROZEN,SHOWASRANGE,ANOTHERLINE,COLUMNNUM,ICONTYPE,COREINDEX,ISCOREDATA,ISHIGHLIGHT,ISBOLD,CONTENTCOLOR,REFENTER,MULTIPLELINES,DR,TS ) values  ( '1001A11LCP000007K02U','1001A11LCP000007K02F','主键','pk_testmdmaster','pk_testmdmaster',120,null,null,null,null,'Y','N','N',20,null,null,null,null,null,null,13,null,51,null,null,null,null,null,null,null,null,null,'N',null,'input',null,null,null,null,null,'N','c20d2227-2ecd-44d8-bc4f-f5fcafe82248','7dc318ff-2837-4af2-b040-ada7efc6d6fa',null,null,null,null,null,null,null,null,null,null,null,null,null,null,null,null,null,null,null,null,null,null,null,null,null,null,null,null,null,0,null ) 
/

insert into PUB_FORM_PROPERTY ( PK_FORM_PROPERTY,AREAID,LABEL,CODE,METAPATH,WIDTH,REFCODE,ISNEXTROW,ISREVISE,ISTOTAL,REQUIRED,DISABLED,VISIBLE,MAXLENGTH,TEXTROWS,CREATOR,MODIFIER,CREATIONTIME,MODIFIEDTIME,RESID,POSITION,COLOR,DATATYPE,DATAVAL,SHOWFORMULA,EDITFORMULA,VALIDATEFORMULA,DEFAULTVAR,RELATEMETA,DEFINE1,DEFINE2,DEFINE3,ISMULTISELECTEDENABLED,METADATAPROPERTY,ITEMTYPE,REFNAME,METAID,ISCODE,COLNUM,DEFAULTVALUE,ISDEFINED,CLASSID,PROID,HYPERLINKFLAG,ONLYLEAFCANSELECT,MOBILETITLE,ISLOCK,ISRESLABEL,SHOWDATAVAL,SHOWFOCUS,ISSYNCSIDE,ISSYNCFOLD,ISSYNCLIST,ISDATAPOWERENABLE,ISCONVERTTIMEZONES,REFCONDITION,ISGROUPPOWER,EDITDISABLED,TABSKIP,ALIGNMENT,FROZEN,SHOWASRANGE,ANOTHERLINE,COLUMNNUM,ICONTYPE,COREINDEX,ISCOREDATA,ISHIGHLIGHT,ISBOLD,CONTENTCOLOR,REFENTER,MULTIPLELINES,DR,TS ) values  ( '1001A11LCP000007K02V','1001A11LCP000007K02F','来源单据id','srcbillid','srcbillid',120,null,null,null,null,'N','N','N',50,null,null,null,null,null,null,14,null,1,null,null,null,null,null,null,null,null,null,'N',null,'input',null,null,null,null,null,'N','c20d2227-2ecd-44d8-bc4f-f5fcafe82248','58af1393-cb6f-4acb-abc5-4583da093d49',null,null,null,null,null,null,null,null,null,null,null,null,null,null,null,null,null,null,null,null,null,null,null,null,null,null,null,null,null,0,null ) 
/

insert into PUB_FORM_PROPERTY ( PK_FORM_PROPERTY,AREAID,LABEL,CODE,METAPATH,WIDTH,REFCODE,ISNEXTROW,ISREVISE,ISTOTAL,REQUIRED,DISABLED,VISIBLE,MAXLENGTH,TEXTROWS,CREATOR,MODIFIER,CREATIONTIME,MODIFIEDTIME,RESID,POSITION,COLOR,DATATYPE,DATAVAL,SHOWFORMULA,EDITFORMULA,VALIDATEFORMULA,DEFAULTVAR,RELATEMETA,DEFINE1,DEFINE2,DEFINE3,ISMULTISELECTEDENABLED,METADATAPROPERTY,ITEMTYPE,REFNAME,METAID,ISCODE,COLNUM,DEFAULTVALUE,ISDEFINED,CLASSID,PROID,HYPERLINKFLAG,ONLYLEAFCANSELECT,MOBILETITLE,ISLOCK,ISRESLABEL,SHOWDATAVAL,SHOWFOCUS,ISSYNCSIDE,ISSYNCFOLD,ISSYNCLIST,ISDATAPOWERENABLE,ISCONVERTTIMEZONES,REFCONDITION,ISGROUPPOWER,EDITDISABLED,TABSKIP,ALIGNMENT,FROZEN,SHOWASRANGE,ANOTHERLINE,COLUMNNUM,ICONTYPE,COREINDEX,ISCOREDATA,ISHIGHLIGHT,ISBOLD,CONTENTCOLOR,REFENTER,MULTIPLELINES,DR,TS ) values  ( '1001A11LCP000007K02W','1001A11LCP000007K02F','制单人','billmaker','billmaker',120,'uap/refer/riart/userDefaultRefer/index',null,null,null,'N','Y','Y',20,null,null,null,null,null,null,15,null,204,'0001Z01000000001BVPB,code=N',null,null,null,null,null,null,null,null,'N','uap.user.user_name','refer','用户','f6f9a473-56c0-432f-8bc7-fbf8fde54fee',null,null,null,'N','c20d2227-2ecd-44d8-bc4f-f5fcafe82248','ca022d3e-65a2-4778-b0e0-55667456be33',null,null,null,null,null,null,null,null,null,null,null,null,null,null,null,null,null,null,null,null,null,null,null,null,null,null,null,null,null,0,null ) 
/

insert into PUB_FORM_PROPERTY ( PK_FORM_PROPERTY,AREAID,LABEL,CODE,METAPATH,WIDTH,REFCODE,ISNEXTROW,ISREVISE,ISTOTAL,REQUIRED,DISABLED,VISIBLE,MAXLENGTH,TEXTROWS,CREATOR,MODIFIER,CREATIONTIME,MODIFIEDTIME,RESID,POSITION,COLOR,DATATYPE,DATAVAL,SHOWFORMULA,EDITFORMULA,VALIDATEFORMULA,DEFAULTVAR,RELATEMETA,DEFINE1,DEFINE2,DEFINE3,ISMULTISELECTEDENABLED,METADATAPROPERTY,ITEMTYPE,REFNAME,METAID,ISCODE,COLNUM,DEFAULTVALUE,ISDEFINED,CLASSID,PROID,HYPERLINKFLAG,ONLYLEAFCANSELECT,MOBILETITLE,ISLOCK,ISRESLABEL,SHOWDATAVAL,SHOWFOCUS,ISSYNCSIDE,ISSYNCFOLD,ISSYNCLIST,ISDATAPOWERENABLE,ISCONVERTTIMEZONES,REFCONDITION,ISGROUPPOWER,EDITDISABLED,TABSKIP,ALIGNMENT,FROZEN,SHOWASRANGE,ANOTHERLINE,COLUMNNUM,ICONTYPE,COREINDEX,ISCOREDATA,ISHIGHLIGHT,ISBOLD,CONTENTCOLOR,REFENTER,MULTIPLELINES,DR,TS ) values  ( '1001A11LCP000007K02X','1001A11LCP000007K02F','单据版本pk','billversionpk','billversionpk',120,null,null,null,null,'N','N','N',50,null,null,null,null,null,null,16,null,1,null,null,null,null,null,null,null,null,null,'N',null,'input',null,null,null,null,null,'N','c20d2227-2ecd-44d8-bc4f-f5fcafe82248','c1ee19b0-bce4-4ac7-8242-ce24a8cc7a0e',null,null,null,null,null,null,null,null,null,null,null,null,null,null,null,null,null,null,null,null,null,null,null,null,null,null,null,null,null,0,null ) 
/

insert into PUB_FORM_PROPERTY ( PK_FORM_PROPERTY,AREAID,LABEL,CODE,METAPATH,WIDTH,REFCODE,ISNEXTROW,ISREVISE,ISTOTAL,REQUIRED,DISABLED,VISIBLE,MAXLENGTH,TEXTROWS,CREATOR,MODIFIER,CREATIONTIME,MODIFIEDTIME,RESID,POSITION,COLOR,DATATYPE,DATAVAL,SHOWFORMULA,EDITFORMULA,VALIDATEFORMULA,DEFAULTVAR,RELATEMETA,DEFINE1,DEFINE2,DEFINE3,ISMULTISELECTEDENABLED,METADATAPROPERTY,ITEMTYPE,REFNAME,METAID,ISCODE,COLNUM,DEFAULTVALUE,ISDEFINED,CLASSID,PROID,HYPERLINKFLAG,ONLYLEAFCANSELECT,MOBILETITLE,ISLOCK,ISRESLABEL,SHOWDATAVAL,SHOWFOCUS,ISSYNCSIDE,ISSYNCFOLD,ISSYNCLIST,ISDATAPOWERENABLE,ISCONVERTTIMEZONES,REFCONDITION,ISGROUPPOWER,EDITDISABLED,TABSKIP,ALIGNMENT,FROZEN,SHOWASRANGE,ANOTHERLINE,COLUMNNUM,ICONTYPE,COREINDEX,ISCOREDATA,ISHIGHLIGHT,ISBOLD,CONTENTCOLOR,REFENTER,MULTIPLELINES,DR,TS ) values  ( '1001A11LCP000007K02Y','1001A11LCP000007K02F','制单时间','maketime','maketime',120,null,null,null,null,'N','Y','Y',19,null,null,null,null,null,null,17,null,34,null,null,null,null,null,null,null,null,null,'N',null,'datetimepicker',null,null,null,null,null,'N','c20d2227-2ecd-44d8-bc4f-f5fcafe82248','44304132-72f3-403a-8106-7db8e105f0d0',null,null,null,null,null,null,null,null,null,null,null,null,null,null,null,null,null,null,null,null,null,null,null,null,null,null,null,null,null,0,null ) 
/

insert into PUB_FORM_PROPERTY ( PK_FORM_PROPERTY,AREAID,LABEL,CODE,METAPATH,WIDTH,REFCODE,ISNEXTROW,ISREVISE,ISTOTAL,REQUIRED,DISABLED,VISIBLE,MAXLENGTH,TEXTROWS,CREATOR,MODIFIER,CREATIONTIME,MODIFIEDTIME,RESID,POSITION,COLOR,DATATYPE,DATAVAL,SHOWFORMULA,EDITFORMULA,VALIDATEFORMULA,DEFAULTVAR,RELATEMETA,DEFINE1,DEFINE2,DEFINE3,ISMULTISELECTEDENABLED,METADATAPROPERTY,ITEMTYPE,REFNAME,METAID,ISCODE,COLNUM,DEFAULTVALUE,ISDEFINED,CLASSID,PROID,HYPERLINKFLAG,ONLYLEAFCANSELECT,MOBILETITLE,ISLOCK,ISRESLABEL,SHOWDATAVAL,SHOWFOCUS,ISSYNCSIDE,ISSYNCFOLD,ISSYNCLIST,ISDATAPOWERENABLE,ISCONVERTTIMEZONES,REFCONDITION,ISGROUPPOWER,EDITDISABLED,TABSKIP,ALIGNMENT,FROZEN,SHOWASRANGE,ANOTHERLINE,COLUMNNUM,ICONTYPE,COREINDEX,ISCOREDATA,ISHIGHLIGHT,ISBOLD,CONTENTCOLOR,REFENTER,MULTIPLELINES,DR,TS ) values  ( '1001A11LCP000007K02Z','1001A11LCP000007K02F','最后修改时间1','lastmaketime','lastmaketime',120,null,null,null,null,'N','Y','Y',19,null,null,null,null,null,null,18,null,34,null,null,null,null,null,null,null,null,null,'N',null,'datetimepicker',null,null,null,null,null,'N','c20d2227-2ecd-44d8-bc4f-f5fcafe82248','b17fd37c-58af-4193-b97e-9d5a54e36b7c',null,null,null,null,null,null,null,null,null,null,null,null,null,null,null,null,null,null,null,null,null,null,null,null,null,null,null,null,null,0,null ) 
/

insert into PUB_FORM_PROPERTY ( PK_FORM_PROPERTY,AREAID,LABEL,CODE,METAPATH,WIDTH,REFCODE,ISNEXTROW,ISREVISE,ISTOTAL,REQUIRED,DISABLED,VISIBLE,MAXLENGTH,TEXTROWS,CREATOR,MODIFIER,CREATIONTIME,MODIFIEDTIME,RESID,POSITION,COLOR,DATATYPE,DATAVAL,SHOWFORMULA,EDITFORMULA,VALIDATEFORMULA,DEFAULTVAR,RELATEMETA,DEFINE1,DEFINE2,DEFINE3,ISMULTISELECTEDENABLED,METADATAPROPERTY,ITEMTYPE,REFNAME,METAID,ISCODE,COLNUM,DEFAULTVALUE,ISDEFINED,CLASSID,PROID,HYPERLINKFLAG,ONLYLEAFCANSELECT,MOBILETITLE,ISLOCK,ISRESLABEL,SHOWDATAVAL,SHOWFOCUS,ISSYNCSIDE,ISSYNCFOLD,ISSYNCLIST,ISDATAPOWERENABLE,ISCONVERTTIMEZONES,REFCONDITION,ISGROUPPOWER,EDITDISABLED,TABSKIP,ALIGNMENT,FROZEN,SHOWASRANGE,ANOTHERLINE,COLUMNNUM,ICONTYPE,COREINDEX,ISCOREDATA,ISHIGHLIGHT,ISBOLD,CONTENTCOLOR,REFENTER,MULTIPLELINES,DR,TS ) values  ( '1001A11LCP000007K030','1001A11LCP000007K02F','修订枚举','emendenum','emendenum',120,null,null,null,null,'N','N','N',5,null,null,null,null,null,null,18,null,4,'-2147483648,2147483647',null,null,null,null,null,null,null,null,'N',null,'number',null,null,null,null,null,'N','c20d2227-2ecd-44d8-bc4f-f5fcafe82248','47d51080-8182-4bb6-9bba-3971213dbb79',null,null,null,null,null,null,null,null,null,null,null,null,null,null,null,null,null,null,null,null,null,null,null,null,null,null,null,null,null,0,null ) 
/

insert into PUB_FORM_PROPERTY ( PK_FORM_PROPERTY,AREAID,LABEL,CODE,METAPATH,WIDTH,REFCODE,ISNEXTROW,ISREVISE,ISTOTAL,REQUIRED,DISABLED,VISIBLE,MAXLENGTH,TEXTROWS,CREATOR,MODIFIER,CREATIONTIME,MODIFIEDTIME,RESID,POSITION,COLOR,DATATYPE,DATAVAL,SHOWFORMULA,EDITFORMULA,VALIDATEFORMULA,DEFAULTVAR,RELATEMETA,DEFINE1,DEFINE2,DEFINE3,ISMULTISELECTEDENABLED,METADATAPROPERTY,ITEMTYPE,REFNAME,METAID,ISCODE,COLNUM,DEFAULTVALUE,ISDEFINED,CLASSID,PROID,HYPERLINKFLAG,ONLYLEAFCANSELECT,MOBILETITLE,ISLOCK,ISRESLABEL,SHOWDATAVAL,SHOWFOCUS,ISSYNCSIDE,ISSYNCFOLD,ISSYNCLIST,ISDATAPOWERENABLE,ISCONVERTTIMEZONES,REFCONDITION,ISGROUPPOWER,EDITDISABLED,TABSKIP,ALIGNMENT,FROZEN,SHOWASRANGE,ANOTHERLINE,COLUMNNUM,ICONTYPE,COREINDEX,ISCOREDATA,ISHIGHLIGHT,ISBOLD,CONTENTCOLOR,REFENTER,MULTIPLELINES,DR,TS ) values  ( '1001A11LCP000007K031','1001A11LCP000007K02F','组织多版本','pk_org_v','pk_org_v',120,'uapbd/refer/orgv/BusinessUnitVersionTreeRef/index',null,null,null,'N','N','N',20,null,null,null,null,null,null,19,null,204,'0001Z01000000002V000,code=N',null,null,null,null,null,null,null,null,'N','uap.org_v.name','refer','业务单元版本','da7bba89-9a59-42d6-a262-c13ef459dbd9',null,null,null,'N','c20d2227-2ecd-44d8-bc4f-f5fcafe82248','e64e8e75-ed43-4401-bf68-61fb48809f67',null,null,null,null,null,null,null,null,null,null,null,null,null,null,null,null,null,null,null,null,null,null,null,null,null,null,null,null,null,0,null ) 
/

insert into PUB_FORM_PROPERTY ( PK_FORM_PROPERTY,AREAID,LABEL,CODE,METAPATH,WIDTH,REFCODE,ISNEXTROW,ISREVISE,ISTOTAL,REQUIRED,DISABLED,VISIBLE,MAXLENGTH,TEXTROWS,CREATOR,MODIFIER,CREATIONTIME,MODIFIEDTIME,RESID,POSITION,COLOR,DATATYPE,DATAVAL,SHOWFORMULA,EDITFORMULA,VALIDATEFORMULA,DEFAULTVAR,RELATEMETA,DEFINE1,DEFINE2,DEFINE3,ISMULTISELECTEDENABLED,METADATAPROPERTY,ITEMTYPE,REFNAME,METAID,ISCODE,COLNUM,DEFAULTVALUE,ISDEFINED,CLASSID,PROID,HYPERLINKFLAG,ONLYLEAFCANSELECT,MOBILETITLE,ISLOCK,ISRESLABEL,SHOWDATAVAL,SHOWFOCUS,ISSYNCSIDE,ISSYNCFOLD,ISSYNCLIST,ISDATAPOWERENABLE,ISCONVERTTIMEZONES,REFCONDITION,ISGROUPPOWER,EDITDISABLED,TABSKIP,ALIGNMENT,FROZEN,SHOWASRANGE,ANOTHERLINE,COLUMNNUM,ICONTYPE,COREINDEX,ISCOREDATA,ISHIGHLIGHT,ISBOLD,CONTENTCOLOR,REFENTER,MULTIPLELINES,DR,TS ) values  ( '1001A11LCP000007K032','1001A11LCP000007K02G','创建人','creator','creator',120,'uap/refer/riart/userDefaultRefer/index',null,null,null,'N','Y','Y',20,null,null,null,null,null,null,0,null,204,'0001Z01000000001BVPB,code=N',null,null,null,null,null,null,null,null,'N','uap.user.user_name','refer','用户','f6f9a473-56c0-432f-8bc7-fbf8fde54fee',null,null,null,'N','c20d2227-2ecd-44d8-bc4f-f5fcafe82248','ee8550c6-dcdd-4f88-96e5-f157e3601a55',null,null,null,null,null,null,null,null,null,null,null,null,null,null,null,null,null,null,null,null,null,null,null,null,null,null,null,null,null,0,null ) 
/

insert into PUB_FORM_PROPERTY ( PK_FORM_PROPERTY,AREAID,LABEL,CODE,METAPATH,WIDTH,REFCODE,ISNEXTROW,ISREVISE,ISTOTAL,REQUIRED,DISABLED,VISIBLE,MAXLENGTH,TEXTROWS,CREATOR,MODIFIER,CREATIONTIME,MODIFIEDTIME,RESID,POSITION,COLOR,DATATYPE,DATAVAL,SHOWFORMULA,EDITFORMULA,VALIDATEFORMULA,DEFAULTVAR,RELATEMETA,DEFINE1,DEFINE2,DEFINE3,ISMULTISELECTEDENABLED,METADATAPROPERTY,ITEMTYPE,REFNAME,METAID,ISCODE,COLNUM,DEFAULTVALUE,ISDEFINED,CLASSID,PROID,HYPERLINKFLAG,ONLYLEAFCANSELECT,MOBILETITLE,ISLOCK,ISRESLABEL,SHOWDATAVAL,SHOWFOCUS,ISSYNCSIDE,ISSYNCFOLD,ISSYNCLIST,ISDATAPOWERENABLE,ISCONVERTTIMEZONES,REFCONDITION,ISGROUPPOWER,EDITDISABLED,TABSKIP,ALIGNMENT,FROZEN,SHOWASRANGE,ANOTHERLINE,COLUMNNUM,ICONTYPE,COREINDEX,ISCOREDATA,ISHIGHLIGHT,ISBOLD,CONTENTCOLOR,REFENTER,MULTIPLELINES,DR,TS ) values  ( '1001A11LCP000007K033','1001A11LCP000007K02G','创建时间','creationtime','creationtime',120,null,null,null,null,'N','Y','Y',19,null,null,null,null,null,null,1,null,34,null,null,null,null,null,null,null,null,null,'N',null,'datetimepicker',null,null,null,null,null,'N','c20d2227-2ecd-44d8-bc4f-f5fcafe82248','59b1702f-4669-4941-91b0-0cb4de24ea03',null,null,null,null,null,null,null,null,null,null,null,null,null,null,null,null,null,null,null,null,null,null,null,null,null,null,null,null,null,0,null ) 
/

insert into PUB_FORM_PROPERTY ( PK_FORM_PROPERTY,AREAID,LABEL,CODE,METAPATH,WIDTH,REFCODE,ISNEXTROW,ISREVISE,ISTOTAL,REQUIRED,DISABLED,VISIBLE,MAXLENGTH,TEXTROWS,CREATOR,MODIFIER,CREATIONTIME,MODIFIEDTIME,RESID,POSITION,COLOR,DATATYPE,DATAVAL,SHOWFORMULA,EDITFORMULA,VALIDATEFORMULA,DEFAULTVAR,RELATEMETA,DEFINE1,DEFINE2,DEFINE3,ISMULTISELECTEDENABLED,METADATAPROPERTY,ITEMTYPE,REFNAME,METAID,ISCODE,COLNUM,DEFAULTVALUE,ISDEFINED,CLASSID,PROID,HYPERLINKFLAG,ONLYLEAFCANSELECT,MOBILETITLE,ISLOCK,ISRESLABEL,SHOWDATAVAL,SHOWFOCUS,ISSYNCSIDE,ISSYNCFOLD,ISSYNCLIST,ISDATAPOWERENABLE,ISCONVERTTIMEZONES,REFCONDITION,ISGROUPPOWER,EDITDISABLED,TABSKIP,ALIGNMENT,FROZEN,SHOWASRANGE,ANOTHERLINE,COLUMNNUM,ICONTYPE,COREINDEX,ISCOREDATA,ISHIGHLIGHT,ISBOLD,CONTENTCOLOR,REFENTER,MULTIPLELINES,DR,TS ) values  ( '1001A11LCP000007K034','1001A11LCP000007K02G','最后修改人','modifier','modifier',120,'uap/refer/riart/userDefaultRefer/index',null,null,null,'N','Y','Y',20,null,null,null,null,null,null,2,null,204,'0001Z01000000001BVPB,code=N',null,null,null,null,null,null,null,null,'N','uap.user.user_name','refer','用户','f6f9a473-56c0-432f-8bc7-fbf8fde54fee',null,null,null,'N','c20d2227-2ecd-44d8-bc4f-f5fcafe82248','d8216a47-88d2-455a-96bb-78f8de12abe9',null,null,null,null,null,null,null,null,null,null,null,null,null,null,null,null,null,null,null,null,null,null,null,null,null,null,null,null,null,0,null ) 
/

insert into PUB_FORM_PROPERTY ( PK_FORM_PROPERTY,AREAID,LABEL,CODE,METAPATH,WIDTH,REFCODE,ISNEXTROW,ISREVISE,ISTOTAL,REQUIRED,DISABLED,VISIBLE,MAXLENGTH,TEXTROWS,CREATOR,MODIFIER,CREATIONTIME,MODIFIEDTIME,RESID,POSITION,COLOR,DATATYPE,DATAVAL,SHOWFORMULA,EDITFORMULA,VALIDATEFORMULA,DEFAULTVAR,RELATEMETA,DEFINE1,DEFINE2,DEFINE3,ISMULTISELECTEDENABLED,METADATAPROPERTY,ITEMTYPE,REFNAME,METAID,ISCODE,COLNUM,DEFAULTVALUE,ISDEFINED,CLASSID,PROID,HYPERLINKFLAG,ONLYLEAFCANSELECT,MOBILETITLE,ISLOCK,ISRESLABEL,SHOWDATAVAL,SHOWFOCUS,ISSYNCSIDE,ISSYNCFOLD,ISSYNCLIST,ISDATAPOWERENABLE,ISCONVERTTIMEZONES,REFCONDITION,ISGROUPPOWER,EDITDISABLED,TABSKIP,ALIGNMENT,FROZEN,SHOWASRANGE,ANOTHERLINE,COLUMNNUM,ICONTYPE,COREINDEX,ISCOREDATA,ISHIGHLIGHT,ISBOLD,CONTENTCOLOR,REFENTER,MULTIPLELINES,DR,TS ) values  ( '1001A11LCP000007K035','1001A11LCP000007K02G','最后修改时间','modifiedtime','modifiedtime',120,null,null,null,null,'N','Y','Y',19,null,null,null,null,null,null,3,null,34,null,null,null,null,null,null,null,null,null,'N',null,'datetimepicker',null,null,null,null,null,'N','c20d2227-2ecd-44d8-bc4f-f5fcafe82248','62ea3138-a8df-40f5-8ca9-35a161797955',null,null,null,null,null,null,null,null,null,null,null,null,null,null,null,null,null,null,null,null,null,null,null,null,null,null,null,null,null,0,null ) 
/

insert into PUB_AREA ( PK_AREA,CODE,NAME,AREATYPE,ASSOCIATEDTABLAYOUT,TEMPLETID,CREATOR,MODIFIER,CREATIONTIME,MODIFIEDTIME,RESID,RELATIONCODE,AREASTATUS,PAGINATION,CLAZZ,METAID,METANAME,ASSOCIATEDTAB,POSITION,METASPACE,AREADESC,TABHEADCODE,ISUNFOLD,ISGRANDSON,AREAHIDE,ISCLOSEQUICKQUERY,PAGESIZE,MAINNESTAREACODE,COLUMNNUM,ICONTYPE,DR,TS ) values  ( '1001A11LCP000007K02F','testmdMasterForm','主实体_主表单',1,'horizontal','1001A11LCP000007K02E',null,null,null,null,null,null,'browse','','nc.vo.testmd.testmd.TestmdMasterVO','c20d2227-2ecd-44d8-bc4f-f5fcafe82248','主实体',null,0,'testmd.testmdMaster',null,null,null,'N',null,null,null,null,null,null,0,null ) 
/

insert into PUB_AREA ( PK_AREA,CODE,NAME,AREATYPE,ASSOCIATEDTABLAYOUT,TEMPLETID,CREATOR,MODIFIER,CREATIONTIME,MODIFIEDTIME,RESID,RELATIONCODE,AREASTATUS,PAGINATION,CLAZZ,METAID,METANAME,ASSOCIATEDTAB,POSITION,METASPACE,AREADESC,TABHEADCODE,ISUNFOLD,ISGRANDSON,AREAHIDE,ISCLOSEQUICKQUERY,PAGESIZE,MAINNESTAREACODE,COLUMNNUM,ICONTYPE,DR,TS ) values  ( '1001A11LCP000007K02G','testmdMasterAudit','操作信息',1,'horizontal','1001A11LCP000007K02E',null,null,null,null,null,'testmdMasterForm','browse','','nc.vo.testmd.testmd.TestmdMasterVO','c20d2227-2ecd-44d8-bc4f-f5fcafe82248','主实体',null,1,'testmd.testmdMaster',null,null,null,'N',null,null,null,null,null,null,0,null ) 
/

insert into PUB_FORM_PROPERTY ( PK_FORM_PROPERTY,AREAID,LABEL,CODE,METAPATH,WIDTH,REFCODE,ISNEXTROW,ISREVISE,ISTOTAL,REQUIRED,DISABLED,VISIBLE,MAXLENGTH,TEXTROWS,CREATOR,MODIFIER,CREATIONTIME,MODIFIEDTIME,RESID,POSITION,COLOR,DATATYPE,DATAVAL,SHOWFORMULA,EDITFORMULA,VALIDATEFORMULA,DEFAULTVAR,RELATEMETA,DEFINE1,DEFINE2,DEFINE3,ISMULTISELECTEDENABLED,METADATAPROPERTY,ITEMTYPE,REFNAME,METAID,ISCODE,COLNUM,DEFAULTVALUE,ISDEFINED,CLASSID,PROID,HYPERLINKFLAG,ONLYLEAFCANSELECT,MOBILETITLE,ISLOCK,ISRESLABEL,SHOWDATAVAL,SHOWFOCUS,ISSYNCSIDE,ISSYNCFOLD,ISSYNCLIST,ISDATAPOWERENABLE,ISCONVERTTIMEZONES,REFCONDITION,ISGROUPPOWER,EDITDISABLED,TABSKIP,ALIGNMENT,FROZEN,SHOWASRANGE,ANOTHERLINE,COLUMNNUM,ICONTYPE,COREINDEX,ISCOREDATA,ISHIGHLIGHT,ISBOLD,CONTENTCOLOR,REFENTER,MULTIPLELINES,DR,TS ) values  ( '1001A11LCP000007K039','1001A11LCP000007K036','行号','rowno','rowno',120,null,null,null,null,'N','N','Y',50,null,null,null,null,null,null,0,null,1,null,null,null,null,null,null,null,null,null,'N',null,'input',null,null,null,null,null,'N','8ac0927f-d8fe-4c7a-b892-ba25a16495d0','d15a27ac-71d8-4fee-a010-3c09684dc17a',null,null,null,null,null,null,null,null,null,null,null,null,null,null,null,null,null,null,null,null,null,null,null,null,null,null,null,null,null,0,null ) 
/

insert into PUB_FORM_PROPERTY ( PK_FORM_PROPERTY,AREAID,LABEL,CODE,METAPATH,WIDTH,REFCODE,ISNEXTROW,ISREVISE,ISTOTAL,REQUIRED,DISABLED,VISIBLE,MAXLENGTH,TEXTROWS,CREATOR,MODIFIER,CREATIONTIME,MODIFIEDTIME,RESID,POSITION,COLOR,DATATYPE,DATAVAL,SHOWFORMULA,EDITFORMULA,VALIDATEFORMULA,DEFAULTVAR,RELATEMETA,DEFINE1,DEFINE2,DEFINE3,ISMULTISELECTEDENABLED,METADATAPROPERTY,ITEMTYPE,REFNAME,METAID,ISCODE,COLNUM,DEFAULTVALUE,ISDEFINED,CLASSID,PROID,HYPERLINKFLAG,ONLYLEAFCANSELECT,MOBILETITLE,ISLOCK,ISRESLABEL,SHOWDATAVAL,SHOWFOCUS,ISSYNCSIDE,ISSYNCFOLD,ISSYNCLIST,ISDATAPOWERENABLE,ISCONVERTTIMEZONES,REFCONDITION,ISGROUPPOWER,EDITDISABLED,TABSKIP,ALIGNMENT,FROZEN,SHOWASRANGE,ANOTHERLINE,COLUMNNUM,ICONTYPE,COREINDEX,ISCOREDATA,ISHIGHLIGHT,ISBOLD,CONTENTCOLOR,REFENTER,MULTIPLELINES,DR,TS ) values  ( '1001A11LCP000007K03A','1001A11LCP000007K036','主键','pk_testmdslave0','pk_testmdslave0',120,null,null,null,null,'Y','N','N',20,null,null,null,null,null,null,1,null,51,null,null,null,null,null,null,null,null,null,'N',null,'input',null,null,null,null,null,'N','8ac0927f-d8fe-4c7a-b892-ba25a16495d0','f8e84a0f-71c8-4fdf-8a0e-9f796f7f6e4a',null,null,null,null,null,null,null,null,null,null,null,null,null,null,null,null,null,null,null,null,null,null,null,null,null,null,null,null,null,0,null ) 
/

insert into PUB_FORM_PROPERTY ( PK_FORM_PROPERTY,AREAID,LABEL,CODE,METAPATH,WIDTH,REFCODE,ISNEXTROW,ISREVISE,ISTOTAL,REQUIRED,DISABLED,VISIBLE,MAXLENGTH,TEXTROWS,CREATOR,MODIFIER,CREATIONTIME,MODIFIEDTIME,RESID,POSITION,COLOR,DATATYPE,DATAVAL,SHOWFORMULA,EDITFORMULA,VALIDATEFORMULA,DEFAULTVAR,RELATEMETA,DEFINE1,DEFINE2,DEFINE3,ISMULTISELECTEDENABLED,METADATAPROPERTY,ITEMTYPE,REFNAME,METAID,ISCODE,COLNUM,DEFAULTVALUE,ISDEFINED,CLASSID,PROID,HYPERLINKFLAG,ONLYLEAFCANSELECT,MOBILETITLE,ISLOCK,ISRESLABEL,SHOWDATAVAL,SHOWFOCUS,ISSYNCSIDE,ISSYNCFOLD,ISSYNCLIST,ISDATAPOWERENABLE,ISCONVERTTIMEZONES,REFCONDITION,ISGROUPPOWER,EDITDISABLED,TABSKIP,ALIGNMENT,FROZEN,SHOWASRANGE,ANOTHERLINE,COLUMNNUM,ICONTYPE,COREINDEX,ISCOREDATA,ISHIGHLIGHT,ISBOLD,CONTENTCOLOR,REFENTER,MULTIPLELINES,DR,TS ) values  ( '1001A11LCP000007K03B','1001A11LCP000007K036','来源行号','srcrowno','srcrowno',120,null,null,null,null,'N','N','N',50,null,null,null,null,null,null,2,null,1,null,null,null,null,null,null,null,null,null,'N',null,'input',null,null,null,null,null,'N','8ac0927f-d8fe-4c7a-b892-ba25a16495d0','d67ee7e6-d930-4246-a53e-bc47215275ff',null,null,null,null,null,null,null,null,null,null,null,null,null,null,null,null,null,null,null,null,null,null,null,null,null,null,null,null,null,0,null ) 
/

insert into PUB_FORM_PROPERTY ( PK_FORM_PROPERTY,AREAID,LABEL,CODE,METAPATH,WIDTH,REFCODE,ISNEXTROW,ISREVISE,ISTOTAL,REQUIRED,DISABLED,VISIBLE,MAXLENGTH,TEXTROWS,CREATOR,MODIFIER,CREATIONTIME,MODIFIEDTIME,RESID,POSITION,COLOR,DATATYPE,DATAVAL,SHOWFORMULA,EDITFORMULA,VALIDATEFORMULA,DEFAULTVAR,RELATEMETA,DEFINE1,DEFINE2,DEFINE3,ISMULTISELECTEDENABLED,METADATAPROPERTY,ITEMTYPE,REFNAME,METAID,ISCODE,COLNUM,DEFAULTVALUE,ISDEFINED,CLASSID,PROID,HYPERLINKFLAG,ONLYLEAFCANSELECT,MOBILETITLE,ISLOCK,ISRESLABEL,SHOWDATAVAL,SHOWFOCUS,ISSYNCSIDE,ISSYNCFOLD,ISSYNCLIST,ISDATAPOWERENABLE,ISCONVERTTIMEZONES,REFCONDITION,ISGROUPPOWER,EDITDISABLED,TABSKIP,ALIGNMENT,FROZEN,SHOWASRANGE,ANOTHERLINE,COLUMNNUM,ICONTYPE,COREINDEX,ISCOREDATA,ISHIGHLIGHT,ISBOLD,CONTENTCOLOR,REFENTER,MULTIPLELINES,DR,TS ) values  ( '1001A11LCP000007K03C','1001A11LCP000007K037','行号','rowno','rowno',120,null,null,null,null,'N','N','Y',50,null,null,null,null,null,null,0,null,1,null,null,null,null,null,null,null,null,null,'N',null,'input',null,null,null,null,null,'N','8ac0927f-d8fe-4c7a-b892-ba25a16495d0','d15a27ac-71d8-4fee-a010-3c09684dc17a',null,null,null,null,null,null,null,null,null,null,null,null,null,null,null,null,null,null,null,null,null,null,null,null,null,null,null,null,null,0,null ) 
/

insert into PUB_FORM_PROPERTY ( PK_FORM_PROPERTY,AREAID,LABEL,CODE,METAPATH,WIDTH,REFCODE,ISNEXTROW,ISREVISE,ISTOTAL,REQUIRED,DISABLED,VISIBLE,MAXLENGTH,TEXTROWS,CREATOR,MODIFIER,CREATIONTIME,MODIFIEDTIME,RESID,POSITION,COLOR,DATATYPE,DATAVAL,SHOWFORMULA,EDITFORMULA,VALIDATEFORMULA,DEFAULTVAR,RELATEMETA,DEFINE1,DEFINE2,DEFINE3,ISMULTISELECTEDENABLED,METADATAPROPERTY,ITEMTYPE,REFNAME,METAID,ISCODE,COLNUM,DEFAULTVALUE,ISDEFINED,CLASSID,PROID,HYPERLINKFLAG,ONLYLEAFCANSELECT,MOBILETITLE,ISLOCK,ISRESLABEL,SHOWDATAVAL,SHOWFOCUS,ISSYNCSIDE,ISSYNCFOLD,ISSYNCLIST,ISDATAPOWERENABLE,ISCONVERTTIMEZONES,REFCONDITION,ISGROUPPOWER,EDITDISABLED,TABSKIP,ALIGNMENT,FROZEN,SHOWASRANGE,ANOTHERLINE,COLUMNNUM,ICONTYPE,COREINDEX,ISCOREDATA,ISHIGHLIGHT,ISBOLD,CONTENTCOLOR,REFENTER,MULTIPLELINES,DR,TS ) values  ( '1001A11LCP000007K03D','1001A11LCP000007K037','主键','pk_testmdslave0','pk_testmdslave0',120,null,null,null,null,'Y','N','N',20,null,null,null,null,null,null,1,null,51,null,null,null,null,null,null,null,null,null,'N',null,'input',null,null,null,null,null,'N','8ac0927f-d8fe-4c7a-b892-ba25a16495d0','f8e84a0f-71c8-4fdf-8a0e-9f796f7f6e4a',null,null,null,null,null,null,null,null,null,null,null,null,null,null,null,null,null,null,null,null,null,null,null,null,null,null,null,null,null,0,null ) 
/

insert into PUB_FORM_PROPERTY ( PK_FORM_PROPERTY,AREAID,LABEL,CODE,METAPATH,WIDTH,REFCODE,ISNEXTROW,ISREVISE,ISTOTAL,REQUIRED,DISABLED,VISIBLE,MAXLENGTH,TEXTROWS,CREATOR,MODIFIER,CREATIONTIME,MODIFIEDTIME,RESID,POSITION,COLOR,DATATYPE,DATAVAL,SHOWFORMULA,EDITFORMULA,VALIDATEFORMULA,DEFAULTVAR,RELATEMETA,DEFINE1,DEFINE2,DEFINE3,ISMULTISELECTEDENABLED,METADATAPROPERTY,ITEMTYPE,REFNAME,METAID,ISCODE,COLNUM,DEFAULTVALUE,ISDEFINED,CLASSID,PROID,HYPERLINKFLAG,ONLYLEAFCANSELECT,MOBILETITLE,ISLOCK,ISRESLABEL,SHOWDATAVAL,SHOWFOCUS,ISSYNCSIDE,ISSYNCFOLD,ISSYNCLIST,ISDATAPOWERENABLE,ISCONVERTTIMEZONES,REFCONDITION,ISGROUPPOWER,EDITDISABLED,TABSKIP,ALIGNMENT,FROZEN,SHOWASRANGE,ANOTHERLINE,COLUMNNUM,ICONTYPE,COREINDEX,ISCOREDATA,ISHIGHLIGHT,ISBOLD,CONTENTCOLOR,REFENTER,MULTIPLELINES,DR,TS ) values  ( '1001A11LCP000007K03E','1001A11LCP000007K037','来源行号','srcrowno','srcrowno',120,null,null,null,null,'N','N','N',50,null,null,null,null,null,null,2,null,1,null,null,null,null,null,null,null,null,null,'N',null,'input',null,null,null,null,null,'N','8ac0927f-d8fe-4c7a-b892-ba25a16495d0','d67ee7e6-d930-4246-a53e-bc47215275ff',null,null,null,null,null,null,null,null,null,null,null,null,null,null,null,null,null,null,null,null,null,null,null,null,null,null,null,null,null,0,null ) 
/

insert into PUB_FORM_PROPERTY ( PK_FORM_PROPERTY,AREAID,LABEL,CODE,METAPATH,WIDTH,REFCODE,ISNEXTROW,ISREVISE,ISTOTAL,REQUIRED,DISABLED,VISIBLE,MAXLENGTH,TEXTROWS,CREATOR,MODIFIER,CREATIONTIME,MODIFIEDTIME,RESID,POSITION,COLOR,DATATYPE,DATAVAL,SHOWFORMULA,EDITFORMULA,VALIDATEFORMULA,DEFAULTVAR,RELATEMETA,DEFINE1,DEFINE2,DEFINE3,ISMULTISELECTEDENABLED,METADATAPROPERTY,ITEMTYPE,REFNAME,METAID,ISCODE,COLNUM,DEFAULTVALUE,ISDEFINED,CLASSID,PROID,HYPERLINKFLAG,ONLYLEAFCANSELECT,MOBILETITLE,ISLOCK,ISRESLABEL,SHOWDATAVAL,SHOWFOCUS,ISSYNCSIDE,ISSYNCFOLD,ISSYNCLIST,ISDATAPOWERENABLE,ISCONVERTTIMEZONES,REFCONDITION,ISGROUPPOWER,EDITDISABLED,TABSKIP,ALIGNMENT,FROZEN,SHOWASRANGE,ANOTHERLINE,COLUMNNUM,ICONTYPE,COREINDEX,ISCOREDATA,ISHIGHLIGHT,ISBOLD,CONTENTCOLOR,REFENTER,MULTIPLELINES,DR,TS ) values  ( '1001A11LCP000007K03F','1001A11LCP000007K038','行号','rowno','rowno',120,null,null,null,null,'N','N','Y',50,null,null,null,null,null,null,0,null,1,null,null,null,null,null,null,null,null,null,'N',null,'input',null,null,null,null,null,'N','8ac0927f-d8fe-4c7a-b892-ba25a16495d0','d15a27ac-71d8-4fee-a010-3c09684dc17a',null,null,null,null,null,null,null,null,null,null,null,null,null,null,null,null,null,null,null,null,null,null,null,null,null,null,null,null,null,0,null ) 
/

insert into PUB_FORM_PROPERTY ( PK_FORM_PROPERTY,AREAID,LABEL,CODE,METAPATH,WIDTH,REFCODE,ISNEXTROW,ISREVISE,ISTOTAL,REQUIRED,DISABLED,VISIBLE,MAXLENGTH,TEXTROWS,CREATOR,MODIFIER,CREATIONTIME,MODIFIEDTIME,RESID,POSITION,COLOR,DATATYPE,DATAVAL,SHOWFORMULA,EDITFORMULA,VALIDATEFORMULA,DEFAULTVAR,RELATEMETA,DEFINE1,DEFINE2,DEFINE3,ISMULTISELECTEDENABLED,METADATAPROPERTY,ITEMTYPE,REFNAME,METAID,ISCODE,COLNUM,DEFAULTVALUE,ISDEFINED,CLASSID,PROID,HYPERLINKFLAG,ONLYLEAFCANSELECT,MOBILETITLE,ISLOCK,ISRESLABEL,SHOWDATAVAL,SHOWFOCUS,ISSYNCSIDE,ISSYNCFOLD,ISSYNCLIST,ISDATAPOWERENABLE,ISCONVERTTIMEZONES,REFCONDITION,ISGROUPPOWER,EDITDISABLED,TABSKIP,ALIGNMENT,FROZEN,SHOWASRANGE,ANOTHERLINE,COLUMNNUM,ICONTYPE,COREINDEX,ISCOREDATA,ISHIGHLIGHT,ISBOLD,CONTENTCOLOR,REFENTER,MULTIPLELINES,DR,TS ) values  ( '1001A11LCP000007K03G','1001A11LCP000007K038','主键','pk_testmdslave0','pk_testmdslave0',120,null,null,null,null,'Y','N','N',20,null,null,null,null,null,null,1,null,51,null,null,null,null,null,null,null,null,null,'N',null,'input',null,null,null,null,null,'N','8ac0927f-d8fe-4c7a-b892-ba25a16495d0','f8e84a0f-71c8-4fdf-8a0e-9f796f7f6e4a',null,null,null,null,null,null,null,null,null,null,null,null,null,null,null,null,null,null,null,null,null,null,null,null,null,null,null,null,null,0,null ) 
/

insert into PUB_FORM_PROPERTY ( PK_FORM_PROPERTY,AREAID,LABEL,CODE,METAPATH,WIDTH,REFCODE,ISNEXTROW,ISREVISE,ISTOTAL,REQUIRED,DISABLED,VISIBLE,MAXLENGTH,TEXTROWS,CREATOR,MODIFIER,CREATIONTIME,MODIFIEDTIME,RESID,POSITION,COLOR,DATATYPE,DATAVAL,SHOWFORMULA,EDITFORMULA,VALIDATEFORMULA,DEFAULTVAR,RELATEMETA,DEFINE1,DEFINE2,DEFINE3,ISMULTISELECTEDENABLED,METADATAPROPERTY,ITEMTYPE,REFNAME,METAID,ISCODE,COLNUM,DEFAULTVALUE,ISDEFINED,CLASSID,PROID,HYPERLINKFLAG,ONLYLEAFCANSELECT,MOBILETITLE,ISLOCK,ISRESLABEL,SHOWDATAVAL,SHOWFOCUS,ISSYNCSIDE,ISSYNCFOLD,ISSYNCLIST,ISDATAPOWERENABLE,ISCONVERTTIMEZONES,REFCONDITION,ISGROUPPOWER,EDITDISABLED,TABSKIP,ALIGNMENT,FROZEN,SHOWASRANGE,ANOTHERLINE,COLUMNNUM,ICONTYPE,COREINDEX,ISCOREDATA,ISHIGHLIGHT,ISBOLD,CONTENTCOLOR,REFENTER,MULTIPLELINES,DR,TS ) values  ( '1001A11LCP000007K03H','1001A11LCP000007K038','来源行号','srcrowno','srcrowno',120,null,null,null,null,'N','N','N',50,null,null,null,null,null,null,2,null,1,null,null,null,null,null,null,null,null,null,'N',null,'input',null,null,null,null,null,'N','8ac0927f-d8fe-4c7a-b892-ba25a16495d0','d67ee7e6-d930-4246-a53e-bc47215275ff',null,null,null,null,null,null,null,null,null,null,null,null,null,null,null,null,null,null,null,null,null,null,null,null,null,null,null,null,null,0,null ) 
/

insert into PUB_AREA ( PK_AREA,CODE,NAME,AREATYPE,ASSOCIATEDTABLAYOUT,TEMPLETID,CREATOR,MODIFIER,CREATIONTIME,MODIFIEDTIME,RESID,RELATIONCODE,AREASTATUS,PAGINATION,CLAZZ,METAID,METANAME,ASSOCIATEDTAB,POSITION,METASPACE,AREADESC,TABHEADCODE,ISUNFOLD,ISGRANDSON,AREAHIDE,ISCLOSEQUICKQUERY,PAGESIZE,MAINNESTAREACODE,COLUMNNUM,ICONTYPE,DR,TS ) values  ( '1001A11LCP000007K036','testmdSlave0Sub','子实体0',2,'horizontal','1001A11LCP000007K02E',null,null,null,null,null,null,'browse','','nc.vo.testmd.testmd.TestmdSlave0VO','8ac0927f-d8fe-4c7a-b892-ba25a16495d0','子实体0',null,2,'testmd.testmdSlave0',null,null,null,'N',null,null,null,null,null,null,0,null ) 
/

insert into PUB_AREA ( PK_AREA,CODE,NAME,AREATYPE,ASSOCIATEDTABLAYOUT,TEMPLETID,CREATOR,MODIFIER,CREATIONTIME,MODIFIEDTIME,RESID,RELATIONCODE,AREASTATUS,PAGINATION,CLAZZ,METAID,METANAME,ASSOCIATEDTAB,POSITION,METASPACE,AREADESC,TABHEADCODE,ISUNFOLD,ISGRANDSON,AREAHIDE,ISCLOSEQUICKQUERY,PAGESIZE,MAINNESTAREACODE,COLUMNNUM,ICONTYPE,DR,TS ) values  ( '1001A11LCP000007K037','testmdSlave0Eside','子实体0',1,'horizontal','1001A11LCP000007K02E',null,null,null,null,null,'testmdSlave0Sub','edit','','nc.vo.testmd.testmd.TestmdSlave0VO','8ac0927f-d8fe-4c7a-b892-ba25a16495d0','子实体0',null,3,'testmd.testmdSlave0',null,null,null,'N',null,null,null,null,null,null,0,null ) 
/

insert into PUB_AREA ( PK_AREA,CODE,NAME,AREATYPE,ASSOCIATEDTABLAYOUT,TEMPLETID,CREATOR,MODIFIER,CREATIONTIME,MODIFIEDTIME,RESID,RELATIONCODE,AREASTATUS,PAGINATION,CLAZZ,METAID,METANAME,ASSOCIATEDTAB,POSITION,METASPACE,AREADESC,TABHEADCODE,ISUNFOLD,ISGRANDSON,AREAHIDE,ISCLOSEQUICKQUERY,PAGESIZE,MAINNESTAREACODE,COLUMNNUM,ICONTYPE,DR,TS ) values  ( '1001A11LCP000007K038','testmdSlave0Ecard','子实体0',1,'horizontal','1001A11LCP000007K02E',null,null,null,null,null,'testmdSlave0Sub','browse','','nc.vo.testmd.testmd.TestmdSlave0VO','8ac0927f-d8fe-4c7a-b892-ba25a16495d0','子实体0',null,4,'testmd.testmdSlave0',null,null,null,'N',null,null,null,null,null,null,0,null ) 
/

insert into SM_APPBUTNREGISTER ( PK_BTN,BTNCODE,BTNNAME,BTNDESC,RESID,APPID,TEMPLETID,ISENABLE,PAGECODE,BTNORDER,BTNTYPE,BTNAREA,PARENT_CODE,ISKEYFUNC,KEYBOARD,BTNCOLOR,PAGEAREACODE,PAGEDIMENSION,DISPLAYAREA,ACTIONAREA,GROUPDIRECTION,DISABLED,VISIBLE,DR,TS ) values  ( '1001A11LCP000007K05G','Refresh','',null,null,'1001A11LCP000007K02B',null,'Y','10880557L_testmdMasterL',1,'general_btn','common',null,null,'F5','button_secondary',null,null,null,null,null,null,null,0,null ) 
/

insert into SM_APPBUTNREGISTER ( PK_BTN,BTNCODE,BTNNAME,BTNDESC,RESID,APPID,TEMPLETID,ISENABLE,PAGECODE,BTNORDER,BTNTYPE,BTNAREA,PARENT_CODE,ISKEYFUNC,KEYBOARD,BTNCOLOR,PAGEAREACODE,PAGEDIMENSION,DISPLAYAREA,ACTIONAREA,GROUPDIRECTION,DISABLED,VISIBLE,DR,TS ) values  ( '1001A11LCP000007K05H','testmdSlave0_AddLine_Group','',null,null,'1001A11LCP000007K02B',null,'Y','10880557L_testmdMasterL',2,'buttongroup','testmdSlave0',null,null,'','button_secondary',null,null,null,null,null,null,null,0,null ) 
/

insert into SM_APPBUTNREGISTER ( PK_BTN,BTNCODE,BTNNAME,BTNDESC,RESID,APPID,TEMPLETID,ISENABLE,PAGECODE,BTNORDER,BTNTYPE,BTNAREA,PARENT_CODE,ISKEYFUNC,KEYBOARD,BTNCOLOR,PAGEAREACODE,PAGEDIMENSION,DISPLAYAREA,ACTIONAREA,GROUPDIRECTION,DISABLED,VISIBLE,DR,TS ) values  ( '1001A11LCP000007K05I','testmdSlave0_AddLine','增行',null,null,'1001A11LCP000007K02B',null,'Y','10880557L_testmdMasterL',3,'general_btn','testmdSlave0','testmdSlave0_AddLine_Group',null,'Alt+N','button_secondary',null,null,null,null,null,null,null,0,null ) 
/

insert into SM_APPBUTNREGISTER ( PK_BTN,BTNCODE,BTNNAME,BTNDESC,RESID,APPID,TEMPLETID,ISENABLE,PAGECODE,BTNORDER,BTNTYPE,BTNAREA,PARENT_CODE,ISKEYFUNC,KEYBOARD,BTNCOLOR,PAGEAREACODE,PAGEDIMENSION,DISPLAYAREA,ACTIONAREA,GROUPDIRECTION,DISABLED,VISIBLE,DR,TS ) values  ( '1001A11LCP000007K05J','testmdSlave0_CopyLine','复制',null,null,'1001A11LCP000007K02B',null,'Y','10880557L_testmdMasterL',4,'general_btn','testmdSlave0','testmdSlave0_AddLine_Group',null,'alt+c','button_secondary',null,null,null,null,null,null,null,0,null ) 
/

insert into SM_APPBUTNREGISTER ( PK_BTN,BTNCODE,BTNNAME,BTNDESC,RESID,APPID,TEMPLETID,ISENABLE,PAGECODE,BTNORDER,BTNTYPE,BTNAREA,PARENT_CODE,ISKEYFUNC,KEYBOARD,BTNCOLOR,PAGEAREACODE,PAGEDIMENSION,DISPLAYAREA,ACTIONAREA,GROUPDIRECTION,DISABLED,VISIBLE,DR,TS ) values  ( '1001A11LCP000007K05K','testmdSlave0_DelLine','删行',null,null,'1001A11LCP000007K02B',null,'Y','10880557L_testmdMasterL',5,'general_btn','testmdSlave0','testmdSlave0_AddLine_Group',null,'alt+del','button_secondary',null,null,null,null,null,null,null,0,null ) 
/

insert into SM_APPBUTNREGISTER ( PK_BTN,BTNCODE,BTNNAME,BTNDESC,RESID,APPID,TEMPLETID,ISENABLE,PAGECODE,BTNORDER,BTNTYPE,BTNAREA,PARENT_CODE,ISKEYFUNC,KEYBOARD,BTNCOLOR,PAGEAREACODE,PAGEDIMENSION,DISPLAYAREA,ACTIONAREA,GROUPDIRECTION,DISABLED,VISIBLE,DR,TS ) values  ( '1001A11LCP000007K05L','testmdSlave0_Past_Group','',null,null,'1001A11LCP000007K02B',null,'Y','10880557L_testmdMasterL',6,'buttongroup','testmdSlave0',null,null,'','button_secondary',null,null,null,null,null,null,null,0,null ) 
/

insert into SM_APPBUTNREGISTER ( PK_BTN,BTNCODE,BTNNAME,BTNDESC,RESID,APPID,TEMPLETID,ISENABLE,PAGECODE,BTNORDER,BTNTYPE,BTNAREA,PARENT_CODE,ISKEYFUNC,KEYBOARD,BTNCOLOR,PAGEAREACODE,PAGEDIMENSION,DISPLAYAREA,ACTIONAREA,GROUPDIRECTION,DISABLED,VISIBLE,DR,TS ) values  ( '1001A11LCP000007K05M','testmdSlave0_PastEndLine','粘贴到末行',null,null,'1001A11LCP000007K02B',null,'Y','10880557L_testmdMasterL',7,'general_btn','testmdSlave0','testmdSlave0_Past_Group',null,'Ctrl+Alt+V','button_secondary',null,null,null,null,null,null,null,0,null ) 
/

insert into SM_APPBUTNREGISTER ( PK_BTN,BTNCODE,BTNNAME,BTNDESC,RESID,APPID,TEMPLETID,ISENABLE,PAGECODE,BTNORDER,BTNTYPE,BTNAREA,PARENT_CODE,ISKEYFUNC,KEYBOARD,BTNCOLOR,PAGEAREACODE,PAGEDIMENSION,DISPLAYAREA,ACTIONAREA,GROUPDIRECTION,DISABLED,VISIBLE,DR,TS ) values  ( '1001A11LCP000007K05N','testmdSlave0_CopyCancelLine','取消',null,null,'1001A11LCP000007K02B',null,'Y','10880557L_testmdMasterL',8,'general_btn','testmdSlave0','testmdSlave0_Past_Group',null,null,'button_secondary',null,null,null,null,null,null,null,0,null ) 
/

insert into SM_APPBUTNREGISTER ( PK_BTN,BTNCODE,BTNNAME,BTNDESC,RESID,APPID,TEMPLETID,ISENABLE,PAGECODE,BTNORDER,BTNTYPE,BTNAREA,PARENT_CODE,ISKEYFUNC,KEYBOARD,BTNCOLOR,PAGEAREACODE,PAGEDIMENSION,DISPLAYAREA,ACTIONAREA,GROUPDIRECTION,DISABLED,VISIBLE,DR,TS ) values  ( '1001A11LCP000007K05O','testmdSlave0_Opr_DelLine','删行',null,null,'1001A11LCP000007K02B',null,'Y','10880557L_testmdMasterL',9,'general_btn','testmdSlave0_Opr',null,null,'alt+del','button_secondary',null,null,null,null,null,null,null,0,null ) 
/

insert into SM_APPBUTNREGISTER ( PK_BTN,BTNCODE,BTNNAME,BTNDESC,RESID,APPID,TEMPLETID,ISENABLE,PAGECODE,BTNORDER,BTNTYPE,BTNAREA,PARENT_CODE,ISKEYFUNC,KEYBOARD,BTNCOLOR,PAGEAREACODE,PAGEDIMENSION,DISPLAYAREA,ACTIONAREA,GROUPDIRECTION,DISABLED,VISIBLE,DR,TS ) values  ( '1001A11LCP000007K05P','testmdSlave0_Opr_ExpandLine','展开',null,null,'1001A11LCP000007K02B',null,'Y','10880557L_testmdMasterL',10,'general_btn','testmdSlave0_Opr',null,null,'F4','button_secondary',null,null,null,null,null,null,null,0,null ) 
/

insert into SM_APPBUTNREGISTER ( PK_BTN,BTNCODE,BTNNAME,BTNDESC,RESID,APPID,TEMPLETID,ISENABLE,PAGECODE,BTNORDER,BTNTYPE,BTNAREA,PARENT_CODE,ISKEYFUNC,KEYBOARD,BTNCOLOR,PAGEAREACODE,PAGEDIMENSION,DISPLAYAREA,ACTIONAREA,GROUPDIRECTION,DISABLED,VISIBLE,DR,TS ) values  ( '1001A11LCP000007K05Q','testmdSlave0_Opr_CopyLine','复制',null,null,'1001A11LCP000007K02B',null,'Y','10880557L_testmdMasterL',11,'general_btn','testmdSlave0_Opr',null,null,'alt+c','button_secondary',null,null,null,null,null,null,null,0,null ) 
/

insert into SM_APPBUTNREGISTER ( PK_BTN,BTNCODE,BTNNAME,BTNDESC,RESID,APPID,TEMPLETID,ISENABLE,PAGECODE,BTNORDER,BTNTYPE,BTNAREA,PARENT_CODE,ISKEYFUNC,KEYBOARD,BTNCOLOR,PAGEAREACODE,PAGEDIMENSION,DISPLAYAREA,ACTIONAREA,GROUPDIRECTION,DISABLED,VISIBLE,DR,TS ) values  ( '1001A11LCP000007K05R','testmdSlave0_Opr_PastNextLine','粘贴至此',null,null,'1001A11LCP000007K02B',null,'Y','10880557L_testmdMasterL',12,'general_btn','testmdSlave0_Opr',null,null,'Alt+V','button_secondary',null,null,null,null,null,null,null,0,null ) 
/

